episode,scores,steps
0,-10,234
1,-10,415
2,100,531
3,-10,560
4,-10,1060
5,-10,1560
6,100,2050
7,-10,2078
8,-10,2110
9,-10,2136
10,100,2249
11,100,2285
12,-10,2307
13,-10,2324
14,-10,2493
15,100,2631
16,100,2668
17,100,2731
18,-10,2788
19,100,2834
20,-10,2855
21,-10,2885
22,100,3265
23,-10,3384
24,100,3547
25,-10,3580
26,-10,3875
27,-10,3904
28,100,3952
29,-10,4123
30,-10,4222
31,-10,4248
32,-10,4282
33,100,4331
34,-10,4500
35,100,4514
36,-10,4587
37,-10,4634
38,100,4677
39,-10,4814
40,-10,4868
41,-10,4902
42,100,4988
43,-10,5216
44,100,5273
45,100,5293
46,-10,5320
47,100,5376
48,-10,5410
49,-10,5720
50,-10,5847
51,-10,5872
52,100,5981
53,-10,6165
54,-10,6204
55,-10,6236
56,100,6509
57,-10,6561
58,-10,6586
59,-10,6716
60,-10,6783
61,100,6847
62,-10,7046
63,-10,7089
64,100,7127
65,-10,7210
66,-10,7256
67,100,7311
68,100,7332
69,100,7369
70,-10,7686
71,100,8012
72,100,8052
73,-10,8094
74,100,8155
75,-10,8197
76,-10,8355
77,100,8503
78,100,8586
79,-10,8624
80,-10,8675
81,100,8815
82,-10,8919
83,100,9028
84,-10,9191
85,-10,9298
86,100,9303
87,100,9394
88,100,9509
89,-10,9543
90,100,9544
91,-10,9574
92,100,9610
93,-10,9645
94,100,9683
95,100,9797
96,-10,9839
97,100,9868
98,100,9891
99,100,10009
100,-10,10043
101,100,10220
102,100,10300
103,-10,10466
104,-10,10512
105,100,10528
106,100,10603
107,100,11059
108,100,11254
109,-10,11300
110,-10,11632
111,100,11663
112,100,11757
113,100,11864
114,-10,12265
115,100,12485
116,100,12610
117,100,12738
118,100,12745
119,100,12953
120,-10,12992
121,100,13223
122,100,13352
123,100,13353
124,100,13384
125,100,13409
126,-10,13476
127,100,13665
128,-10,13698
129,100,13781
130,100,13786
131,100,13818
132,-10,13859
133,100,13867
134,100,13883
135,100,13890
136,100,13943
137,-10,14326
138,100,14360
139,100,14438
140,100,14533
141,100,14744
142,100,14753
143,-10,14925
144,100,15023
145,100,15044
146,100,15203
147,100,15204
148,100,15350
149,-10,15500
150,100,15521
151,100,15606
152,100,15695
153,100,15771
154,100,15888
155,-10,15924
156,-10,15962
157,100,16382
158,100,16383
159,100,16404
160,100,16444
161,100,16502
162,100,16575
163,100,16753
164,100,16902
165,-10,16936
166,-10,16969
167,100,17102
168,-10,17501
169,100,17617
170,-10,17711
171,-10,17749
172,100,17815
173,100,17937
174,100,17963
175,100,18255
176,100,18263
177,100,18461
178,100,18568
179,100,18624
180,-10,18649
181,100,18677
182,100,18697
183,100,18716
184,100,18820
185,100,18821
186,100,18960
187,100,18970
188,100,18971
189,100,18984
190,100,19010
191,100,19032
192,-10,19064
193,100,19089
194,100,19133
195,100,19138
196,100,19159
197,-10,19188
198,100,19241
199,100,19311
200,100,19375
201,100,19411
202,100,19455
203,100,19473
204,100,19524
205,100,19554
206,100,19761
207,100,19856
208,-10,19893
209,100,20044
210,100,20062
211,100,20089
212,100,20090
213,100,20446
214,100,20479
215,100,20501
216,100,20604
217,100,20830
218,100,20909
219,100,20962
220,100,21013
221,100,21070
222,100,21482
223,100,21509
224,-10,21543
225,100,21548
226,100,21572
227,100,21656
228,100,21657
229,-10,21690
230,100,21786
231,100,21884
232,100,21893
233,-10,21916
234,-10,21957
235,100,21979
236,100,21997
237,100,22041
238,-10,22076
239,-10,22167
240,100,22287
241,-10,22323
242,100,22504
243,100,22823
244,100,22847
245,100,22900
246,100,22967
247,100,23162
248,100,23213
249,100,23347
250,100,23355
251,100,23378
252,100,23404
253,100,23486
254,100,23508
255,100,23534
256,-10,23666
257,100,23844
258,100,23930
259,100,24018
260,100,24060
261,100,24153
262,100,24155
263,100,24189
264,100,24276
265,100,24298
266,-10,24338
267,100,24370
268,100,24389
269,100,24396
270,100,24432
271,100,24818
272,100,24956
273,100,24997
274,-10,25031
275,100,25032
276,100,25112
277,100,25153
278,100,25188
279,100,25218
280,100,25364
281,100,25426
282,100,25787
283,100,25880
284,100,25922
285,100,26028
286,100,26115
287,100,26131
288,100,26132
289,100,26159
290,100,26172
291,100,26211
292,100,26279
293,100,26355
294,100,26370
295,100,26749
296,100,26781
297,100,26867
298,-10,26898
299,100,26921
300,100,26947
301,100,26948
302,100,27085
303,100,27116
304,100,27136
305,100,27163
306,100,27164
307,100,27218
308,100,27262
309,100,27290
310,100,27369
311,100,27489
312,100,27515
313,100,27618
314,-10,27647
315,100,27817
316,100,27885
317,100,27950
318,-10,28075
319,100,28104
320,100,28133
321,100,28141
322,-10,28182
323,-10,28251
324,100,28252
325,100,28268
326,100,28298
327,100,28408
328,100,28742
329,100,28764
330,100,28820
331,100,28869
332,100,28972
333,100,29012
334,100,29013
335,100,29086
336,100,29273
337,100,29454
338,100,29498
339,-10,29613
340,100,29646
341,100,29660
342,100,29879
343,100,29988
344,100,30113
345,-10,30151
346,100,30234
347,100,30262
348,100,30268
349,100,30359
350,100,30537
351,-10,30867
352,-10,30965
353,-10,30992
354,100,31029
355,100,31210
356,-10,31259
357,100,31355
358,100,31484
359,100,31554
360,-10,31786
361,-10,31811
362,100,31854
363,100,31884
364,-10,31907
365,100,32075
366,100,32081
367,100,32082
368,100,32105
369,100,32106
370,100,32112
371,100,32191
372,100,32263
373,-10,32292
374,100,32390
375,100,32476
376,100,32506
377,100,32513
378,-10,32546
379,100,32573
380,100,32600
381,100,32604
382,100,32660
383,100,32766
384,-10,32787
385,100,32835
386,100,32874
387,100,32902
388,-10,32927
389,-10,33107
390,100,33138
391,100,33245
392,100,33361
393,100,33369
394,-10,33398
395,100,33555
396,100,33590
397,100,33626
398,-10,33656
399,100,33661
400,100,33696
401,100,33728
402,100,33761
403,100,33812
404,100,33838
405,100,33864
406,100,33884
407,100,33885
408,-10,33901
409,100,33933
410,100,33936
411,100,33941
412,100,34043
413,100,34065
414,100,34179
415,100,34216
416,100,34303
417,100,34398
418,-10,34437
419,100,34544
420,100,34545
421,-10,34576
422,100,34583
423,-10,34625
424,100,34655
425,100,34698
426,-10,34814
427,100,34826
428,100,34869
429,100,34888
430,100,34892
431,100,34899
432,-10,34920
433,100,34941
434,-10,35043
435,100,35089
436,100,35159
437,-10,35186
438,100,35205
439,-10,35251
440,100,35352
441,100,35437
442,100,35465
443,100,35546
444,100,35547
445,100,35548
446,-10,35568
447,100,35591
448,100,35592
449,100,35621
450,-10,35640
451,100,35731
452,100,35732
453,100,35734
454,100,35823
455,100,35884
456,100,35956
457,100,35978
458,100,36080
459,100,36104
460,100,36109
461,100,36137
462,100,36138
463,100,36139
464,100,36148
465,100,36257
466,-10,36363
467,-10,36393
468,100,36446
469,-10,36467
470,100,36498
471,100,36519
472,100,36594
473,100,36635
474,100,36672
475,100,36713
476,100,36745
477,100,36854
478,100,36880
479,100,36881
480,100,36882
481,-10,36909
482,100,37000
483,100,37099
484,100,37106
485,100,37193
486,100,37300
487,100,37345
488,100,37423
489,100,37494
490,100,37511
491,100,37550
492,100,37552
493,100,37667
494,100,37758
495,100,37783
496,100,37805
497,100,37890
498,100,37923
499,100,37956
500,100,38060
501,100,38172
502,100,38283
503,100,38318
504,100,38361
505,100,38388
506,100,38415
507,100,38446
508,100,38476
509,-10,38575
510,100,38596
511,100,38644
512,100,38718
513,100,38782
514,100,38886
515,100,38920
516,100,38960
517,100,39168
518,100,39206
519,100,39242
520,100,39243
521,100,39291
522,100,39315
523,100,39377
524,100,39386
525,100,39467
526,100,39505
527,100,39515
528,100,39614
529,100,39636
530,100,39645
531,100,39667
532,100,39775
533,100,39822
534,100,39838
535,100,39902
536,100,39935
537,100,39941
538,100,40008
539,100,40033
540,100,40094
541,100,40123
542,100,40151
543,100,40213
544,-10,40235
545,100,40337
546,100,40348
547,100,40450
548,100,40475
549,100,40505
550,100,40529
551,100,40554
552,100,40583
553,100,40616
554,100,40617
555,100,40642
556,100,40680
557,-10,40705
558,100,40739
559,100,40771
560,100,40894
561,100,40922
562,100,40931
563,100,40939
564,100,41034
565,100,41080
566,100,41126
567,100,41153
568,100,41177
569,100,41190
570,100,41219
571,100,41307
572,100,41331
573,-10,41351
574,100,41370
575,100,41435
576,100,41436
577,100,41458
578,100,41483
579,100,41489
580,100,41490
581,100,41531
582,100,41538
583,100,41562
584,100,41615
585,100,41631
586,100,41663
587,100,41694
588,100,41719
589,100,41748
590,100,41755
591,100,41777
592,100,41821
593,100,41945
594,100,41974
595,100,42063
596,100,42167
597,100,42182
598,100,42215
599,100,42251
600,100,42285
601,100,42286
602,100,42311
603,100,42331
604,100,42408
605,100,42463
606,100,42508
607,100,42600
608,100,42638
609,100,42663
610,100,42690
611,100,42694
612,100,42732
613,100,42772
614,100,42834
615,100,42878
616,100,42990
617,-10,43028
618,100,43050
619,100,43074
620,100,43160
621,100,43196
622,100,43250
623,100,43343
624,100,43346
625,100,43398
626,100,43441
627,100,43473
628,100,43509
629,100,43530
630,100,43570
631,100,43687
632,100,43756
633,100,43807
634,100,43843
635,100,43844
636,100,43883
637,100,43962
638,100,44058
639,100,44060
640,100,44110
641,100,44142
642,100,44163
643,100,44247
644,100,44266
645,100,44390
646,100,44397
647,100,44398
648,100,44536
649,100,44616
650,100,44645
651,100,44670
652,100,44671
653,100,44672
654,100,44732
655,100,44773
656,100,44808
657,100,44850
658,100,44869
659,100,44887
660,100,44920
661,100,44948
662,100,44971
663,100,45042
664,100,45124
665,100,45159
666,100,45180
667,100,45207
668,100,45230
669,100,45254
670,100,45291
671,100,45314
672,100,45348
673,-10,45363
674,100,45413
675,100,45475
676,100,45514
677,100,45566
678,100,45588
679,100,45621
680,100,45669
681,100,45702
682,100,45706
683,100,45714
684,100,45725
685,100,45758
686,100,45791
687,100,45827
688,100,45867
689,100,45877
690,100,45944
691,100,45948
692,100,46060
693,100,46090
694,100,46108
695,100,46132
696,-10,46207
697,100,46259
698,100,46288
699,100,46327
700,100,46367
701,100,46395
702,100,46426
703,100,46459
704,100,46574
705,100,46593
706,100,46618
707,100,46733
708,100,46760
709,100,46769
710,100,46814
711,100,46883
712,100,46912
713,100,46919
714,100,46950
715,100,46973
716,100,46998
717,100,47040
718,100,47110
719,100,47135
720,100,47218
721,100,47245
722,100,47249
723,100,47267
724,100,47268
725,100,47387
726,100,47503
727,100,47620
728,100,47645
729,100,47734
730,100,47797
731,100,47833
732,100,47876
733,100,47903
734,-10,47926
735,100,47950
736,100,47959
737,100,48011
738,100,48051
739,100,48097
740,100,48122
741,100,48140
742,100,48141
743,100,48167
744,100,48215
745,100,48238
746,100,48267
747,100,48307
748,100,48403
749,100,48483
750,100,48606
751,100,48648
752,100,48698
753,100,48762
754,100,48795
755,100,48816
756,100,48844
757,100,48876
758,100,48973
759,100,49073
760,100,49109
761,100,49137
762,100,49138
763,100,49180
764,100,49190
765,100,49229
766,100,49280
767,100,49313
768,100,49347
769,100,49385
770,100,49416
771,100,49458
772,100,49557
773,100,49581
774,100,49751
775,100,49775
776,100,49801
777,100,49840
778,100,49895
779,100,49955
780,100,50043
781,100,50147
782,100,50255
783,100,50256
784,-10,50280
785,100,50317
786,100,50346
787,100,50413
788,100,50436
789,100,50475
790,100,50504
791,100,50522
792,100,50549
793,100,50612
794,100,50690
795,100,50716
796,100,50748
797,100,50770
798,100,50832
799,100,50853
800,100,50884
801,100,50910
802,-10,50938
803,100,50967
804,100,51017
805,100,51083
806,100,51112
807,100,51138
808,100,51161
809,-10,51232
810,100,51331
811,100,51332
812,100,51415
813,100,51416
814,100,51437
815,100,51550
816,100,51582
817,100,51592
818,100,51649
819,100,51671
820,100,51742
821,100,51778
822,100,51797
823,100,51834
824,100,51864
825,100,51885
826,100,51886
827,100,51921
828,100,51934
829,100,51978
830,100,52007
831,100,52045
832,100,52074
833,100,52094
834,100,52100
835,100,52168
836,100,52197
837,100,52234
838,100,52255
839,100,52275
840,100,52300
841,-10,52326
842,100,52365
843,-10,52389
844,100,52424
845,-10,52446
846,100,52521
847,100,52536
848,100,52558
849,100,52582
850,100,52583
851,100,52618
852,100,52695
853,100,52720
854,100,52820
855,100,52847
856,100,52885
857,100,52938
858,100,52943
859,100,53039
860,100,53085
861,100,53155
862,100,53198
863,100,53291
864,-10,53325
865,100,53354
866,100,53360
867,100,53402
868,100,53446
869,100,53465
870,100,53528
871,100,53555
872,100,53636
873,100,53662
874,100,53706
875,100,53738
876,100,53765
877,100,53808
878,100,53844
879,100,53870
880,100,53892
881,100,53922
882,100,53975
883,100,54015
884,100,54087
885,100,54121
886,100,54122
887,100,54149
888,100,54256
889,100,54278
890,100,54313
891,100,54345
892,100,54374
893,100,54400
894,100,54440
895,100,54451
896,100,54477
897,100,54482
898,100,54483
899,100,54518
900,-10,54544
901,100,54564
902,100,54597
903,100,54642
904,100,54782
905,100,54812
906,100,54837
907,100,54951
908,100,54977
909,100,55020
910,100,55043
911,100,55067
912,-10,55097
913,100,55150
914,100,55190
915,100,55223
916,100,55232
917,100,55266
918,100,55390
919,100,55438
920,100,55476
921,100,55477
922,100,55589
923,100,55599
924,100,55639
925,100,55664
926,-10,55712
927,100,55739
928,100,55765
929,-10,55791
930,100,55818
931,100,55840
932,100,55866
933,100,55891
934,100,55917
935,-10,55944
936,100,56006
937,100,56050
938,100,56085
939,100,56107
940,100,56108
941,100,56112
942,100,56159
943,100,56165
944,100,56192
945,100,56219
946,100,56299
947,100,56392
948,100,56436
949,100,56438
950,100,56463
951,100,56494
952,100,56668
953,100,56691
954,100,56733
955,100,56784
956,100,56818
957,100,56840
958,100,56918
959,100,56962
960,100,56990
961,100,57010
962,100,57051
963,100,57077
964,100,57090
965,100,57120
966,100,57152
967,100,57196
968,-10,57222
969,-10,57243
970,100,57307
971,100,57337
972,100,57338
973,-10,57364
974,100,57373
975,100,57476
976,100,57501
977,100,57525
978,100,57543
979,100,57655
980,100,57695
981,100,57717
982,100,57742
983,100,57767
984,100,57798
985,100,57864
986,100,57870
987,100,57873
988,100,57902
989,100,58012
990,100,58057
991,100,58084
992,100,58197
993,100,58226
994,100,58258
995,100,58344
996,100,58439
997,100,58466
998,100,58491
999,100,58518
1000,100,58560
1001,100,58596
1002,-10,58655
1003,100,58690
1004,100,58719
1005,100,58778
1006,100,58819
1007,-10,58843
1008,100,58890
1009,100,58946
1010,100,59013
1011,100,59041
1012,-10,59077
1013,100,59085
1014,100,59091
1015,-10,59136
1016,100,59162
1017,100,59191
1018,100,59216
1019,100,59249
1020,100,59351
1021,100,59385
1022,100,59411
1023,100,59521
1024,100,59551
1025,-10,59656
1026,100,59689
1027,100,59713
1028,100,59748
1029,100,59854
1030,100,59881
1031,100,59940
1032,100,59967
1033,100,59968
1034,100,59987
1035,100,60096
1036,100,60133
1037,100,60197
1038,100,60230
1039,100,60267
1040,100,60289
1041,100,60316
1042,100,60326
1043,100,60351
1044,100,60353
1045,100,60391
1046,100,60424
1047,100,60439
1048,100,60474
1049,100,60562
1050,100,60591
1051,100,60677
1052,100,60715
1053,100,60742
1054,100,60852
1055,100,60930
1056,100,60952
1057,100,60977
1058,100,61010
1059,100,61032
1060,100,61113
1061,100,61131
1062,100,61147
1063,-10,61173
1064,100,61177
1065,-10,61202
1066,100,61313
1067,100,61349
1068,100,61354
1069,100,61355
1070,100,61425
1071,100,61433
1072,100,61467
1073,-10,61482
1074,100,61516
1075,100,61582
1076,100,61602
1077,100,61709
1078,100,61820
1079,100,61849
1080,100,61904
1081,-10,61938
1082,100,61944
1083,100,61977
1084,100,62012
1085,100,62019
1086,100,62101
1087,100,62342
1088,100,62343
1089,100,62371
1090,100,62412
1091,100,62448
1092,-10,62477
1093,100,62499
1094,-10,62558
1095,100,62651
1096,100,62684
1097,100,62691
1098,100,62767
1099,100,62773
1100,-10,62790
1101,100,62806
1102,100,62831
1103,100,62866
1104,100,62894
1105,100,62933
1106,100,62936
1107,100,62985
1108,100,63011
1109,100,63037
1110,100,63112
1111,100,63140
1112,100,63178
1113,-10,63299
1114,100,63319
1115,100,63363
1116,100,63406
1117,100,63407
1118,100,63438
1119,100,63539
1120,100,63548
1121,100,63569
1122,100,63611
1123,100,63633
1124,100,63668
1125,100,63750
1126,100,63788
1127,100,63811
1128,-10,63852
1129,100,63942
1130,100,63977
1131,100,64074
1132,100,64103
1133,100,64138
1134,100,64146
1135,100,64223
1136,100,64246
1137,100,64289
1138,100,64352
1139,100,64377
1140,100,64406
1141,100,64513
1142,100,64552
1143,100,64574
1144,100,64575
1145,100,64618
1146,100,64648
1147,100,64674
1148,100,64679
1149,100,64680
1150,100,64706
1151,100,64707
1152,-10,64729
1153,100,64769
1154,100,64866
1155,100,64909
1156,100,64957
1157,100,65025
1158,100,65125
1159,100,65200
1160,100,65226
1161,100,65268
1162,100,65307
1163,100,65376
1164,100,65381
1165,100,65424
1166,100,65449
1167,100,65495
1168,100,65496
1169,100,65534
1170,100,65557
1171,100,65588
1172,100,65624
1173,100,65663
1174,100,65686
1175,100,65717
1176,100,65753
1177,100,65811
1178,100,65918
1179,100,65926
1180,100,65954
1181,100,65994
1182,100,66031
1183,100,66064
1184,100,66153
1185,100,66174
1186,100,66210
1187,100,66231
1188,100,66275
1189,100,66301
1190,100,66329
1191,100,66355
1192,100,66383
1193,100,66417
1194,100,66449
1195,100,66484
1196,100,66485
1197,100,66509
1198,100,66607
1199,100,66638
1200,100,66643
1201,100,66730
1202,100,66772
1203,100,66810
1204,100,66851
1205,100,66880
1206,100,66989
1207,100,67031
1208,100,67058
1209,100,67145
1210,100,67173
1211,100,67196
1212,100,67264
1213,100,67298
1214,100,67338
1215,100,67381
1216,100,67382
1217,100,67385
1218,100,67403
1219,100,67407
1220,100,67453
1221,100,67473
1222,100,67503
1223,100,67535
1224,100,67558
1225,100,67601
1226,100,67626
1227,100,67655
1228,100,67701
1229,100,67725
1230,-10,67806
1231,100,67807
1232,100,67842
1233,100,67880
1234,100,67959
1235,100,67960
1236,100,67988
1237,-10,68058
1238,100,68098
1239,100,68116
1240,100,68117
1241,100,68139
1242,100,68161
1243,-10,68180
1244,100,68208
1245,100,68216
1246,100,68298
1247,100,68333
1248,100,68373
1249,100,68409
1250,100,68453
1251,100,68473
1252,100,68507
1253,100,68534
1254,100,68574
1255,100,68604
1256,100,68647
1257,100,68686
1258,100,68710
1259,100,68734
1260,100,68791
1261,100,68816
1262,100,68856
1263,100,68864
1264,100,68890
1265,100,68891
1266,100,68973
1267,100,69003
1268,100,69091
1269,100,69141
1270,100,69212
1271,100,69270
1272,100,69306
1273,100,69331
1274,100,69357
1275,100,69379
1276,100,69381
1277,100,69549
1278,100,69574
1279,100,69607
1280,100,69640
1281,100,69662
1282,100,69684
1283,100,69701
1284,100,69775
1285,100,69807
1286,100,69840
1287,100,69861
1288,100,69884
1289,100,69913
1290,100,69929
1291,100,69971
1292,100,70005
1293,100,70029
1294,100,70063
1295,100,70087
1296,-10,70139
1297,100,70177
1298,100,70249
1299,100,70277
1300,100,70406
1301,100,70432
1302,100,70464
1303,100,70491
1304,100,70520
1305,100,70545
1306,100,70572
1307,100,70596
1308,100,70625
1309,100,70694
1310,100,70742
1311,100,70764
1312,100,70853
1313,100,70894
1314,100,70941
1315,100,70945
1316,100,70983
1317,100,71010
1318,100,71039
1319,100,71085
1320,100,71134
1321,100,71163
1322,100,71190
1323,100,71215
1324,100,71241
1325,100,71267
1326,100,71332
1327,100,71411
1328,100,71412
1329,100,71517
1330,100,71536
1331,100,71570
1332,-10,71594
1333,100,71615
1334,100,71616
1335,100,71721
1336,100,71749
1337,100,71789
1338,100,71826
1339,100,71827
1340,100,71849
1341,100,71904
1342,100,71920
1343,100,71928
1344,100,71931
1345,100,71981
1346,100,72006
1347,100,72007
1348,100,72063
1349,100,72088
1350,100,72126
1351,100,72152
1352,100,72176
1353,100,72221
1354,100,72244
1355,100,72352
1356,-10,72385
1357,100,72417
1358,100,72442
1359,100,72539
1360,100,72575
1361,100,72665
1362,100,72707
1363,100,72714
1364,100,72747
1365,100,72748
1366,100,72752
1367,100,72770
1368,100,72819
1369,100,72856
1370,100,72910
1371,100,72938
1372,100,72975
1373,100,73002
1374,100,73035
1375,100,73057
1376,100,73099
1377,100,73132
1378,100,73162
1379,100,73169
1380,100,73251
1381,100,73290
1382,100,73325
1383,100,73433
1384,100,73523
1385,100,73547
1386,100,73583
1387,100,73600
1388,100,73628
1389,100,73629
1390,100,73670
1391,100,73698
1392,100,73762
1393,100,73795
1394,100,73835
1395,100,73859
1396,100,73882
1397,100,73901
1398,100,73932
1399,100,73962
1400,100,73987
1401,100,74015
1402,100,74044
1403,100,74067
1404,100,74166
1405,100,74186
1406,100,74250
1407,100,74273
1408,100,74311
1409,100,74348
1410,100,74375
1411,100,74468
1412,100,74508
1413,100,74539
1414,100,74654
1415,100,74683
1416,100,74736
1417,100,74767
1418,100,74810
1419,100,74844
1420,100,74922
1421,100,74943
1422,100,75024
1423,100,75062
1424,100,75104
1425,100,75122
1426,100,75140
1427,100,75178
1428,100,75227
1429,100,75263
1430,100,75300
1431,100,75326
1432,100,75395
1433,100,75429
1434,100,75519
1435,100,75547
1436,100,75574
1437,100,75595
1438,100,75628
1439,100,75679
1440,100,75715
1441,100,75789
1442,100,75833
1443,100,75870
1444,100,75907
1445,100,75940
1446,100,75976
1447,100,76007
1448,100,76039
1449,100,76054
1450,100,76280
1451,100,76313
1452,100,76351
1453,100,76354
1454,100,76399
1455,100,76407
1456,100,76457
1457,100,76477
1458,100,76507
1459,100,76508
1460,100,76579
1461,100,76626
1462,100,76672
1463,100,76687
1464,100,76725
1465,100,76729
1466,100,76750
1467,100,76788
1468,100,76820
1469,100,76856
1470,100,77067
1471,100,77147
1472,100,77180
1473,100,77218
1474,100,77281
1475,100,77319
1476,100,77347
1477,100,77374
1478,100,77379
1479,100,77437
1480,100,77458
1481,100,77543
1482,100,77555
1483,100,77587
1484,100,77626
1485,100,77661
1486,100,77757
1487,100,77859
1488,100,77897
1489,100,77916
1490,100,78003
1491,100,78031
1492,100,78057
1493,100,78083
1494,100,78116
1495,100,78150
1496,100,78178
1497,100,78213
1498,100,78234
1499,100,78334
1500,100,78369
1501,100,78402
1502,100,78446
1503,100,78472
1504,100,78481
1505,100,78513
1506,100,78536
1507,100,78572
1508,100,78600
1509,100,78624
1510,100,78632
1511,100,78666
1512,100,78705
1513,100,78732
1514,100,78762
1515,100,78782
1516,100,78797
1517,100,78828
1518,100,78850
1519,100,78851
1520,100,78893
1521,100,78911
1522,100,78949
1523,100,78974
1524,100,78998
1525,100,79027
1526,100,79044
1527,100,79065
1528,100,79103
1529,100,79139
1530,100,79170
1531,100,79268
1532,100,79311
1533,100,79312
1534,100,79347
1535,100,79373
1536,100,79405
1537,100,79498
1538,100,79527
1539,100,79560
1540,100,79567
1541,100,79604
1542,100,79635
1543,100,79669
1544,100,79697
1545,100,79768
1546,100,79805
1547,100,79886
1548,100,79996
1549,100,80111
1550,100,80142
1551,100,80179
1552,100,80215
1553,100,80245
1554,100,80309
1555,100,80311
1556,100,80337
1557,100,80369
1558,100,80470
1559,100,80511
1560,100,80538
1561,100,80539
1562,100,80568
1563,100,80596
1564,100,80640
1565,100,80673
1566,100,80696
1567,100,80745
1568,100,80766
1569,100,80805
1570,100,80835
1571,100,80864
1572,100,80885
1573,100,80914
1574,100,80947
1575,100,80983
1576,100,80987
1577,100,80988
1578,100,81014
1579,100,81044
1580,100,81052
1581,100,81110
1582,100,81143
1583,100,81152
1584,100,81185
1585,100,81262
1586,100,81289
1587,100,81363
1588,100,81403
1589,100,81513
1590,100,81537
1591,100,81575
1592,100,81594
1593,100,81688
1594,100,81715
1595,100,81784
1596,100,81815
1597,100,81836
1598,100,81873
1599,100,81914
1600,100,82011
1601,100,82034
1602,100,82105
1603,100,82133
1604,100,82136
1605,100,82173
1606,100,82290
1607,100,82301
1608,100,82392
1609,100,82422
1610,100,82443
1611,100,82447
1612,100,82486
1613,100,82546
1614,100,82571
1615,100,82593
1616,100,82626
1617,100,82670
1618,100,82699
1619,100,82720
1620,100,82756
1621,100,82779
1622,100,82787
1623,100,82789
1624,100,82790
1625,100,82791
1626,100,82824
1627,100,82825
1628,100,82863
1629,100,82888
1630,100,82916
1631,100,83004
1632,100,83071
1633,100,83109
1634,100,83116
1635,100,83133
1636,100,83157
1637,100,83253
1638,100,83291
1639,100,83329
1640,100,83355
1641,100,83384
1642,100,83419
1643,100,83537
1644,100,83566
1645,100,83662
1646,100,83693
1647,100,83705
1648,100,83745
1649,100,83767
1650,100,83789
1651,100,83846
1652,100,83881
1653,100,83900
1654,100,83937
1655,100,83963
1656,100,83998
1657,100,84064
1658,100,84089
1659,100,84112
1660,100,84192
1661,100,84230
1662,100,84259
1663,100,84286
1664,100,84311
1665,100,84345
1666,100,84382
1667,100,84405
1668,100,84427
1669,100,84461
1670,100,84500
1671,100,84534
1672,100,84573
1673,100,84594
1674,100,84602
1675,100,84633
1676,100,84646
1677,100,84680
1678,100,84722
1679,100,84745
1680,100,84772
1681,100,84888
1682,100,84911
1683,100,84938
1684,100,84985
1685,100,85205
1686,100,85215
1687,100,85252
1688,100,85253
1689,100,85287
1690,100,85288
1691,100,85390
1692,100,85428
1693,100,85450
1694,100,85484
1695,100,85494
1696,100,85530
1697,100,85546
1698,100,85547
1699,100,85565
1700,100,85639
1701,100,85663
1702,100,85700
1703,100,85786
1704,100,85793
1705,100,85824
1706,100,85846
1707,100,85853
1708,-10,85875
1709,100,85912
1710,100,85935
1711,100,85956
1712,100,86064
1713,100,86096
1714,100,86139
1715,100,86177
1716,100,86200
1717,100,86234
1718,100,86241
1719,100,86286
1720,100,86325
1721,100,86363
1722,100,86474
1723,100,86477
1724,100,86509
1725,100,86516
1726,100,86558
1727,100,86582
1728,100,86616
1729,100,86654
1730,100,86702
1731,100,86707
1732,100,86744
1733,100,86755
1734,100,86805
1735,100,86829
1736,100,86916
1737,100,87006
1738,100,87035
1739,100,87068
1740,100,87097
1741,100,87118
1742,100,87150
1743,100,87151
1744,100,87154
1745,100,87196
1746,100,87220
1747,100,87250
1748,100,87283
1749,100,87284
1750,100,87317
1751,100,87351
1752,100,87392
1753,100,87403
1754,100,87410
1755,100,87439
1756,100,87518
1757,100,87540
1758,100,87552
1759,100,87665
1760,100,87689
1761,100,87714
1762,100,87721
1763,100,87737
1764,100,87771
1765,100,87829
1766,100,87894
1767,100,87935
1768,100,87968
1769,100,87981
1770,100,88018
1771,100,88042
1772,100,88062
1773,100,88098
1774,100,88123
1775,100,88145
1776,100,88179
1777,100,88206
1778,100,88227
1779,100,88268
1780,100,88311
1781,100,88351
1782,100,88398
1783,100,88432
1784,100,88454
1785,100,88489
1786,100,88511
1787,100,88518
1788,100,88543
1789,100,88582
1790,100,88679
1791,100,88680
1792,100,88691
1793,100,88716
1794,100,88728
1795,100,88760
1796,100,88787
1797,100,88812
1798,100,88889
1799,100,88927
1800,100,88972
1801,100,89008
1802,100,89009
1803,100,89063
1804,100,89087
1805,100,89109
1806,100,89133
1807,100,89178
1808,100,89201
1809,100,89266
1810,100,89292
1811,100,89364
1812,100,89408
1813,100,89435
1814,100,89440
1815,100,89480
1816,100,89517
1817,100,89534
1818,100,89574
1819,100,89657
1820,100,89687
1821,100,89729
1822,100,89821
1823,100,89825
1824,100,89856
1825,100,89888
1826,100,89925
1827,100,89962
1828,100,89989
1829,100,90019
1830,100,90055
1831,100,90082
1832,100,90140
1833,100,90142
1834,100,90148
1835,100,90170
1836,100,90208
1837,100,90231
1838,100,90232
1839,100,90270
1840,100,90293
1841,100,90307
1842,100,90330
1843,100,90354
1844,100,90383
1845,100,90467
1846,100,90492
1847,100,90525
1848,100,90544
1849,100,90583
1850,100,90607
1851,100,90683
1852,100,90718
1853,100,90790
1854,100,90826
1855,100,90937
1856,100,90961
1857,100,90971
1858,100,91067
1859,100,91103
1860,100,91227
1861,100,91251
1862,100,91274
1863,100,91325
1864,100,91395
1865,100,91420
1866,100,91426
1867,100,91464
1868,100,91551
1869,-10,91580
1870,100,91600
1871,100,91634
1872,100,91659
1873,100,91660
1874,100,91702
1875,100,91709
1876,100,91733
1877,100,91770
1878,100,91792
1879,100,91873
1880,100,91903
1881,100,91936
1882,100,91982
1883,100,92008
1884,100,92100
1885,100,92125
1886,100,92153
1887,100,92188
1888,100,92289
1889,100,92323
1890,100,92370
1891,100,92371
1892,100,92372
1893,100,92398
1894,100,92434
1895,100,92467
1896,100,92553
1897,100,92584
1898,100,92623
1899,100,92646
1900,100,92680
1901,100,92681
1902,100,92709
1903,100,92737
1904,100,92771
1905,100,92856
1906,100,92875
1907,100,92906
1908,100,92923
1909,100,92952
1910,100,93038
1911,100,93061
1912,100,93095
1913,100,93148
1914,100,93179
1915,100,93215
1916,100,93234
1917,100,93269
1918,100,93327
1919,100,93380
1920,100,93403
1921,100,93425
1922,100,93498
1923,100,93520
1924,100,93529
1925,100,93570
1926,100,93608
1927,100,93609
1928,100,93619
1929,100,93624
1930,100,93671
1931,100,93699
1932,100,93739
1933,100,93777
1934,100,93814
1935,100,93838
1936,100,93874
1937,100,93949
1938,100,93986
1939,100,94019
1940,100,94060
1941,100,94062
1942,100,94112
1943,100,94139
1944,100,94190
1945,100,94244
1946,100,94271
1947,100,94293
1948,100,94330
1949,100,94400
1950,100,94401
1951,100,94435
1952,100,94462
1953,100,94501
1954,100,94504
1955,100,94530
1956,100,94571
1957,100,94572
1958,100,94663
1959,100,94686
1960,100,94705
1961,100,94738
1962,100,94769
1963,100,94793
1964,100,94797
1965,100,94825
1966,100,94849
1967,100,94874
1968,100,94910
1969,100,94931
1970,100,94960
1971,100,94996
1972,100,95017
1973,100,95047
1974,100,95072
1975,100,95106
1976,100,95150
1977,100,95197
1978,100,95234
1979,100,95255
1980,100,95297
1981,100,95339
1982,100,95364
1983,100,95388
1984,100,95430
1985,100,95446
1986,100,95483
1987,100,95499
1988,100,95530
1989,100,95578
1990,100,95602
1991,100,95626
1992,100,95658
1993,100,95684
1994,100,95721
1995,100,95759
1996,100,95768
1997,100,95846
1998,100,95884
1999,100,95913
2000,-10,96024
2001,100,96254
2002,100,96387
2003,100,96397
2004,100,96486
2005,100,96604
2006,-10,96733
2007,100,96818
2008,100,96841
2009,-10,96893
2010,100,96901
2011,100,96902
2012,100,97083
2013,-10,97385
2014,100,97495
2015,-10,97694
2016,100,97728
2017,100,97769
2018,100,97783
2019,100,97967
2020,100,98068
2021,100,98125
2022,-10,98190
2023,100,98395
2024,-10,98456
2025,100,98475
2026,100,98631
2027,100,98859
2028,100,99067
2029,-10,99128
2030,100,99165
2031,100,99184
2032,-10,99246
2033,100,99259
2034,-10,99376
2035,-10,99429
2036,100,99616
2037,100,99703
2038,100,99779
2039,100,99991
2040,100,100008
2041,100,100068
2042,100,100111
2043,100,100162
2044,-10,100224
2045,-10,100364
2046,100,100574
2047,100,100696
2048,100,100776
2049,100,100810
2050,100,100836
2051,100,100849
2052,100,100884
2053,-10,100938
2054,100,100962
2055,100,101233
2056,-10,101361
2057,-10,101420
2058,100,101575
2059,100,101600
2060,100,101751
2061,100,101752
2062,100,101790
2063,100,101803
2064,-10,101858
2065,100,101973
2066,100,102086
2067,100,102228
2068,-10,102300
2069,100,102387
2070,-10,102515
2071,100,102516
2072,-10,102640
2073,100,102713
2074,100,102798
2075,100,102827
2076,-10,102967
2077,100,103073
2078,100,103212
2079,-10,103332
2080,100,103550
2081,100,103624
2082,100,103631
2083,-10,103761
2084,100,103780
2085,100,103819
2086,100,103929
2087,-10,104046
2088,100,104122
2089,-10,104240
2090,-10,104384
2091,100,104511
2092,-10,104653
2093,100,104792
2094,-10,104916
2095,100,105057
2096,100,105128
2097,100,105211
2098,-10,105327
2099,-10,105455
2100,100,105472
2101,100,105486
2102,-10,105631
2103,100,105666
2104,100,105754
2105,100,105788
2106,100,105820
2107,100,105826
2108,-10,105880
2109,100,105922
2110,-10,106061
2111,-10,106187
2112,100,106258
2113,100,106274
2114,-10,106409
2115,-10,106468
2116,100,106503
2117,-10,106622
2118,100,106769
2119,-10,106839
2120,100,106969
2121,-10,107035
2122,100,107163
2123,-10,107282
2124,100,107299
2125,100,107307
2126,100,107321
2127,100,107359
2128,100,107504
2129,-10,107647
2130,100,107648
2131,100,107673
2132,100,107758
2133,100,107815
2134,100,107912
2135,100,108005
2136,-10,108135
2137,-10,108272
2138,100,108376
2139,100,108429
2140,100,108481
2141,100,108558
2142,100,108613
2143,-10,108751
2144,100,108795
2145,-10,108908
2146,100,108950
2147,100,108989
2148,100,109132
2149,-10,109263
2150,-10,109388
2151,100,109389
2152,-10,109526
2153,-10,109594
2154,100,109607
2155,-10,109733
2156,100,109765
2157,100,109786
2158,-10,109849
2159,100,110055
2160,100,110056
2161,-10,110179
2162,-10,110298
2163,100,110321
2164,100,110354
2165,100,110387
2166,100,110393
2167,-10,110466
2168,100,110620
2169,-10,110698
2170,100,110729
2171,100,110769
2172,100,110846
2173,-10,110969
2174,-10,111090
2175,-10,111228
2176,100,111241
2177,100,111300
2178,100,111426
2179,-10,111546
2180,100,111555
2181,100,111591
2182,-10,111710
2183,100,111765
2184,100,111766
2185,100,111792
2186,-10,111905
2187,100,111961
2188,100,112042
2189,100,112061
2190,100,112206
2191,-10,112325
2192,100,112332
2193,100,112477
2194,-10,112611
2195,-10,112748
2196,100,112786
2197,100,112934
2198,100,112957
2199,100,112996
2200,100,113011
2201,100,113061
2202,100,113110
2203,-10,113236
2204,100,113312
2205,100,113349
2206,-10,113552
2207,100,113688
2208,-10,113823
2209,100,113949
2210,100,114074
2211,100,114164
2212,100,114242
2213,100,114302
2214,100,114442
2215,100,114475
2216,100,114600
2217,-10,114725
2218,100,114858
2219,100,114882
2220,100,114958
2221,100,115100
2222,100,115211
2223,100,115358
2224,100,115442
2225,-10,115565
2226,100,115617
2227,100,115770
2228,100,115843
2229,100,115950
2230,100,116039
2231,100,116118
2232,100,116256
2233,100,116346
2234,100,116478
2235,100,116563
2236,100,116643
2237,-10,116827
2238,100,116904
2239,100,116915
2240,100,117044
2241,-10,117176
2242,100,117301
2243,-10,117420
2244,100,117443
2245,100,117506
2246,100,117521
2247,100,117632
2248,100,117649
2249,100,117775
2250,100,117783
2251,-10,117925
2252,100,118058
2253,100,118091
2254,100,118117
2255,-10,118236
2256,100,118318
2257,100,118402
2258,100,118451
2259,100,118597
2260,100,118598
2261,100,118678
2262,100,118736
2263,100,118744
2264,100,118757
2265,100,118810
2266,100,118894
2267,100,118994
2268,100,119098
2269,-10,119231
2270,-10,119379
2271,-10,119502
2272,100,119528
2273,100,119541
2274,100,119621
2275,100,119698
2276,100,119752
2277,-10,119816
2278,100,119874
2279,-10,119997
2280,100,120005
2281,100,120041
2282,100,120133
2283,-10,120222
2284,100,120276
2285,100,120415
2286,100,120559
2287,100,120691
2288,100,120796
2289,-10,120912
2290,100,120943
2291,100,121084
2292,100,121161
2293,100,121300
2294,100,121338
2295,100,121344
2296,100,121383
2297,100,121522
2298,100,121557
2299,100,121586
2300,100,121643
2301,100,121685
2302,100,121741
2303,100,121784
2304,100,121871
2305,100,121906
2306,100,121967
2307,100,121999
2308,100,122094
2309,100,122150
2310,100,122247
2311,100,122373
2312,-10,122495
2313,100,122587
2314,100,122606
2315,100,122686
2316,100,122768
2317,100,122821
2318,100,122829
2319,100,122836
2320,-10,122958
2321,100,123088
2322,100,123112
2323,100,123127
2324,100,123155
2325,100,123282
2326,100,123322
2327,100,123357
2328,100,123497
2329,-10,123615
2330,100,123755
2331,100,123914
2332,100,124050
2333,100,124186
2334,100,124222
2335,100,124307
2336,100,124438
2337,100,124566
2338,100,124580
2339,100,124736
2340,100,124812
2341,100,124962
2342,100,125023
2343,100,125042
2344,-10,125160
2345,100,125259
2346,100,125294
2347,100,125442
2348,100,125511
2349,100,125616
2350,100,125753
2351,100,125905
2352,100,125942
2353,100,126083
2354,-10,126196
2355,100,126341
2356,100,126373
2357,100,126380
2358,100,126396
2359,100,126543
2360,100,126667
2361,100,126754
2362,100,126767
2363,100,126905
2364,100,127040
2365,-10,127132
2366,100,127147
2367,100,127170
2368,100,127191
2369,100,127198
2370,100,127232
2371,-10,127370
2372,100,127501
2373,100,127589
2374,100,127693
2375,-10,127802
2376,100,127948
2377,100,127977
2378,100,128054
2379,100,128187
2380,100,128329
2381,100,128403
2382,100,128456
2383,100,128545
2384,100,128677
2385,100,128818
2386,100,128966
2387,-10,129083
2388,100,129217
2389,100,129356
2390,100,129472
2391,100,129506
2392,100,129611
2393,100,129625
2394,100,129643
2395,-10,129752
2396,100,129899
2397,100,129929
2398,100,130071
2399,100,130150
2400,100,130264
2401,100,130400
2402,100,130524
2403,100,130619
2404,100,130924
2405,100,130929
2406,100,130985
2407,100,131072
2408,100,131156
2409,100,131196
2410,100,131288
2411,100,131371
2412,100,131426
2413,100,131557
2414,100,131663
2415,100,131695
2416,100,131827
2417,100,131864
2418,100,131966
2419,100,132052
2420,100,132087
2421,100,132181
2422,100,132305
2423,100,132384
2424,100,132405
2425,100,132539
2426,100,132653
2427,100,132787
2428,100,132885
2429,100,132920
2430,100,132921
2431,100,133057
2432,100,133191
2433,100,133226
2434,100,133326
2435,100,133405
2436,100,133534
2437,100,133616
2438,100,133699
2439,100,133851
2440,100,133883
2441,100,134013
2442,100,134047
2443,100,134187
2444,100,134273
2445,100,134288
2446,100,134434
2447,100,134473
2448,100,134504
2449,100,134586
2450,100,134661
2451,100,134797
2452,100,134882
2453,100,134883
2454,100,134960
2455,100,135095
2456,100,135131
2457,100,135227
2458,100,135299
2459,-10,135406
2460,-10,135518
2461,100,135666
2462,100,135812
2463,100,135886
2464,100,135967
2465,-10,136072
2466,100,136099
2467,100,136204
2468,100,136294
2469,-10,136403
2470,100,136439
2471,100,136448
2472,100,136588
2473,100,136622
2474,100,136758
2475,100,136895
2476,100,136896
2477,100,136897
2478,100,137047
2479,100,137199
2480,100,137504
2481,100,137590
2482,-10,137710
2483,100,137815
2484,100,137824
2485,100,137967
2486,100,138092
2487,100,138112
2488,100,138149
2489,100,138269
2490,100,138326
2491,100,138476
2492,100,138611
2493,100,138682
2494,100,138810
2495,100,138811
2496,100,138908
2497,100,138938
2498,100,139078
2499,100,139079
2500,100,139155
2501,100,139260
2502,100,139379
2503,100,139380
2504,100,139516
2505,100,139652
2506,100,139799
2507,100,139835
2508,100,139888
2509,100,139940
2510,100,140072
2511,100,140168
2512,100,140225
2513,100,140383
2514,100,140487
2515,100,140488
2516,100,140560
2517,100,140576
2518,100,140663
2519,100,140802
2520,100,140803
2521,100,140952
2522,100,141037
2523,100,141162
2524,-10,141662
2525,100,141698
2526,100,141852
2527,100,141887
2528,100,142032
2529,100,142181
2530,100,142305
2531,100,142409
2532,100,142550
2533,100,142683
2534,100,142716
2535,100,142745
2536,100,142843
2537,100,142880
2538,100,142945
2539,100,142950
2540,100,143035
2541,100,143069
2542,100,143082
2543,100,143117
2544,100,143182
2545,100,143219
2546,100,143355
2547,100,143500
2548,100,143579
2549,100,143672
2550,100,143727
2551,100,143872
2552,100,144019
2553,100,144052
2554,100,144076
2555,100,144389
2556,100,144532
2557,100,144684
2558,100,144702
2559,100,144752
2560,100,144830
2561,100,144913
2562,100,145054
2563,100,145147
2564,100,145199
2565,100,145200
2566,100,145343
2567,100,145419
2568,100,145475
2569,100,145528
2570,100,145567
2571,100,145651
2572,100,145780
2573,100,145781
2574,100,145871
2575,100,145964
2576,100,146111
2577,100,146192
2578,100,146341
2579,100,146369
2580,100,146409
2581,100,146415
2582,-10,146526
2583,100,146559
2584,100,146727
2585,100,146757
2586,100,146885
2587,100,147011
2588,100,147044
2589,100,147193
2590,100,147273
2591,100,147412
2592,100,147531
2593,100,147627
2594,100,147641
2595,-10,147759
2596,100,147899
2597,100,148039
2598,100,148183
2599,100,148307
2600,100,148308
2601,100,148344
2602,100,148345
2603,100,148491
2604,100,148596
2605,100,148747
2606,100,148748
2607,100,148749
2608,100,148886
2609,100,148971
2610,-10,149070
2611,100,149207
2612,100,149348
2613,100,149400
2614,100,149484
2615,100,149540
2616,100,149653
2617,100,149728
2618,-10,149840
2619,100,149950
2620,100,150028
2621,100,150130
2622,100,150216
2623,100,150243
2624,100,150265
2625,100,150415
2626,100,150493
2627,-10,150593
2628,100,150626
2629,100,150721
2630,100,150887
2631,100,150967
2632,100,151114
2633,100,151251
2634,100,151275
2635,100,151289
2636,100,151432
2637,-10,151559
2638,100,151710
2639,100,151792
2640,100,151816
2641,-10,151915
2642,100,152026
2643,100,152108
2644,100,152185
2645,100,152315
2646,100,152363
2647,100,152442
2648,100,152465
2649,100,152609
2650,-10,152708
2651,100,152746
2652,100,152862
2653,100,153007
2654,100,153120
2655,100,153267
2656,100,153320
2657,100,153462
2658,100,153476
2659,100,153517
2660,100,153518
2661,100,153670
2662,100,153758
2663,100,153894
2664,100,153953
2665,100,154032
2666,100,154085
2667,100,154193
2668,100,154194
2669,100,154248
2670,100,154397
2671,-10,154518
2672,100,154635
2673,100,154785
2674,100,154858
2675,100,154871
2676,100,154880
2677,100,154951
2678,100,155030
2679,100,155031
2680,100,155060
2681,100,155206
2682,100,155330
2683,100,155415
2684,100,155524
2685,100,155559
2686,100,155590
2687,100,155640
2688,100,155778
2689,100,155872
2690,100,155964
2691,100,156053
2692,100,156054
2693,100,156180
2694,100,156312
2695,100,156433
2696,100,156514
2697,100,156527
2698,100,156662
2699,100,156791
2700,100,156826
2701,100,156925
2702,100,156950
2703,100,157047
2704,100,157086
2705,100,157236
2706,100,157265
2707,100,157414
2708,100,157497
2709,100,157575
2710,100,157657
2711,100,157750
2712,100,157766
2713,100,157891
2714,100,157925
2715,100,157949
2716,100,158009
2717,100,158065
2718,100,158164
2719,100,158186
2720,100,158324
2721,100,158352
2722,100,158446
2723,100,158553
2724,100,158640
2725,100,158715
2726,100,158841
2727,100,158976
2728,-10,159083
2729,100,159207
2730,100,159222
2731,100,159307
2732,100,159344
2733,100,159436
2734,100,159486
2735,100,159569
2736,-10,159673
2737,100,159773
2738,100,159806
2739,100,159898
2740,-10,160008
2741,100,160156
2742,100,160207
2743,100,160359
2744,100,160493
2745,100,160638
2746,100,160677
2747,100,160762
2748,100,160847
2749,100,160930
2750,100,161083
2751,100,161163
2752,100,161189
2753,100,161266
2754,-10,161366
2755,100,161379
2756,100,161430
2757,100,161580
2758,-10,161692
2759,100,161800
2760,100,161852
2761,100,161890
2762,100,161923
2763,100,161959
2764,100,162087
2765,100,162121
2766,-10,162232
2767,100,162319
2768,100,162453
2769,100,162462
2770,100,162493
2771,100,162625
2772,100,162773
2773,100,162780
2774,100,162859
2775,100,163016
2776,100,163172
2777,100,163173
2778,100,163209
2779,100,163250
2780,100,163284
2781,100,163433
2782,100,163573
2783,100,163649
2784,100,163724
2785,100,163872
2786,100,163873
2787,100,163956
2788,100,163989
2789,-10,164101
2790,100,164139
2791,100,164181
2792,100,164188
2793,100,164226
2794,100,164315
2795,100,164371
2796,100,164372
2797,100,164485
2798,100,164588
2799,100,164613
2800,100,164758
2801,100,164838
2802,100,164918
2803,100,165061
2804,100,165142
2805,100,165284
2806,100,165367
2807,100,165415
2808,100,165445
2809,100,165478
2810,100,165612
2811,100,165693
2812,100,165712
2813,-10,165810
2814,100,165823
2815,100,165963
2816,100,166063
2817,-10,166170
2818,-10,166268
2819,100,166321
2820,100,166376
2821,100,166524
2822,100,166663
2823,100,166712
2824,100,166719
2825,100,166858
2826,100,166958
2827,-10,167064
2828,100,167065
2829,100,167104
2830,100,167146
2831,-10,167260
2832,100,167261
2833,100,167366
2834,100,167378
2835,100,167512
2836,100,167591
2837,100,167679
2838,100,167770
2839,100,167906
2840,100,167961
2841,100,168059
2842,100,168193
2843,100,168273
2844,100,168274
2845,-10,168372
2846,100,168526
2847,100,168607
2848,100,168728
2849,100,168767
2850,100,168803
2851,100,168828
2852,100,168841
2853,100,168980
2854,-10,169163
2855,100,169197
2856,100,169298
2857,100,169380
2858,100,169418
2859,100,169550
2860,100,169566
2861,100,169677
2862,100,169824
2863,100,169910
2864,100,170062
2865,100,170074
2866,100,170210
2867,100,170245
2868,100,170376
2869,100,170534
2870,100,170669
2871,100,170822
2872,100,170985
2873,100,171026
2874,100,171153
2875,100,171229
2876,100,171265
2877,100,171346
2878,100,171484
2879,100,171518
2880,100,171675
2881,100,171812
2882,100,171864
2883,100,172009
2884,100,172105
2885,100,172238
2886,100,172319
2887,100,172403
2888,100,172482
2889,100,172631
2890,-10,172741
2891,100,172856
2892,100,172882
2893,-10,172985
2894,100,172986
2895,100,173124
2896,100,173268
2897,100,173298
2898,100,173430
2899,100,173451
2900,100,173591
2901,100,173631
2902,100,174047
2903,-10,174149
2904,100,174281
2905,100,174337
2906,100,174433
2907,100,174473
2908,100,174525
2909,100,174536
2910,100,174679
2911,100,174769
2912,100,174912
2913,100,174949
2914,100,175094
2915,100,175104
2916,100,175235
2917,-10,175345
2918,100,175491
2919,100,175592
2920,100,175734
2921,100,175807
2922,100,175973
2923,100,176086
2924,100,176087
2925,100,176185
2926,100,176257
2927,100,176336
2928,100,176480
2929,100,176488
2930,100,176539
2931,100,176573
2932,100,176663
2933,100,176755
2934,100,176889
2935,100,176924
2936,100,176958
2937,100,176991
2938,100,177077
2939,100,177205
2940,100,177242
2941,100,177331
2942,100,177362
2943,100,177497
2944,100,177498
2945,100,177592
2946,100,177740
2947,100,177747
2948,100,177889
2949,100,178034
2950,100,178172
2951,100,178188
2952,100,178318
2953,100,178394
2954,100,178429
2955,-10,178546
2956,100,178610
2957,100,178752
2958,100,178771
2959,100,178822
2960,100,178845
2961,100,178879
2962,100,178880
2963,100,179014
2964,100,179094
2965,100,179147
2966,100,179286
2967,100,179368
2968,100,179369
2969,100,179409
2970,-10,179821
2971,100,179959
2972,100,179988
2973,100,180104
2974,100,180185
2975,-10,180359
2976,100,180482
2977,100,180496
2978,100,180534
2979,100,180608
2980,100,180756
2981,100,180839
2982,100,180984
2983,100,181020
2984,100,181060
2985,100,181114
2986,100,181206
2987,100,181284
2988,100,181338
2989,100,181372
2990,100,181524
2991,100,181606
2992,100,181686
2993,100,181720
2994,100,181771
2995,100,181915
2996,100,182079
2997,100,182111
2998,100,182143
2999,100,182282
3000,100,182290
3001,100,182342
3002,100,182467
3003,100,182468
3004,100,182613
3005,-10,182691
3006,100,182724
3007,100,182855
3008,100,182970
3009,100,183005
3010,100,183089
3011,100,183111
3012,100,183112
3013,100,183251
3014,-10,183368
3015,100,183376
3016,100,183498
3017,100,183512
3018,100,183518
3019,100,183634
3020,100,183717
3021,100,183854
3022,100,183934
3023,100,184065
3024,100,184197
3025,100,184353
3026,100,184500
3027,100,184666
3028,100,184673
3029,100,184813
3030,100,184954
3031,100,185103
3032,100,185231
3033,-10,185349
3034,100,185448
3035,100,185580
3036,100,185693
3037,100,185737
3038,-10,185848
3039,100,185962
3040,-10,186073
3041,100,186074
3042,100,186177
3043,100,186264
3044,100,186299
3045,100,186452
3046,100,186588
3047,100,186653
3048,100,186781
3049,100,186920
3050,100,186957
3051,100,187105
3052,100,187125
3053,100,187255
3054,100,187296
3055,100,187374
3056,-10,187734
3057,100,187853
3058,100,187975
3059,100,188122
3060,100,188152
3061,100,188190
3062,100,188227
3063,100,188300
3064,100,188436
3065,100,188462
3066,100,188609
3067,100,188706
3068,100,188786
3069,100,188807
3070,100,188888
3071,100,188944
3072,100,188977
3073,100,189016
3074,-10,189104
3075,100,189129
3076,100,189145
3077,100,189221
3078,100,189234
3079,100,189320
3080,100,189400
3081,100,189540
3082,100,189675
3083,100,189816
3084,100,189965
3085,100,190100
3086,100,190207
3087,100,190289
3088,100,190326
3089,100,190439
3090,100,190883
3091,100,190988
3092,100,191072
3093,100,191148
3094,-10,191258
3095,100,191390
3096,100,191451
3097,100,191513
3098,100,191600
3099,100,191674
3100,100,191765
3101,100,191816
3102,100,191943
3103,100,192097
3104,100,192240
3105,100,192280
3106,100,192319
3107,100,192370
3108,100,192410
3109,100,192511
3110,100,192585
3111,100,192727
3112,100,192868
3113,100,192997
3114,100,193075
3115,100,193090
3116,100,193106
3117,100,193248
3118,100,193336
3119,100,193417
3120,100,193549
3121,100,193550
3122,100,193636
3123,100,193675
3124,100,193709
3125,100,193779
3126,100,193919
3127,100,194077
3128,100,194126
3129,100,194146
3130,100,194184
3131,100,194205
3132,100,194351
3133,-10,194472
3134,100,194551
3135,100,194671
3136,100,194783
3137,100,194812
3138,100,194888
3139,100,194917
3140,100,194938
3141,100,195003
3142,100,195036
3143,100,195037
3144,100,195069
3145,100,195219
3146,100,195239
3147,100,195240
3148,100,195259
3149,100,195260
3150,100,195393
3151,100,195432
3152,100,195512
3153,100,195659
3154,100,195696
3155,100,195783
3156,100,195922
3157,100,196061
3158,100,196162
3159,100,196322
3160,100,196460
3161,100,196472
3162,100,196529
3163,100,196635
3164,100,196675
3165,100,196683
3166,100,196720
3167,100,196860
3168,100,196996
3169,100,197014
3170,100,197165
3171,100,197299
3172,100,197432
3173,100,197483
3174,100,197535
3175,100,197656
3176,100,197735
3177,100,197805
3178,100,197954
3179,100,198058
3180,100,198157
3181,100,198262
3182,100,198307
3183,100,198440
3184,100,198577
3185,100,198617
3186,100,198658
3187,100,198805
3188,100,198947
3189,100,199025
3190,100,199080
3191,100,199225
3192,100,199363
3193,100,199487
3194,-10,199603
3195,100,199613
3196,100,199711
3197,100,199725
3198,100,199819
3199,100,199969
3200,100,200120
3201,100,200157
3202,100,200302
3203,100,200457
3204,100,200458
3205,100,200591
3206,100,200627
3207,100,200775
3208,100,200920
3209,100,200954
3210,100,201095
3211,100,201157
3212,100,201212
3213,100,201258
3214,100,201342
3215,100,201363
3216,100,201479
3217,100,201578
3218,100,201587
3219,100,201721
3220,100,201772
3221,100,201849
3222,100,201856
3223,100,201969
3224,100,202078
3225,-10,202176
3226,-10,202297
3227,100,202329
3228,-10,202410
3229,-10,202527
3230,100,202661
3231,100,202662
3232,100,202688
3233,-10,202791
3234,100,202868
3235,100,203006
3236,-10,203107
3237,100,203239
3238,100,203320
3239,100,203393
3240,100,203528
3241,100,203668
3242,100,203769
3243,100,203907
3244,100,203949
3245,100,204035
3246,100,204088
3247,100,204121
3248,100,204129
3249,-10,204240
3250,100,204339
3251,100,204358
3252,100,204394
3253,100,204428
3254,100,204475
3255,100,204562
3256,100,204600
3257,100,204640
3258,100,204697
3259,100,204838
3260,100,204931
3261,100,204963
3262,100,205046
3263,100,205131
3264,100,205217
3265,100,205239
3266,100,205334
3267,100,205347
3268,100,205423
3269,100,205500
3270,100,205582
3271,100,205714
3272,100,205855
3273,100,205879
3274,100,206024
3275,100,206059
3276,100,206094
3277,100,206236
3278,100,206271
3279,100,206309
3280,100,206454
3281,100,206598
3282,100,206617
3283,100,206696
3284,100,206824
3285,100,206953
3286,100,207101
3287,100,207140
3288,100,207234
3289,100,207244
3290,100,207256
3291,100,207265
3292,100,207286
3293,100,207437
3294,100,207584
3295,100,207590
3296,100,207730
3297,100,207763
3298,100,207842
3299,100,208004
3300,100,208045
3301,100,208130
3302,100,208167
3303,100,208252
3304,100,208269
3305,100,208416
3306,100,208495
3307,100,208535
3308,100,208661
3309,100,208662
3310,100,208694
3311,100,208747
3312,100,208891
3313,100,208899
3314,100,208984
3315,100,208991
3316,100,209021
3317,100,209030
3318,-10,209133
3319,100,209166
3320,100,209255
3321,100,209285
3322,100,209367
3323,100,209402
3324,100,209403
3325,100,209551
3326,100,209604
3327,100,209754
3328,100,209893
3329,100,209905
3330,100,209985
3331,100,210084
3332,100,210229
3333,100,210261
3334,100,210402
3335,100,210552
3336,100,210606
3337,100,210753
3338,100,210787
3339,100,210928
3340,100,211063
3341,100,211196
3342,100,211210
3343,100,211237
3344,100,211274
3345,100,211332
3346,100,211475
3347,100,211557
3348,100,211656
3349,100,211791
3350,100,211934
3351,100,211972
3352,100,212102
3353,100,212137
3354,-10,212287
3355,100,212295
3356,-10,212405
3357,-10,212555
3358,100,212556
3359,100,212644
3360,100,212700
3361,100,212837
3362,100,212918
3363,100,212997
3364,100,213041
3365,100,213042
3366,100,213115
3367,100,213271
3368,100,213361
3369,100,213382
3370,100,213527
3371,100,213601
3372,100,213651
3373,100,213751
3374,100,213849
3375,100,214000
3376,100,214009
3377,100,214108
3378,100,214165
3379,100,214202
3380,100,214349
3381,100,214487
3382,100,214497
3383,100,214640
3384,100,214685
3385,100,214686
3386,100,214694
3387,100,214751
3388,100,214866
3389,100,214930
3390,100,215064
3391,100,215167
3392,100,215281
3393,100,215356
3394,100,215490
3395,-10,215588
3396,100,215730
3397,100,215874
3398,100,215969
3399,100,216001
3400,100,216002
3401,100,216092
3402,100,216232
3403,100,216365
3404,100,216373
3405,100,216452
3406,100,216487
3407,100,216519
3408,100,216616
3409,100,216706
3410,100,216722
3411,100,216733
3412,100,216873
3413,100,216981
3414,100,217105
3415,100,217125
3416,100,217220
3417,100,217221
3418,100,217361
3419,100,217491
3420,-10,217568
3421,100,217625
3422,100,217762
3423,100,217901
3424,100,217936
3425,100,218012
3426,100,218156
3427,100,218242
3428,100,218325
3429,100,218430
3430,100,218461
3431,100,218485
3432,-10,218595
3433,-10,218685
3434,100,218799
3435,100,218912
3436,100,218994
3437,100,219120
3438,100,219157
3439,100,219250
3440,100,219251
3441,100,219287
3442,100,219365
3443,100,219457
3444,100,219473
3445,100,219501
3446,100,219591
3447,100,219692
3448,100,219834
3449,100,219856
3450,100,219875
3451,100,220015
3452,100,220150
3453,100,220227
3454,100,220362
3455,100,220486
3456,100,220616
3457,100,220669
3458,100,220807
3459,100,220860
3460,100,220912
3461,100,220920
3462,100,220942
3463,-10,221442
3464,100,221494
3465,100,221505
3466,-10,221557
3467,100,221699
3468,100,221797
3469,100,221949
3470,100,221987
3471,100,222115
3472,100,222250
3473,100,222260
3474,100,222261
3475,-10,222386
3476,100,222521
3477,100,222562
3478,100,222710
3479,100,222845
3480,100,222988
3481,100,223084
3482,100,223229
3483,100,223263
3484,100,223328
3485,100,223373
3486,100,223491
3487,100,223509
3488,100,223529
3489,100,223616
3490,100,223731
3491,100,223791
3492,100,223824
3493,100,223830
3494,100,223860
3495,100,223878
3496,100,223920
3497,100,223974
3498,100,224105
3499,100,224232
3500,100,224261
3501,100,224401
3502,100,224558
3503,100,224570
3504,-10,224681
3505,100,224712
3506,100,224837
3507,100,224891
3508,100,225009
3509,100,225152
3510,100,225170
3511,100,225214
3512,100,225353
3513,100,225392
3514,100,225477
3515,100,225630
3516,100,225664
3517,100,225824
3518,100,225966
3519,100,226098
3520,100,226133
3521,100,226256
3522,100,226386
3523,100,226523
3524,100,226665
3525,100,226666
3526,100,226677
3527,100,226754
3528,100,226791
3529,100,226933
3530,100,227008
3531,100,227126
3532,100,227249
3533,100,227334
3534,100,227374
3535,100,227431
3536,100,227567
3537,100,227702
3538,100,227855
3539,100,227886
3540,100,227932
3541,100,228069
3542,100,228210
3543,100,228342
3544,100,228365
3545,100,228366
3546,100,228399
3547,100,228434
3548,100,228511
3549,100,228642
3550,100,228787
3551,100,228861
3552,100,229137
3553,100,229224
3554,100,229298
3555,100,229423
3556,100,229569
3557,100,229688
3558,100,229772
3559,100,229916
3560,100,229957
3561,100,229973
3562,100,230113
3563,100,230213
3564,100,230343
3565,100,230427
3566,100,230428
3567,100,230544
3568,100,230588
3569,100,230618
3570,100,230758
3571,100,230845
3572,100,230983
3573,100,231005
3574,100,231138
3575,100,231153
3576,100,231288
3577,100,231394
3578,100,231531
3579,100,231647
3580,100,231746
3581,100,231866
3582,100,231888
3583,100,232025
3584,100,232147
3585,100,232282
3586,100,232297
3587,100,232334
3588,100,232469
3589,100,232521
3590,100,232591
3591,100,232686
3592,100,232699
3593,100,232700
3594,100,232712
3595,100,232788
3596,100,232917
3597,100,232931
3598,100,232969
3599,100,233053
3600,100,233109
3601,100,233189
3602,100,233201
3603,100,233320
3604,100,233321
3605,-10,233428
3606,100,233483
3607,100,233614
3608,100,233631
3609,100,233775
3610,100,233814
3611,100,233889
3612,100,234038
3613,100,234177
3614,100,234316
3615,100,234468
3616,100,234604
3617,100,234749
3618,100,234787
3619,100,234807
3620,100,234950
3621,100,235118
3622,100,235259
3623,100,235290
3624,100,235299
3625,100,235332
3626,100,235439
3627,100,235585
3628,100,235616
3629,100,235716
3630,100,235859
3631,100,235877
3632,100,235889
3633,100,235931
3634,100,236041
3635,100,236117
3636,100,236190
3637,100,236233
3638,100,236521
3639,100,236637
3640,100,236721
3641,100,236722
3642,100,236866
3643,100,236937
3644,100,237035
3645,100,237071
3646,100,237095
3647,100,237231
3648,100,237256
3649,100,237346
3650,100,237375
3651,100,237489
3652,100,237622
3653,100,237659
3654,100,237797
3655,100,237945
3656,100,238021
3657,100,238046
3658,100,238185
3659,100,238324
3660,100,238388
3661,100,238421
3662,100,238553
3663,100,238560
3664,100,238710
3665,100,238833
3666,100,238944
3667,100,239074
3668,100,239124
3669,100,239254
3670,100,239389
3671,100,239413
3672,100,239468
3673,100,239600
3674,100,239682
3675,-10,239706
3676,100,239707
3677,100,239855
3678,100,239939
3679,100,240033
3680,100,240067
3681,100,240105
3682,100,240248
3683,100,240347
3684,100,240386
3685,100,240387
3686,-10,240493
3687,100,240535
3688,100,240636
3689,100,240674
3690,100,240716
3691,100,240723
3692,100,240862
3693,100,240947
3694,100,241073
3695,100,241145
3696,100,241298
3697,100,241353
3698,100,241391
3699,100,241476
3700,100,241591
3701,100,241727
3702,100,241855
3703,100,241865
3704,100,241947
3705,100,242082
3706,100,242090
3707,100,242106
3708,100,242118
3709,100,242253
3710,100,242390
3711,100,242471
3712,100,242614
3713,100,242750
3714,100,242882
3715,100,242918
3716,100,243043
3717,100,243198
3718,100,243236
3719,100,243294
3720,-10,243439
3721,100,243525
3722,100,243693
3723,-10,243806
3724,100,243950
3725,100,244037
3726,100,244090
3727,100,244105
3728,100,244221
3729,100,244303
3730,100,244440
3731,100,244491
3732,100,244574
3733,100,244719
3734,100,244819
3735,100,244901
3736,100,244914
3737,100,244943
3738,100,245028
3739,100,245168
3740,100,245304
3741,100,245412
3742,100,245553
3743,100,245592
3744,100,245607
3745,100,245638
3746,100,245774
3747,100,245813
3748,100,245890
3749,100,246034
3750,100,246067
3751,100,246068
3752,100,246206
3753,100,246264
3754,100,246395
3755,100,246436
3756,100,246449
3757,100,246591
3758,100,246666
3759,100,246681
3760,100,246766
3761,100,246879
3762,100,247026
3763,100,247054
3764,100,247199
3765,100,247278
3766,100,247424
3767,100,247560
3768,100,247690
3769,100,247853
3770,100,247952
3771,100,248089
3772,100,248216
3773,100,248359
3774,100,248497
3775,100,248532
3776,100,248533
3777,100,248675
3778,100,248804
3779,100,248887
3780,100,249019
3781,100,249156
3782,100,249214
3783,100,249227
3784,100,249301
3785,100,249333
3786,100,249359
3787,100,249447
3788,100,249472
3789,100,249597
3790,100,249598
3791,-10,249671
3792,100,249744
3793,100,249776
3794,100,249816
3795,100,249848
3796,100,249926
3797,100,250060
3798,100,250174
3799,100,250287
3800,100,250328
3801,-10,250413
3802,100,250569
3803,100,250708
3804,100,250780
3805,100,250781
3806,100,250809
3807,100,250830
3808,100,250831
3809,100,250870
3810,100,250882
3811,100,250957
3812,100,251038
3813,100,251116
3814,100,251171
3815,100,251242
3816,-10,251314
3817,100,251461
3818,100,251599
3819,-10,251681
3820,100,251959
3821,100,251982
3822,100,252069
3823,100,252075
3824,-10,252151
3825,100,252307
3826,100,252460
3827,100,252496
3828,100,252631
3829,100,252767
3830,100,252794
3831,100,252884
3832,100,253026
3833,100,253059
3834,100,253156
3835,100,253246
3836,-10,253332
3837,100,253338
3838,100,253476
3839,100,253626
3840,100,253693
3841,100,253726
3842,100,253727
3843,100,253828
3844,100,253959
3845,100,254062
3846,100,254063
3847,100,254196
3848,100,254225
3849,100,254374
3850,100,254531
3851,100,254659
3852,100,254738
3853,100,254825
3854,100,254946
3855,100,254988
3856,100,255032
3857,100,255113
3858,100,255259
3859,100,255347
3860,100,255480
3861,100,255516
3862,100,255525
3863,-10,255610
3864,100,255744
3865,100,255881
3866,100,255907
3867,100,255942
3868,100,256080
3869,100,256089
3870,-10,256174
3871,100,256253
3872,100,256333
3873,-10,256449
3874,100,256495
3875,100,256601
3876,100,256681
3877,100,256762
3878,100,256785
3879,-10,256873
3880,100,257008
3881,100,257009
3882,100,257158
3883,100,257241
3884,100,257379
3885,100,257515
3886,100,257653
3887,100,257796
3888,100,257928
3889,100,258065
3890,100,258139
3891,100,258172
3892,100,258249
3893,-10,258357
3894,100,258443
3895,100,258454
3896,100,258492
3897,100,258597
3898,100,258609
3899,100,258647
3900,100,258723
3901,100,258835
3902,100,258890
3903,100,259028
3904,100,259091
3905,-10,259194
3906,100,259318
3907,100,259397
3908,100,259481
3909,100,259521
3910,100,259645
3911,100,259724
3912,100,259870
3913,100,259952
3914,100,260349
3915,100,260429
3916,100,260463
3917,100,260486
3918,100,260523
3919,100,260578
3920,100,260704
3921,100,260856
3922,100,260880
3923,100,260962
3924,100,261099
3925,100,261242
3926,100,261345
3927,100,261384
3928,-10,261468
3929,100,261610
3930,100,261649
3931,100,261693
3932,100,261831
3933,100,261912
3934,100,261941
3935,100,262047
3936,100,262160
3937,-10,262317
3938,100,262348
3939,100,262429
3940,100,262510
3941,100,262647
3942,100,262655
3943,100,262749
3944,100,262785
3945,100,262822
3946,100,262857
3947,100,262978
3948,100,263113
3949,100,263126
3950,100,263157
3951,100,263308
3952,100,263389
3953,100,263410
3954,100,263500
3955,100,263538
3956,100,263544
3957,100,263579
3958,100,263720
3959,100,263757
3960,100,263817
3961,-10,263921
3962,100,264045
3963,100,264089
3964,100,264175
3965,100,264326
3966,100,264346
3967,100,264352
3968,100,264391
3969,100,264472
3970,100,264495
3971,100,264628
3972,100,264898
3973,100,264979
3974,100,264980
3975,100,265017
3976,100,265167
3977,100,265199
3978,100,265230
3979,100,265308
3980,100,265394
3981,100,265535
3982,100,265710
3983,-10,265834
3984,100,265963
3985,100,265975
3986,100,266048
3987,100,266130
3988,100,266224
3989,100,266353
3990,100,266436
3991,100,266518
3992,100,266542
3993,100,266675
3994,100,266817
3995,100,266952
3996,100,267040
3997,100,267071
3998,100,267210
3999,-10,267328
4000,100,267377
4001,100,267577
4002,100,267619
4003,100,267645
4004,-10,267841
4005,100,267890
4006,100,267934
4007,100,267960
4008,100,268024
4009,-10,268077
4010,100,268115
4011,100,268191
4012,100,268249
4013,100,268428
4014,100,268464
4015,100,268512
4016,100,268525
4017,-10,268574
4018,100,268639
4019,100,268671
4020,100,268689
4021,-10,268778
4022,100,268809
4023,100,268820
4024,100,268919
4025,-10,269005
4026,100,269039
4027,100,269089
4028,100,269118
4029,100,269168
4030,-10,269217
4031,-10,269267
4032,-10,269406
4033,100,269436
4034,100,269628
4035,-10,269689
4036,100,269756
4037,100,269868
4038,-10,269926
4039,-10,269975
4040,100,269983
4041,-10,270114
4042,100,270155
4043,100,270204
4044,100,270213
4045,100,270295
4046,-10,270438
4047,100,270461
4048,-10,270605
4049,-10,270661
4050,-10,270712
4051,-10,270743
4052,-10,270827
4053,100,270889
4054,100,270923
4055,100,270951
4056,100,270970
4057,100,271004
4058,100,271040
4059,-10,271083
4060,-10,271150
4061,100,271184
4062,100,271259
4063,-10,271314
4064,100,271388
4065,-10,271472
4066,-10,271513
4067,100,271576
4068,100,271586
4069,100,271640
4070,100,271697
4071,100,271738
4072,-10,271942
4073,-10,272000
4074,-10,272037
4075,100,272061
4076,100,272148
4077,-10,272231
4078,100,272283
4079,100,272331
4080,100,272380
4081,100,272437
4082,100,272456
4083,100,272603
4084,100,272623
4085,-10,272739
4086,100,272789
4087,-10,272845
4088,100,272891
4089,100,272950
4090,100,272995
4091,-10,273135
4092,100,273231
4093,100,273260
4094,-10,273406
4095,100,273444
4096,100,273480
4097,100,273517
4098,100,273563
4099,100,273585
4100,100,273659
4101,100,273808
4102,100,273867
4103,100,273953
4104,-10,274003
4105,-10,274058
4106,100,274088
4107,100,274275
4108,-10,274307
4109,100,274352
4110,100,274492
4111,100,274543
4112,-10,274565
4113,100,274608
4114,100,274729
4115,100,274806
4116,-10,274865
4117,100,274912
4118,100,274959
4119,100,275017
4120,100,275050
4121,100,275078
4122,100,275125
4123,100,275274
4124,-10,275405
4125,100,275460
4126,100,275480
4127,-10,275634
4128,100,275679
4129,100,275743
4130,100,275889
4131,100,275944
4132,100,275985
4133,100,276005
4134,-10,276060
4135,100,276101
4136,-10,276153
4137,-10,276287
4138,100,276345
4139,100,276385
4140,100,276464
4141,100,276502
4142,100,276513
4143,100,276554
4144,-10,276592
4145,100,276623
4146,100,276676
4147,100,276687
4148,100,276710
4149,-10,276757
4150,100,276784
4151,-10,276931
4152,100,276980
4153,100,277067
4154,100,277173
4155,100,277206
4156,100,277253
4157,100,277429
4158,-10,277490
4159,100,277534
4160,100,277600
4161,-10,277658
4162,100,277710
4163,100,277751
4164,-10,277803
4165,100,277856
4166,-10,278278
4167,100,278394
4168,100,278403
4169,100,278437
4170,100,278447
4171,100,278488
4172,100,278546
4173,100,278660
4174,-10,278700
4175,100,278770
4176,100,278813
4177,-10,278860
4178,100,278897
4179,100,278932
4180,100,278944
4181,100,278993
4182,100,279122
4183,-10,279219
4184,-10,279273
4185,100,279285
4186,100,279328
4187,-10,279746
4188,100,279801
4189,100,279829
4190,-10,279881
4191,100,279937
4192,100,280060
4193,100,280163
4194,-10,280243
4195,100,280337
4196,100,280641
4197,-10,280685
4198,100,280726
4199,100,280805
4200,100,280839
4201,-10,280894
4202,100,281004
4203,100,281114
4204,100,281162
4205,100,281298
4206,-10,281359
4207,-10,281421
4208,100,281443
4209,100,281522
4210,-10,281572
4211,-10,281656
4212,-10,281695
4213,100,281703
4214,100,281754
4215,100,281797
4216,100,281808
4217,100,281830
4218,100,281883
4219,100,281964
4220,100,282150
4221,100,282259
4222,100,282270
4223,100,282374
4224,-10,282414
4225,-10,282469
4226,100,282629
4227,-10,282678
4228,100,282733
4229,100,282914
4230,100,282943
4231,100,282982
4232,100,283151
4233,100,283201
4234,100,283501
4235,100,283547
4236,100,283726
4237,100,283833
4238,100,283950
4239,100,283992
4240,100,284108
4241,100,284293
4242,100,284343
4243,100,284355
4244,100,284396
4245,100,284454
4246,100,284496
4247,100,284557
4248,100,284604
4249,100,284772
4250,100,284819
4251,100,284861
4252,100,284975
4253,100,285000
4254,100,285026
4255,100,285068
4256,100,285136
4257,100,285263
4258,100,285298
4259,100,285331
4260,-10,285380
4261,100,285456
4262,100,285467
4263,100,285490
4264,100,285549
4265,100,285586
4266,100,285741
4267,100,285798
4268,100,285806
4269,-10,285852
4270,100,285886
4271,100,285896
4272,100,285941
4273,100,286005
4274,100,286054
4275,100,286135
4276,100,286214
4277,100,286265
4278,100,286343
4279,100,286398
4280,100,286445
4281,100,286480
4282,-10,286557
4283,100,286597
4284,100,286638
4285,-10,286732
4286,100,286779
4287,100,286790
4288,100,286859
4289,100,287014
4290,100,287066
4291,100,287135
4292,100,287175
4293,100,287306
4294,100,287482
4295,100,287599
4296,100,287666
4297,100,287757
4298,100,287780
4299,100,287804
4300,-10,287888
4301,100,287933
4302,100,287990
4303,100,288031
4304,100,288067
4305,100,288105
4306,100,288165
4307,100,288234
4308,100,288264
4309,100,288285
4310,100,288330
4311,100,288375
4312,100,288456
4313,100,288536
4314,100,288572
4315,100,288591
4316,100,288659
4317,100,288722
4318,100,288735
4319,100,288831
4320,100,288890
4321,100,288938
4322,100,288986
4323,100,289026
4324,100,289129
4325,100,289159
4326,100,289293
4327,100,289431
4328,100,289480
4329,100,289489
4330,-10,289592
4331,100,289634
4332,100,289758
4333,100,289785
4334,100,289807
4335,100,289882
4336,-10,290382
4337,100,290514
4338,100,290554
4339,100,290599
4340,100,290688
4341,100,290721
4342,100,290777
4343,100,290903
4344,100,290969
4345,100,290992
4346,100,291144
4347,100,291154
4348,100,291176
4349,100,291225
4350,100,291248
4351,100,291312
4352,100,291486
4353,100,291594
4354,-10,291657
4355,100,291733
4356,100,291915
4357,100,291966
4358,100,291989
4359,100,292087
4360,100,292125
4361,100,292263
4362,100,292297
4363,-10,292330
4364,100,292369
4365,-10,292450
4366,100,292492
4367,100,292518
4368,100,292687
4369,100,292832
4370,100,292896
4371,100,292956
4372,100,293017
4373,100,293065
4374,100,293108
4375,-10,293188
4376,100,293255
4377,-10,293342
4378,100,293408
4379,100,293443
4380,100,293468
4381,100,293535
4382,100,293718
4383,100,293726
4384,-10,293787
4385,100,293977
4386,100,294073
4387,100,294141
4388,-10,294239
4389,100,294298
4390,100,294367
4391,100,294389
4392,100,294413
4393,100,294460
4394,100,294514
4395,-10,294597
4396,100,294905
4397,100,294937
4398,-10,294972
4399,100,295118
4400,100,295292
4401,100,295427
4402,100,295568
4403,100,295592
4404,100,295625
4405,-10,295660
4406,100,295689
4407,100,295786
4408,-10,296286
4409,100,296357
4410,100,296474
4411,100,296549
4412,100,296582
4413,100,296691
4414,-10,296756
4415,100,296906
4416,-10,296952
4417,100,297026
4418,100,297151
4419,-10,297237
4420,100,297288
4421,100,297298
4422,100,297369
4423,100,297380
4424,100,297431
4425,100,297439
4426,100,297596
4427,100,297615
4428,100,297674
4429,100,297696
4430,100,297769
4431,-10,298269
4432,100,298398
4433,100,298531
4434,-10,298593
4435,100,298628
4436,100,298731
4437,100,298757
4438,100,298772
4439,100,298806
4440,100,298816
4441,100,298856
4442,100,298903
4443,100,298982
4444,100,299028
4445,100,299078
4446,100,299140
4447,100,299172
4448,-10,299250
4449,100,299259
4450,100,299307
4451,-10,299401
4452,-10,299464
4453,100,299536
4454,-10,299562
4455,100,299602
4456,100,299718
4457,-10,299812
4458,-10,299881
4459,100,299992
4460,100,300034
4461,-10,300092
4462,-10,300169
4463,100,300245
4464,100,300293
4465,100,300347
4466,-10,300624
4467,100,300659
4468,100,300952
4469,-10,301028
4470,100,301097
4471,100,301234
4472,100,301274
4473,100,301301
4474,100,301355
4475,100,301404
4476,100,301444
4477,100,301537
4478,100,301644
4479,-10,301740
4480,100,301785
4481,100,301831
4482,100,301864
4483,100,301979
4484,-10,302231
4485,100,302285
4486,100,302340
4487,100,302449
4488,100,302485
4489,-10,302555
4490,100,302669
4491,-10,302704
4492,100,302756
4493,100,302778
4494,100,302801
4495,-10,302852
4496,-10,302950
4497,100,302986
4498,100,303018
4499,-10,303054
4500,100,303072
4501,-10,303506
4502,100,303542
4503,100,303563
4504,100,303591
4505,100,303635
4506,100,303685
4507,100,303723
4508,100,303759
4509,-10,303972
4510,100,303985
4511,100,304042
4512,100,304069
4513,-10,304101
4514,100,304159
4515,100,304168
4516,100,304199
4517,100,304277
4518,100,304388
4519,100,304514
4520,100,304541
4521,-10,304614
4522,-10,304702
4523,-10,304768
4524,100,304810
4525,100,304819
4526,100,304876
4527,100,304937
4528,100,304996
4529,-10,305242
4530,-10,305326
4531,100,305382
4532,100,305430
4533,100,305523
4534,100,305538
4535,-10,305639
4536,100,305720
4537,100,305781
4538,-10,305856
4539,100,305900
4540,100,305944
4541,-10,306001
4542,-10,306096
4543,100,306169
4544,100,306221
4545,100,306317
4546,100,306359
4547,100,306410
4548,-10,306446
4549,100,306458
4550,100,306595
4551,100,306639
4552,100,306810
4553,100,306820
4554,100,307169
4555,100,307231
4556,-10,307265
4557,100,307378
4558,-10,307484
4559,100,307529
4560,100,307553
4561,-10,307613
4562,100,307698
4563,100,307811
4564,-10,307861
4565,-10,307944
4566,-10,308024
4567,100,308047
4568,100,308104
4569,-10,308176
4570,-10,308260
4571,100,308318
4572,100,308332
4573,100,308379
4574,100,308702
4575,100,308816
4576,100,308907
4577,100,308933
4578,100,309042
4579,100,309060
4580,100,309092
4581,100,309134
4582,100,309193
4583,100,309308
4584,100,309358
4585,100,309411
4586,-10,309446
4587,-10,309500
4588,100,309555
4589,100,309608
4590,-10,309869
4591,100,309888
4592,100,309913
4593,100,310030
4594,100,310067
4595,-10,310159
4596,100,310185
4597,100,310292
4598,-10,310368
4599,100,310418
4600,-10,310454
4601,100,310538
4602,100,310600
4603,-10,311100
4604,-10,311188
4605,100,311234
4606,100,311257
4607,100,311292
4608,100,311332
4609,100,311385
4610,100,311410
4611,100,311438
4612,100,311499
4613,-10,311526
4614,100,311541
4615,100,311603
4616,100,311634
4617,100,311657
4618,100,311696
4619,-10,311774
4620,-10,311802
4621,-10,311884
4622,100,311895
4623,100,312007
4624,100,312063
4625,100,312102
4626,100,312149
4627,100,312172
4628,-10,312672
4629,100,312705
4630,100,312730
4631,100,312762
4632,100,312812
4633,100,312839
4634,-10,312924
4635,100,312983
4636,100,313029
4637,100,313065
4638,100,313101
4639,100,313145
4640,-10,313225
4641,100,313509
4642,-10,313598
4643,100,313668
4644,-10,313741
4645,-10,313837
4646,-10,313927
4647,-10,313994
4648,100,314032
4649,100,314082
4650,-10,314165
4651,-10,314249
4652,-10,314418
4653,100,314445
4654,100,314473
4655,100,314593
4656,-10,314660
4657,100,314706
4658,-10,314784
4659,100,314921
4660,100,314945
4661,-10,315032
4662,100,315055
4663,-10,315133
4664,100,315220
4665,100,315269
4666,100,315295
4667,100,315525
4668,100,315562
4669,100,315599
4670,100,315622
4671,-10,315718
4672,100,315740
4673,100,315799
4674,100,315837
4675,100,315932
4676,100,315961
4677,100,315975
4678,100,316029
4679,100,316042
4680,100,316054
4681,100,316063
4682,100,316177
4683,100,316189
4684,-10,316219
4685,100,316257
4686,-10,316345
4687,-10,316429
4688,100,316510
4689,-10,316561
4690,-10,316633
4691,100,316734
4692,100,316773
4693,100,316799
4694,100,316853
4695,100,316993
4696,-10,317041
4697,-10,317541
4698,-10,317623
4699,100,317665
4700,100,317772
4701,100,317804
4702,-10,317880
4703,100,317909
4704,100,317955
4705,100,317996
4706,100,318045
4707,100,318080
4708,100,318092
4709,100,318145
4710,-10,318197
4711,-10,318258
4712,-10,318352
4713,100,318362
4714,100,318409
4715,100,318448
4716,100,318555
4717,-10,318640
4718,100,318949
4719,100,318968
4720,100,319001
4721,-10,319083
4722,-10,319134
4723,100,319195
4724,100,319233
4725,-10,319733
4726,100,319789
4727,100,319865
4728,-10,320048
4729,100,320193
4730,100,320230
4731,100,320342
4732,100,320447
4733,100,320474
4734,100,320545
4735,-10,320592
4736,100,320646
4737,100,320761
4738,100,320787
4739,100,320872
4740,100,320900
4741,100,320937
4742,-10,320975
4743,-10,321062
4744,-10,321116
4745,100,321162
4746,-10,321425
4747,100,321462
4748,-10,321544
4749,100,321575
4750,-10,321986
4751,100,322013
4752,100,322040
4753,100,322073
4754,-10,322119
4755,100,322226
4756,100,322257
4757,100,322275
4758,100,322332
4759,100,322387
4760,-10,322472
4761,100,322521
4762,100,322563
4763,-10,322838
4764,100,322871
4765,100,322900
4766,-10,322953
4767,-10,323040
4768,100,323154
4769,-10,323224
4770,-10,323316
4771,100,323472
4772,-10,323558
4773,-10,323641
4774,100,323674
4775,100,323697
4776,100,323735
4777,-10,323814
4778,100,323925
4779,100,324037
4780,100,324077
4781,100,324128
4782,100,324200
4783,100,324236
4784,100,324291
4785,100,324331
4786,100,324607
4787,100,324632
4788,100,324680
4789,100,324711
4790,-10,325106
4791,-10,325205
4792,-10,325282
4793,-10,325372
4794,100,325467
4795,100,325836
4796,100,325945
4797,-10,325978
4798,-10,326065
4799,100,326193
4800,100,326311
4801,-10,326375
4802,100,326471
4803,100,326496
4804,100,326588
4805,100,326629
4806,100,326668
4807,100,326714
4808,100,326810
4809,100,326909
4810,100,327170
4811,100,327497
4812,-10,327579
4813,100,327605
4814,-10,327692
4815,100,327828
4816,100,327911
4817,100,327956
4818,100,327977
4819,100,328030
4820,100,328066
4821,100,328095
4822,100,328138
4823,100,328187
4824,100,328226
4825,100,328239
4826,100,328435
4827,100,328492
4828,100,328554
4829,100,328590
4830,100,328619
4831,100,328676
4832,-10,329176
4833,100,329318
4834,100,329327
4835,100,329622
4836,100,329671
4837,100,329720
4838,-10,329805
4839,100,330106
4840,100,330136
4841,100,330172
4842,100,330205
4843,100,330235
4844,100,330271
4845,100,330277
4846,100,330417
4847,100,330442
4848,100,330467
4849,-10,330519
4850,100,330577
4851,100,330605
4852,-10,331105
4853,-10,331160
4854,-10,331242
4855,-10,331290
4856,100,331363
4857,100,331382
4858,-10,331882
4859,100,331944
4860,100,331987
4861,100,331999
4862,100,332048
4863,100,332056
4864,100,332132
4865,100,332239
4866,100,332402
4867,100,332511
4868,-10,332593
4869,-10,332652
4870,100,332696
4871,-10,332735
4872,100,332746
4873,100,332760
4874,-10,332808
4875,100,332892
4876,-10,332939
4877,100,332962
4878,-10,333462
4879,100,333502
4880,100,333531
4881,100,333545
4882,-10,333773
4883,-10,333984
4884,100,334081
4885,-10,334165
4886,100,334275
4887,-10,334354
4888,100,334414
4889,-10,334792
4890,100,334847
4891,100,334858
4892,100,334907
4893,100,334951
4894,-10,335012
4895,100,335093
4896,-10,335153
4897,-10,335210
4898,100,335238
4899,-10,335336
4900,100,335614
4901,100,335753
4902,100,335834
4903,100,335869
4904,100,335913
4905,100,335954
4906,100,336128
4907,100,336207
4908,100,336221
4909,100,336262
4910,-10,336339
4911,100,336378
4912,100,336431
4913,100,336510
4914,100,336636
4915,100,336676
4916,100,336771
4917,-10,336854
4918,-10,336933
4919,-10,337433
4920,100,337469
4921,100,337497
4922,-10,337587
4923,-10,337664
4924,100,337767
4925,100,337809
4926,100,337853
4927,100,337903
4928,100,337949
4929,100,338104
4930,100,338203
4931,-10,338285
4932,100,338323
4933,100,338372
4934,100,338408
4935,100,338446
4936,-10,338494
4937,100,338527
4938,100,338608
4939,-10,338739
4940,100,338869
4941,-10,338951
4942,-10,339035
4943,100,339175
4944,100,339227
4945,100,339313
4946,-10,339549
4947,100,339586
4948,100,339618
4949,100,339664
4950,-10,339746
4951,-10,339834
4952,-10,340334
4953,100,340395
4954,100,340446
4955,100,340505
4956,100,340556
4957,-10,340606
4958,100,340662
4959,100,340741
4960,-10,340789
4961,100,340854
4962,-10,341354
4963,100,341388
4964,100,341492
4965,100,341566
4966,100,341648
4967,100,341702
4968,100,341822
4969,100,342235
4970,100,342246
4971,100,342259
4972,100,342369
4973,100,342404
4974,-10,342496
4975,100,342544
4976,100,342567
4977,100,342590
4978,100,342723
4979,100,342823
4980,100,342906
4981,100,342932
4982,100,342991
4983,100,343015
4984,100,343061
4985,100,343120
4986,100,343177
4987,100,343190
4988,100,343260
4989,100,343447
4990,100,343532
4991,100,343579
4992,-10,343664
4993,100,343731
4994,-10,343811
4995,-10,343894
4996,-10,344394
4997,100,344434
4998,100,344453
4999,100,344545
5000,100,344659
5001,100,344708
5002,100,344726
5003,100,344774
5004,100,344834
5005,100,344886
5006,100,345032
5007,100,345200
5008,100,345232
5009,-10,345315
5010,100,345360
5011,100,345409
5012,100,345543
5013,100,345596
5014,100,345633
5015,100,345704
5016,100,345781
5017,-10,345832
5018,100,345871
5019,-10,346114
5020,-10,346614
5021,-10,346672
5022,100,346720
5023,100,346812
5024,-10,346864
5025,-10,346917
5026,100,346955
5027,100,346986
5028,-10,347037
5029,100,347133
5030,100,347225
5031,100,347264
5032,100,347288
5033,100,347396
5034,-10,347490
5035,-10,347990
5036,100,348015
5037,100,348051
5038,100,348076
5039,100,348121
5040,100,348215
5041,100,348332
5042,100,348440
5043,100,348517
5044,100,348594
5045,100,348619
5046,100,348640
5047,100,348684
5048,100,348797
5049,100,348824
5050,-10,348901
5051,100,348947
5052,100,349039
5053,-10,349272
5054,100,349307
5055,100,349597
5056,100,349707
5057,100,349746
5058,100,349787
5059,100,349812
5060,100,349886
5061,-10,349965
5062,-10,350046
5063,100,350074
5064,-10,350159
5065,-10,350366
5066,100,350413
5067,100,350437
5068,100,350483
5069,100,350535
5070,-10,350629
5071,100,350643
5072,-10,350721
5073,100,350780
5074,100,350803
5075,100,351231
5076,-10,351288
5077,100,351311
5078,100,351323
5079,100,351364
5080,100,351415
5081,-10,351496
5082,100,351550
5083,100,351616
5084,100,351680
5085,-10,351782
5086,100,351822
5087,100,351900
5088,100,351923
5089,100,351970
5090,-10,352216
5091,100,352348
5092,100,352430
5093,-10,352515
5094,100,352581
5095,100,352608
5096,100,352695
5097,100,352768
5098,100,352819
5099,100,352856
5100,100,352911
5101,100,352929
5102,-10,353011
5103,100,353043
5104,100,353084
5105,-10,353319
5106,-10,353399
5107,100,353408
5108,-10,353489
5109,100,353523
5110,100,353559
5111,100,353606
5112,100,353722
5113,100,353758
5114,-10,353818
5115,100,353859
5116,100,353991
5117,100,354111
5118,100,354123
5119,100,354136
5120,100,354186
5121,-10,354408
5122,100,354490
5123,100,354560
5124,100,354571
5125,100,354622
5126,-10,354711
5127,100,354813
5128,100,354861
5129,-10,354944
5130,100,354989
5131,100,355034
5132,100,355092
5133,100,355128
5134,100,355203
5135,-10,355280
5136,-10,355354
5137,100,355377
5138,-10,355598
5139,-10,355677
5140,-10,355756
5141,-10,355847
5142,100,355858
5143,-10,355912
5144,-10,355994
5145,100,356140
5146,100,356193
5147,-10,356575
5148,100,356616
5149,100,356626
5150,100,356670
5151,-10,356913
5152,-10,357149
5153,-10,357518
5154,100,357626
5155,100,357647
5156,-10,357885
5157,100,358173
5158,-10,358259
5159,100,358286
5160,100,358338
5161,100,358348
5162,100,358371
5163,100,358420
5164,100,358470
5165,100,358538
5166,100,358597
5167,100,358795
5168,100,358839
5169,100,358870
5170,-10,358955
5171,100,358966
5172,100,358977
5173,-10,359208
5174,100,359262
5175,100,359309
5176,-10,359537
5177,100,359582
5178,100,359624
5179,-10,359847
5180,100,359886
5181,100,359977
5182,100,360076
5183,100,360115
5184,-10,360201
5185,100,360270
5186,100,360314
5187,100,360374
5188,100,360395
5189,100,360454
5190,100,360487
5191,100,360538
5192,100,360599
5193,100,360642
5194,-10,360872
5195,100,360914
5196,100,360928
5197,100,360938
5198,100,360959
5199,100,361002
5200,100,361060
5201,100,361114
5202,100,361169
5203,100,361235
5204,100,361325
5205,100,361374
5206,100,361449
5207,100,361541
5208,-10,361752
5209,100,361859
5210,100,361914
5211,100,361990
5212,100,362034
5213,100,362087
5214,100,362105
5215,100,362134
5216,100,362265
5217,100,362319
5218,100,362365
5219,100,362410
5220,100,362510
5221,100,362535
5222,100,362600
5223,100,362638
5224,-10,362979
5225,-10,363035
5226,100,363087
5227,100,363172
5228,100,363234
5229,100,363318
5230,100,363408
5231,-10,363482
5232,100,363537
5233,100,363577
5234,100,363592
5235,100,363629
5236,100,363652
5237,100,363684
5238,100,363725
5239,100,363749
5240,-10,363838
5241,-10,364206
5242,100,364286
5243,100,364372
5244,-10,364454
5245,100,364479
5246,100,364514
5247,100,364555
5248,100,364664
5249,100,364799
5250,100,364853
5251,-10,364934
5252,100,364974
5253,100,365072
5254,100,365164
5255,-10,365213
5256,100,365271
5257,100,365322
5258,100,365374
5259,100,365481
5260,100,365537
5261,100,365641
5262,100,365661
5263,100,365712
5264,100,365735
5265,100,365779
5266,100,365917
5267,-10,366002
5268,100,366088
5269,100,366207
5270,100,366244
5271,100,366319
5272,100,366397
5273,100,366475
5274,-10,366716
5275,100,366736
5276,-10,366783
5277,100,366814
5278,100,366918
5279,100,366940
5280,100,366950
5281,100,367038
5282,100,367099
5283,100,367197
5284,-10,367289
5285,100,367347
5286,100,367530
5287,-10,367600
5288,100,367626
5289,100,367647
5290,100,367693
5291,100,367714
5292,100,367769
5293,100,367808
5294,100,367921
5295,100,367968
5296,100,368003
5297,100,368083
5298,100,368144
5299,100,368190
5300,100,368230
5301,100,368316
5302,100,368405
5303,-10,368646
5304,100,368955
5305,100,369002
5306,100,369100
5307,100,369193
5308,100,369204
5309,100,369276
5310,-10,369354
5311,100,369408
5312,100,369489
5313,-10,369577
5314,100,369674
5315,-10,370174
5316,100,370216
5317,-10,370270
5318,-10,370353
5319,100,370466
5320,100,370574
5321,100,370591
5322,100,370691
5323,100,370727
5324,100,370840
5325,100,370926
5326,100,370954
5327,100,371032
5328,100,371071
5329,-10,371159
5330,100,371252
5331,100,371291
5332,100,371383
5333,100,371392
5334,-10,371785
5335,100,371867
5336,100,371956
5337,100,372001
5338,100,372016
5339,100,372085
5340,-10,372304
5341,100,372330
5342,100,372439
5343,100,372461
5344,100,372486
5345,100,372558
5346,100,372610
5347,100,372646
5348,100,372683
5349,100,372751
5350,100,372848
5351,100,372886
5352,100,372910
5353,100,372960
5354,100,373021
5355,100,373101
5356,100,373111
5357,100,373132
5358,100,373219
5359,100,373263
5360,100,373306
5361,100,373333
5362,100,373434
5363,100,373534
5364,100,373605
5365,-10,373691
5366,100,373703
5367,100,373721
5368,100,373746
5369,100,373785
5370,100,373814
5371,-10,373901
5372,100,374181
5373,100,374207
5374,100,374258
5375,100,374292
5376,100,374333
5377,100,374382
5378,100,374425
5379,100,374476
5380,100,374502
5381,100,374529
5382,100,374544
5383,100,374603
5384,100,374652
5385,100,374763
5386,100,374864
5387,100,374888
5388,100,374933
5389,100,374943
5390,100,374964
5391,100,375006
5392,100,375057
5393,100,375123
5394,100,375232
5395,100,375315
5396,100,375346
5397,100,375384
5398,-10,375883
5399,100,375963
5400,100,375984
5401,100,376096
5402,-10,376190
5403,-10,376270
5404,-10,376770
5405,100,376814
5406,100,376859
5407,100,376996
5408,-10,377231
5409,100,377265
5410,-10,377358
5411,100,377452
5412,-10,377952
5413,100,378038
5414,100,378103
5415,100,378189
5416,100,378247
5417,-10,378335
5418,100,378411
5419,100,378457
5420,100,378479
5421,100,378491
5422,-10,378579
5423,100,378642
5424,100,378742
5425,100,378843
5426,100,378951
5427,-10,379451
5428,100,379490
5429,100,379543
5430,100,379613
5431,-10,380113
5432,100,380148
5433,100,380193
5434,100,380481
5435,-10,380595
5436,-10,380922
5437,100,381033
5438,100,381083
5439,100,381151
5440,100,381228
5441,-10,381318
5442,100,381428
5443,100,381438
5444,100,381516
5445,100,381569
5446,100,381647
5447,100,381666
5448,100,381779
5449,-10,382142
5450,100,382199
5451,100,382279
5452,100,382516
5453,100,382527
5454,100,382622
5455,100,382645
5456,-10,382727
5457,100,382839
5458,100,382922
5459,100,382950
5460,100,382974
5461,100,383003
5462,100,383053
5463,-10,383147
5464,100,383247
5465,-10,383327
5466,100,383433
5467,100,383479
5468,-10,383574
5469,-10,383659
5470,100,383698
5471,-10,383919
5472,100,383974
5473,100,384096
5474,100,384128
5475,100,384156
5476,100,384193
5477,100,384241
5478,100,384350
5479,-10,384426
5480,100,384495
5481,100,384576
5482,100,384625
5483,-10,384709
5484,100,384771
5485,100,384830
5486,100,384880
5487,100,384904
5488,-10,385404
5489,100,385426
5490,-10,385519
5491,100,385556
5492,100,385607
5493,100,385661
5494,100,385698
5495,100,385750
5496,100,385842
5497,100,385856
5498,100,385883
5499,100,385922
5500,100,385968
5501,100,386029
5502,100,386104
5503,100,386115
5504,100,386217
5505,-10,386303
5506,100,386352
5507,100,386429
5508,-10,386509
5509,100,386535
5510,100,386593
5511,100,386636
5512,100,386672
5513,100,386693
5514,100,386746
5515,100,386831
5516,100,386893
5517,100,386951
5518,-10,387451
5519,100,387559
5520,-10,387663
5521,100,387733
5522,100,387782
5523,100,387834
5524,100,387883
5525,100,387918
5526,100,387958
5527,-10,388026
5528,100,388073
5529,100,388123
5530,100,388137
5531,100,388159
5532,100,388600
5533,100,388696
5534,100,388806
5535,100,389171
5536,-10,389229
5537,100,389334
5538,100,389611
5539,100,389899
5540,100,389925
5541,100,389950
5542,100,390055
5543,100,390096
5544,100,390164
5545,100,390218
5546,100,390243
5547,100,390297
5548,-10,390730
5549,100,390822
5550,100,390951
5551,100,391061
5552,100,391114
5553,-10,391187
5554,100,391234
5555,100,391309
5556,100,391364
5557,100,391437
5558,100,391479
5559,100,391552
5560,100,391602
5561,100,391646
5562,100,391713
5563,100,391783
5564,100,391834
5565,100,391861
5566,100,391915
5567,100,391952
5568,100,392166
5569,100,392318
5570,100,392375
5571,100,392408
5572,-10,392496
5573,100,392528
5574,100,392610
5575,-10,392696
5576,100,392785
5577,100,393082
5578,100,393121
5579,100,393133
5580,100,393163
5581,100,393187
5582,100,393282
5583,-10,393379
5584,-10,393465
5585,100,393495
5586,100,393506
5587,100,393564
5588,100,393729
5589,100,393845
5590,100,393867
5591,100,394159
5592,100,394286
5593,100,394387
5594,-10,394591
5595,-10,394679
5596,100,394717
5597,100,394792
5598,100,394832
5599,100,394873
5600,100,394914
5601,100,394960
5602,100,395022
5603,100,395058
5604,100,395067
5605,100,395143
5606,100,395203
5607,100,395264
5608,-10,395383
5609,-10,395454
5610,100,395485
5611,100,395500
5612,-10,395549
5613,100,395684
5614,100,395708
5615,-10,396208
5616,100,396285
5617,-10,396723
5618,100,396770
5619,100,396823
5620,100,397108
5621,100,397146
5622,100,397159
5623,100,397237
5624,100,397311
5625,100,397346
5626,100,397365
5627,100,397510
5628,100,397618
5629,100,397664
5630,100,397765
5631,-10,397847
5632,100,397892
5633,100,397913
5634,100,397970
5635,100,397992
5636,100,398063
5637,100,398130
5638,100,398169
5639,-10,398412
5640,100,398464
5641,100,398515
5642,100,398589
5643,-10,398683
5644,100,398757
5645,100,398794
5646,100,398852
5647,-10,398936
5648,-10,399007
5649,100,399118
5650,100,399181
5651,100,399233
5652,100,399283
5653,100,399335
5654,100,399496
5655,100,399561
5656,100,399724
5657,100,399765
5658,100,399819
5659,100,399866
5660,-10,400126
5661,100,400160
5662,100,400200
5663,100,400328
5664,100,400356
5665,100,400381
5666,100,400410
5667,100,400561
5668,100,400602
5669,100,400650
5670,100,400693
5671,100,400753
5672,100,400820
5673,-10,401320
5674,100,401358
5675,100,401462
5676,100,401514
5677,100,401563
5678,100,401613
5679,100,401663
5680,100,401718
5681,-10,401946
5682,100,402034
5683,-10,402081
5684,100,402224
5685,100,402336
5686,-10,402403
5687,100,402503
5688,100,402585
5689,100,402621
5690,100,402673
5691,-10,403173
5692,100,403252
5693,100,403296
5694,100,403394
5695,100,403409
5696,100,403460
5697,100,403519
5698,100,403625
5699,100,403669
5700,100,403728
5701,100,403773
5702,100,403841
5703,-10,404341
5704,100,404379
5705,100,404429
5706,100,404479
5707,100,404517
5708,100,404904
5709,100,404944
5710,100,404994
5711,100,405032
5712,100,405092
5713,100,405197
5714,100,405309
5715,-10,405809
5716,100,405833
5717,100,405872
5718,100,405897
5719,100,405981
5720,100,406033
5721,100,406401
5722,100,406664
5723,100,406786
5724,100,406847
5725,100,406894
5726,100,406942
5727,100,407207
5728,100,407245
5729,100,407317
5730,-10,407479
5731,-10,407544
5732,100,407696
5733,100,407769
5734,100,407814
5735,100,407854
5736,-10,407939
5737,100,407981
5738,100,408009
5739,100,408031
5740,100,408155
5741,100,408180
5742,100,408220
5743,100,408273
5744,-10,408773
5745,100,408830
5746,100,408873
5747,-10,409303
5748,100,409581
5749,-10,409724
5750,100,409750
5751,100,409854
5752,-10,409920
5753,100,409956
5754,100,410047
5755,100,410064
5756,-10,410152
5757,100,410190
5758,100,410266
5759,100,410308
5760,100,410342
5761,-10,410502
5762,100,410525
5763,100,410580
5764,100,410592
5765,100,410629
5766,100,410638
5767,-10,410767
5768,100,410817
5769,100,410870
5770,100,410928
5771,100,411266
5772,-10,411352
5773,100,411425
5774,100,411501
5775,100,411513
5776,100,411616
5777,100,411695
5778,100,411737
5779,-10,411812
5780,100,411857
5781,100,411905
5782,-10,411985
5783,100,412049
5784,100,412131
5785,100,412161
5786,100,412224
5787,100,412390
5788,100,412448
5789,100,412459
5790,100,412502
5791,100,412550
5792,100,412582
5793,-10,412656
5794,-10,412717
5795,100,412745
5796,100,412848
5797,100,412887
5798,-10,413387
5799,100,413436
5800,100,413458
5801,100,413477
5802,100,413514
5803,100,413555
5804,100,413597
5805,100,413869
5806,100,414133
5807,100,414284
5808,100,414313
5809,100,414353
5810,100,414410
5811,-10,414455
5812,100,414543
5813,100,414623
5814,100,414656
5815,100,414765
5816,100,414813
5817,-10,415313
5818,100,415381
5819,100,415457
5820,100,415499
5821,100,415534
5822,100,415558
5823,100,415665
5824,100,415733
5825,100,415829
5826,100,415887
5827,100,415899
5828,100,415948
5829,100,415999
5830,100,416022
5831,100,416097
5832,100,416138
5833,100,416213
5834,100,416286
5835,100,416325
5836,100,416413
5837,100,416463
5838,100,416586
5839,100,416636
5840,100,416684
5841,100,416762
5842,100,416849
5843,100,416922
5844,100,416956
5845,100,417005
5846,100,417050
5847,100,417308
5848,100,417415
5849,100,417424
5850,100,417513
5851,100,417548
5852,100,417606
5853,100,417616
5854,100,417655
5855,100,417708
5856,100,417750
5857,-10,417822
5858,100,418101
5859,100,418151
5860,100,418273
5861,-10,418427
5862,100,418691
5863,100,418717
5864,100,418758
5865,100,418772
5866,100,418826
5867,100,418898
5868,100,419169
5869,100,419337
5870,-10,419837
5871,100,419862
5872,-10,419919
5873,100,419999
5874,100,420150
5875,100,420205
5876,100,420258
5877,100,420392
5878,100,420657
5879,100,420698
5880,100,420741
5881,100,420856
5882,-10,421247
5883,100,421330
5884,100,421345
5885,100,421378
5886,100,421424
5887,-10,421449
5888,100,421557
5889,100,421613
5890,-10,421828
5891,-10,421992
5892,-10,422070
5893,100,422081
5894,-10,422169
5895,100,422286
5896,100,422336
5897,100,422395
5898,100,422493
5899,100,422537
5900,100,422547
5901,100,422581
5902,-10,422636
5903,100,422674
5904,-10,422728
5905,100,422777
5906,-10,422840
5907,100,422888
5908,100,422962
5909,100,423242
5910,100,423355
5911,100,423621
5912,100,423691
5913,100,423782
5914,100,423821
5915,100,423858
5916,100,423923
5917,100,423954
5918,100,424065
5919,100,424149
5920,100,424262
5921,100,424273
5922,100,424505
5923,100,424590
5924,100,424698
5925,100,424809
5926,100,424899
5927,100,424940
5928,100,424976
5929,100,424990
5930,100,425005
5931,100,425055
5932,-10,425082
5933,100,425117
5934,100,425170
5935,100,425201
5936,100,425212
5937,-10,425712
5938,100,425812
5939,100,425973
5940,100,426051
5941,-10,426112
5942,100,426152
5943,100,426257
5944,100,426297
5945,-10,426578
5946,100,426624
5947,100,426663
5948,100,426692
5949,100,426704
5950,-10,426760
5951,100,426787
5952,100,426827
5953,-10,426893
5954,100,426904
5955,100,426963
5956,-10,427463
5957,100,427852
5958,100,427933
5959,100,427993
5960,100,428023
5961,100,428054
5962,100,428093
5963,100,428210
5964,100,428252
5965,100,428343
5966,100,428406
5967,100,428481
5968,-10,428557
5969,-10,429057
5970,100,429102
5971,100,429147
5972,100,429192
5973,100,429265
5974,100,429346
5975,100,429467
5976,100,429714
5977,100,429812
5978,100,429941
5979,100,429967
5980,100,429979
5981,-10,430033
5982,100,430195
5983,100,430233
5984,100,430267
5985,100,430513
5986,100,430550
5987,100,430640
5988,100,430672
5989,100,430747
5990,100,430796
5991,100,431196
5992,100,431208
5993,100,431217
5994,100,431282
5995,-10,431354
5996,100,431451
5997,100,431524
5998,100,431622
5999,-10,431660
6000,100,431721
6001,100,431745
6002,100,431766
6003,-10,431834
6004,100,431875
6005,100,431951
6006,-10,432034
6007,100,432065
6008,-10,432102
6009,100,432419
6010,-10,432534
6011,-10,432589
6012,100,432660
6013,-10,432818
6014,-10,432889
6015,100,432965
6016,100,433037
6017,-10,433314
6018,100,433357
6019,-10,433549
6020,-10,433613
6021,100,433636
6022,-10,433675
6023,100,433687
6024,100,433927
6025,100,434005
6026,100,434044
6027,100,434118
6028,100,434287
6029,100,434386
6030,100,434425
6031,-10,434590
6032,-10,434660
6033,100,434798
6034,100,435039
6035,100,435120
6036,100,435198
6037,100,435268
6038,100,435335
6039,100,435529
6040,100,435745
6041,-10,435863
6042,100,435910
6043,-10,436002
6044,100,436065
6045,100,436138
6046,100,436220
6047,100,436478
6048,-10,436515
6049,-10,436614
6050,100,436832
6051,100,436879
6052,100,436914
6053,-10,436965
6054,100,437001
6055,100,437210
6056,100,437273
6057,100,437520
6058,100,437613
6059,100,437673
6060,-10,437730
6061,-10,437810
6062,100,437852
6063,100,437958
6064,100,438108
6065,100,438175
6066,-10,438307
6067,-10,438353
6068,-10,438405
6069,-10,438483
6070,100,438562
6071,100,438729
6072,100,438762
6073,100,438873
6074,100,438949
6075,100,439004
6076,-10,439079
6077,100,439327
6078,100,439402
6079,100,439497
6080,100,439795
6081,100,439987
6082,-10,440044
6083,100,440125
6084,100,440406
6085,100,440500
6086,100,440640
6087,100,440712
6088,100,441034
6089,100,441106
6090,100,441174
6091,100,441223
6092,100,441363
6093,100,441484
6094,-10,441552
6095,100,441592
6096,100,441817
6097,100,442019
6098,100,442065
6099,100,442263
6100,-10,442596
6101,100,442827
6102,-10,442875
6103,-10,443158
6104,100,443274
6105,100,443364
6106,100,443410
6107,100,443695
6108,-10,444195
6109,-10,444476
6110,-10,444521
6111,100,444567
6112,100,444654
6113,100,444668
6114,-10,444922
6115,100,445097
6116,-10,445192
6117,100,445267
6118,-10,445327
6119,100,445409
6120,100,445489
6121,100,445656
6122,100,445877
6123,100,446042
6124,100,446074
6125,100,446224
6126,-10,446724
6127,100,446876
6128,100,446948
6129,100,447053
6130,100,447189
6131,100,447258
6132,100,447478
6133,100,447565
6134,100,447618
6135,100,447747
6136,100,447794
6137,100,447861
6138,100,447965
6139,100,448050
6140,100,448078
6141,-10,448180
6142,100,448206
6143,100,448281
6144,-10,448401
6145,100,448448
6146,100,448531
6147,100,448739
6148,-10,448874
6149,100,448943
6150,100,449022
6151,100,449086
6152,100,449197
6153,100,449218
6154,-10,449347
6155,100,449389
6156,100,449511
6157,100,449590
6158,100,449643
6159,-10,449741
6160,-10,449949
6161,100,450010
6162,100,450141
6163,100,450218
6164,100,450556
6165,-10,450626
6166,100,450814
6167,100,451040
6168,-10,451093
6169,100,451228
6170,100,451383
6171,100,451409
6172,100,451579
6173,100,451619
6174,100,451854
6175,100,452072
6176,100,452100
6177,100,452177
6178,100,452202
6179,100,452491
6180,100,452610
6181,100,452750
6182,100,452795
6183,100,452815
6184,100,452888
6185,100,452954
6186,100,453173
6187,100,453338
6188,100,453506
6189,100,453576
6190,100,453697
6191,100,453960
6192,100,454175
6193,100,454371
6194,100,454457
6195,100,454502
6196,100,454670
6197,100,454906
6198,100,454985
6199,100,455171
6200,100,455224
6201,100,455347
6202,100,455428
6203,100,455477
6204,100,455531
6205,100,455758
6206,100,455783
6207,100,455829
6208,100,455866
6209,100,455993
6210,100,456016
6211,100,456102
6212,100,456177
6213,100,456408
6214,100,456802
6215,100,457014
6216,100,457038
6217,100,457066
6218,-10,457566
6219,100,457725
6220,100,457919
6221,100,457966
6222,100,458109
6223,100,458158
6224,100,458346
6225,100,458429
6226,100,458671
6227,100,458752
6228,100,458848
6229,100,458997
6230,-10,459057
6231,100,459199
6232,100,459209
6233,100,459282
6234,100,459352
6235,100,459465
6236,100,459515
6237,100,459576
6238,100,459727
6239,100,459871
6240,100,460159
6241,100,460271
6242,100,460307
6243,100,460461
6244,100,460599
6245,100,460653
6246,-10,460944
6247,100,461021
6248,100,461145
6249,100,461183
6250,-10,461683
6251,-10,461837
6252,100,461985
6253,100,462030
6254,-10,462530
6255,100,462538
6256,100,462698
6257,100,463090
6258,100,463139
6259,100,463262
6260,100,463343
6261,100,463411
6262,100,463480
6263,100,463563
6264,100,463597
6265,100,463666
6266,100,463737
6267,100,463847
6268,100,463854
6269,100,463883
6270,100,463926
6271,100,463973
6272,100,464016
6273,-10,464286
6274,100,464333
6275,100,464384
6276,100,464433
6277,100,464471
6278,-10,464517
6279,100,464559
6280,100,464677
6281,100,464752
6282,100,464792
6283,100,464921
6284,100,465086
6285,-10,465116
6286,100,465156
6287,100,465189
6288,100,465269
6289,100,465342
6290,100,465437
6291,100,465452
6292,100,465501
6293,100,465560
6294,100,465610
6295,100,465684
6296,100,465757
6297,100,465828
6298,100,465919
6299,100,465974
6300,100,466049
6301,100,466153
6302,100,466189
6303,-10,466214
6304,100,466242
6305,100,466350
6306,100,466357
6307,100,466433
6308,100,466707
6309,-10,466840
6310,-10,466877
6311,-10,466999
6312,100,467060
6313,100,467368
6314,100,467620
6315,100,467697
6316,100,467714
6317,100,467744
6318,100,467790
6319,100,467858
6320,100,467888
6321,-10,468388
6322,100,468506
6323,100,468602
6324,100,468664
6325,100,468734
6326,100,468776
6327,100,468845
6328,100,468966
6329,100,469015
6330,100,469030
6331,100,469125
6332,100,469157
6333,100,469174
6334,100,469261
6335,100,469284
6336,-10,469319
6337,100,469418
6338,100,469480
6339,100,469652
6340,100,469718
6341,100,469869
6342,100,469944
6343,100,470068
6344,100,470118
6345,100,470187
6346,100,470214
6347,100,470251
6348,100,470403
6349,100,470710
6350,100,470793
6351,-10,471048
6352,-10,471343
6353,100,471386
6354,100,471472
6355,100,471612
6356,100,471686
6357,100,471869
6358,100,471914
6359,100,471943
6360,100,471962
6361,-10,471993
6362,100,472086
6363,100,472186
6364,-10,472213
6365,100,472288
6366,100,472322
6367,100,472345
6368,100,472395
6369,100,472509
6370,100,472553
6371,100,472602
6372,-10,472626
6373,100,472688
6374,100,472763
6375,-10,472821
6376,-10,473321
6377,-10,473377
6378,-10,473498
6379,100,473528
6380,-10,473562
6381,100,473596
6382,-10,473673
6383,100,473782
6384,100,473833
6385,100,473919
6386,100,473943
6387,100,474096
6388,100,474152
6389,100,474296
6390,100,474433
6391,100,474474
6392,100,474529
6393,100,474673
6394,-10,474805
6395,100,474867
6396,-10,474926
6397,-10,474961
6398,100,475007
6399,100,475103
6400,-10,475133
6401,100,475215
6402,100,475232
6403,100,475405
6404,100,475504
6405,100,475543
6406,100,475639
6407,100,475659
6408,100,475724
6409,-10,475744
6410,100,475814
6411,100,475881
6412,100,475953
6413,100,476027
6414,-10,476073
6415,100,476124
6416,100,476304
6417,100,476365
6418,-10,476378
6419,-10,476878
6420,100,476980
6421,100,477024
6422,100,477171
6423,100,477606
6424,100,477657
6425,100,477705
6426,100,477741
6427,100,477832
6428,100,477889
6429,100,477915
6430,100,478082
6431,100,478224
6432,100,478384
6433,-10,478884
6434,100,478955
6435,-10,479050
6436,-10,479178
6437,100,479222
6438,100,479265
6439,100,479311
6440,100,479384
6441,100,479445
6442,-10,479945
6443,100,479975
6444,100,480078
6445,100,480213
6446,100,480240
6447,100,480379
6448,100,480425
6449,100,480474
6450,100,480496
6451,-10,480598
6452,100,480661
6453,100,480807
6454,-10,480833
6455,100,481024
6456,100,481176
6457,100,481242
6458,100,481276
6459,-10,481304
6460,100,481319
6461,100,481339
6462,100,481362
6463,100,481450
6464,100,481567
6465,100,481683
6466,100,481723
6467,100,481803
6468,100,481877
6469,100,482041
6470,100,482167
6471,100,482229
6472,100,482270
6473,100,482418
6474,100,482453
6475,-10,482535
6476,100,482586
6477,100,482706
6478,100,482778
6479,100,482786
6480,100,482832
6481,100,482977
6482,100,483067
6483,100,483136
6484,100,483257
6485,100,483292
6486,100,483362
6487,100,483394
6488,100,483411
6489,100,483445
6490,100,483476
6491,100,483582
6492,-10,483877
6493,100,483911
6494,100,484024
6495,100,484091
6496,100,484163
6497,100,484191
6498,100,484358
6499,100,484399
6500,100,484414
6501,100,484473
6502,-10,484558
6503,100,484638
6504,100,484772
6505,100,484797
6506,-10,484824
6507,100,484857
6508,100,484905
6509,100,484958
6510,100,485106
6511,100,485248
6512,-10,485261
6513,100,485425
6514,100,485548
6515,100,485563
6516,100,485589
6517,100,485614
6518,100,485657
6519,100,485792
6520,100,485807
6521,100,485843
6522,100,485955
6523,-10,486050
6524,100,486207
6525,100,486253
6526,100,486298
6527,100,486320
6528,100,486409
6529,100,486434
6530,100,486467
6531,100,486501
6532,100,486514
6533,100,486650
6534,100,486701
6535,100,486878
6536,100,487040
6537,100,487066
6538,100,487203
6539,100,487291
6540,100,487342
6541,100,487415
6542,100,487460
6543,100,487539
6544,100,487571
6545,100,487659
6546,-10,487836
6547,100,487916
6548,100,488055
6549,100,488123
6550,100,488227
6551,100,488336
6552,100,488589
6553,100,488670
6554,100,488714
6555,-10,488814
6556,100,488845
6557,100,488871
6558,100,489020
6559,100,489071
6560,100,489085
6561,100,489209
6562,100,489238
6563,-10,489337
6564,100,489379
6565,100,489493
6566,100,489601
6567,100,489644
6568,100,489744
6569,100,489827
6570,100,489897
6571,100,489971
6572,100,489986
6573,100,490006
6574,100,490048
6575,100,490093
6576,-10,490171
6577,-10,490266
6578,100,490311
6579,100,490404
6580,100,490435
6581,100,490514
6582,100,490563
6583,100,490888
6584,100,491012
6585,100,491097
6586,100,491179
6587,100,491200
6588,-10,491700
6589,100,491709
6590,100,491731
6591,100,491824
6592,100,491973
6593,100,491987
6594,100,492066
6595,-10,492119
6596,100,492189
6597,100,492343
6598,100,492415
6599,100,492547
6600,100,492592
6601,100,492666
6602,100,492745
6603,100,492917
6604,100,493050
6605,100,493154
6606,100,493201
6607,100,493227
6608,100,493314
6609,100,493456
6610,100,493498
6611,100,493562
6612,100,493653
6613,100,493798
6614,100,493849
6615,100,493920
6616,100,493939
6617,-10,494036
6618,100,494090
6619,100,494208
6620,100,494313
6621,100,494341
6622,100,494384
6623,100,494513
6624,100,494582
6625,100,494625
6626,100,494778
6627,100,494813
6628,100,494958
6629,100,494987
6630,100,495018
6631,100,495100
6632,100,495147
6633,100,495219
6634,100,495292
6635,100,495373
6636,100,495406
6637,-10,495484
6638,100,495522
6639,100,495556
6640,100,495587
6641,100,495667
6642,100,495739
6643,-10,495917
6644,100,495963
6645,100,495978
6646,100,496092
6647,100,496151
6648,100,496193
6649,100,496225
6650,100,496324
6651,100,496422
6652,100,496459
6653,100,496572
6654,100,496645
6655,100,496787
6656,100,496805
6657,100,496913
6658,100,496983
6659,100,497029
6660,100,497083
6661,100,497228
6662,100,497306
6663,100,497378
6664,100,497459
6665,100,497520
6666,100,497552
6667,100,497596
6668,100,497668
6669,100,497746
6670,100,497764
6671,100,497780
6672,100,497833
6673,100,497840
6674,100,497979
6675,100,497995
6676,100,498042
6677,100,498116
6678,100,498148
6679,100,498184
6680,100,498235
6681,100,498279
6682,100,498380
6683,100,498416
6684,100,498515
6685,100,498565
6686,100,498663
6687,100,498699
6688,-10,498728
6689,100,498788
6690,100,498801
6691,100,498899
6692,100,499067
6693,100,499176
6694,100,499304
6695,100,499338
6696,100,499431
6697,100,499562
6698,100,499613
6699,100,499664
6700,100,499838
6701,100,499918
6702,100,499967
6703,100,499994
6704,100,500031
6705,100,500059
6706,100,500162
6707,100,500236
6708,100,500278
6709,100,500427
6710,100,500491
6711,100,500530
6712,100,500557
6713,100,500648
6714,100,500693
6715,100,500767
6716,100,500812
6717,100,500957
6718,100,501086
6719,100,501258
6720,-10,501306
6721,100,501352
6722,100,501458
6723,100,501493
6724,100,501507
6725,100,501534
6726,100,501578
6727,100,501645
6728,100,502063
6729,-10,502076
6730,100,502127
6731,100,502157
6732,100,502231
6733,100,502313
6734,100,502340
6735,100,502384
6736,100,502446
6737,100,502479
6738,100,502495
6739,100,502559
6740,100,502621
6741,100,502689
6742,100,502731
6743,100,503035
6744,100,503077
6745,100,503144
6746,100,503175
6747,100,503192
6748,100,503255
6749,100,503286
6750,100,503375
6751,100,503389
6752,100,503429
6753,100,503453
6754,100,503467
6755,100,503509
6756,100,503588
6757,100,503621
6758,100,503682
6759,100,503758
6760,100,503848
6761,100,503888
6762,100,504031
6763,100,504149
6764,100,504282
6765,100,504298
6766,100,504349
6767,100,504373
6768,100,504439
6769,100,504470
6770,100,504564
6771,100,504577
6772,100,504597
6773,100,504657
6774,100,504764
6775,100,504817
6776,100,504834
6777,100,504885
6778,100,504933
6779,100,504953
6780,100,504965
6781,100,505048
6782,-10,505548
6783,-10,505579
6784,100,505681
6785,100,505727
6786,100,505753
6787,100,505851
6788,100,505864
6789,100,505943
6790,100,505993
6791,100,506130
6792,100,506167
6793,100,506241
6794,100,506394
6795,100,506413
6796,100,506467
6797,-10,506499
6798,100,506660
6799,100,506674
6800,100,506760
6801,100,506835
6802,100,506876
6803,100,507202
6804,100,507287
6805,100,507353
6806,100,507382
6807,100,507433
6808,-10,507933
6809,-10,508008
6810,100,508113
6811,100,508138
6812,100,508201
6813,100,508229
6814,100,508243
6815,100,508373
6816,100,508407
6817,100,508501
6818,100,508637
6819,100,508663
6820,100,508706
6821,100,508767
6822,100,508922
6823,100,509030
6824,100,509085
6825,100,509117
6826,100,509160
6827,100,509168
6828,100,509212
6829,-10,509308
6830,100,509408
6831,100,509437
6832,100,509566
6833,100,509601
6834,100,509664
6835,100,509800
6836,100,509837
6837,100,509977
6838,100,509999
6839,100,510080
6840,100,510104
6841,100,510133
6842,100,510174
6843,100,510265
6844,100,510303
6845,-10,510341
6846,-10,510381
6847,100,510473
6848,100,510523
6849,-10,510616
6850,-10,511116
6851,100,511187
6852,100,511287
6853,-10,511787
6854,-10,512287
6855,100,512333
6856,100,512352
6857,100,512446
6858,100,512520
6859,100,512530
6860,100,512691
6861,100,512734
6862,100,512777
6863,100,512925
6864,100,512972
6865,100,513043
6866,100,513088
6867,100,513179
6868,100,513190
6869,100,513262
6870,100,513350
6871,100,513366
6872,-10,513460
6873,-10,513960
6874,100,514010
6875,-10,514050
6876,100,514201
6877,100,514239
6878,100,514322
6879,-10,514822
6880,100,514865
6881,100,514908
6882,100,514939
6883,100,515028
6884,100,515063
6885,100,515108
6886,100,515172
6887,100,515201
6888,100,515243
6889,100,515284
6890,100,515419
6891,100,515563
6892,-10,515585
6893,100,515617
6894,100,515763
6895,100,515832
6896,100,515868
6897,-10,516368
6898,100,516399
6899,100,516405
6900,100,516460
6901,100,516491
6902,100,516601
6903,100,516746
6904,100,516888
6905,-10,516993
6906,100,517006
6907,100,517045
6908,100,517145
6909,100,517217
6910,100,517321
6911,100,517371
6912,100,517433
6913,100,517524
6914,100,517568
6915,100,517623
6916,100,517670
6917,100,517689
6918,100,517793
6919,100,517834
6920,100,517955
6921,100,517984
6922,100,518021
6923,100,518066
6924,100,518213
6925,100,518279
6926,100,518307
6927,100,518401
6928,100,518484
6929,-10,518984
6930,100,518998
6931,100,519082
6932,100,519118
6933,100,519237
6934,100,519260
6935,100,519292
6936,100,519336
6937,100,519458
6938,100,519545
6939,100,519679
6940,100,519772
6941,100,519894
6942,100,519931
6943,100,519973
6944,100,520045
6945,100,520073
6946,100,520105
6947,100,520262
6948,100,520338
6949,100,520369
6950,-10,520812
6951,100,520821
6952,-10,520855
6953,100,520993
6954,100,521042
6955,100,521138
6956,100,521183
6957,100,521221
6958,100,521239
6959,100,521288
6960,-10,521323
6961,100,521357
6962,100,521412
6963,100,521503
6964,100,521541
6965,100,521601
6966,-10,522101
6967,100,522148
6968,100,522246
6969,100,522367
6970,100,522409
6971,-10,522449
6972,100,522530
6973,100,522558
6974,100,522592
6975,100,522652
6976,100,522756
6977,100,522793
6978,100,522935
6979,100,523005
6980,100,523099
6981,100,523219
6982,100,523263
6983,100,523315
6984,-10,523359
6985,100,523424
6986,100,523502
6987,100,523571
6988,100,523646
6989,100,523746
6990,100,523799
6991,100,523845
6992,100,523908
6993,100,523950
6994,100,524025
6995,100,524061
6996,100,524132
6997,100,524184
6998,100,524253
6999,100,524321
7000,100,524383
7001,100,524413
7002,100,524485
7003,100,524609
7004,100,524673
7005,100,524732
7006,100,524792
7007,100,524885
7008,100,524955
7009,100,524978
7010,100,525070
7011,100,525100
7012,100,525159
7013,100,525220
7014,100,525235
7015,100,525274
7016,-10,525323
7017,100,525388
7018,-10,525609
7019,100,525684
7020,100,525697
7021,100,525778
7022,100,525796
7023,100,525855
7024,100,525916
7025,-10,526416
7026,100,526554
7027,100,526599
7028,100,526684
7029,100,526796
7030,100,526883
7031,100,526967
7032,100,527002
7033,100,527060
7034,100,527121
7035,-10,527373
7036,100,527445
7037,100,527500
7038,100,527586
7039,100,527627
7040,100,527717
7041,100,527758
7042,100,527889
7043,100,527918
7044,100,528008
7045,-10,528059
7046,100,528161
7047,100,528222
7048,100,528298
7049,100,528380
7050,-10,528414
7051,100,528466
7052,100,528508
7053,100,528572
7054,100,528618
7055,100,528655
7056,100,528751
7057,100,528871
7058,100,529006
7059,100,529082
7060,100,529116
7061,100,529213
7062,100,529226
7063,100,529297
7064,100,529368
7065,100,529458
7066,100,529499
7067,100,529570
7068,100,529625
7069,100,529654
7070,100,529796
7071,100,530106
7072,100,530227
7073,100,530315
7074,100,530397
7075,100,530463
7076,100,530498
7077,100,530630
7078,100,530728
7079,100,530800
7080,-10,530812
7081,100,530950
7082,100,530977
7083,-10,531004
7084,100,531034
7085,100,531090
7086,100,531220
7087,100,531255
7088,100,531349
7089,100,531436
7090,100,531509
7091,100,531688
7092,100,531789
7093,100,531886
7094,100,531972
7095,100,532037
7096,100,532067
7097,-10,532119
7098,100,532200
7099,100,532267
7100,100,532573
7101,100,532647
7102,100,532695
7103,100,532825
7104,100,532863
7105,-10,533157
7106,100,533203
7107,-10,533230
7108,100,533319
7109,100,533382
7110,100,533412
7111,100,533446
7112,100,533545
7113,100,533732
7114,100,533745
7115,100,533776
7116,100,533860
7117,-10,533917
7118,100,533994
7119,-10,534104
7120,100,534505
7121,100,534555
7122,100,534652
7123,100,534696
7124,-10,534747
7125,100,534796
7126,100,534867
7127,100,534893
7128,100,534958
7129,100,534999
7130,100,535113
7131,100,535203
7132,100,535244
7133,100,535287
7134,100,535316
7135,100,535342
7136,100,535369
7137,100,535423
7138,100,535465
7139,100,535480
7140,-10,535572
7141,-10,535633
7142,100,535729
7143,-10,535757
7144,100,535803
7145,-10,535835
7146,100,535876
7147,100,535928
7148,100,535954
7149,100,536019
7150,100,536065
7151,-10,536156
7152,100,536171
7153,100,536218
7154,100,536359
7155,100,536394
7156,100,536426
7157,100,536504
7158,100,536569
7159,100,536672
7160,100,536810
7161,-10,536903
7162,100,537016
7163,100,537084
7164,100,537198
7165,100,537257
7166,100,537303
7167,100,537383
7168,100,537422
7169,100,537462
7170,100,537499
7171,100,537648
7172,100,537663
7173,100,537811
7174,100,537849
7175,100,537925
7176,-10,537963
7177,100,537995
7178,100,538035
7179,100,538101
7180,-10,538142
7181,100,538176
7182,100,538317
7183,100,538349
7184,100,538476
7185,100,538517
7186,100,538550
7187,100,538619
7188,100,538647
7189,100,538697
7190,100,538816
7191,100,538926
7192,100,538999
7193,100,539040
7194,100,539079
7195,100,539180
7196,100,539245
7197,100,539312
7198,100,539371
7199,100,539498
7200,100,539600
7201,100,539723
7202,100,539880
7203,100,540034
7204,100,540155
7205,100,540234
7206,100,540351
7207,100,540388
7208,100,540542
7209,100,540644
7210,100,540749
7211,100,540879
7212,100,540974
7213,100,540995
7214,100,541089
7215,100,541183
7216,100,541288
7217,100,541335
7218,100,541371
7219,100,541413
7220,100,541445
7221,100,541522
7222,100,541589
7223,100,541597
7224,100,541624
7225,100,541660
7226,-10,541699
7227,100,541713
7228,100,541809
7229,-10,541903
7230,100,542039
7231,100,542067
7232,100,542083
7233,100,542130
7234,-10,542227
7235,100,542271
7236,100,542297
7237,100,542376
7238,100,542494
7239,100,542554
7240,100,542587
7241,100,542684
7242,100,542728
7243,100,542808
7244,100,542926
7245,100,542983
7246,100,543126
7247,-10,543172
7248,100,543245
7249,100,543324
7250,100,543439
7251,100,543458
7252,100,543601
7253,100,543745
7254,100,543780
7255,100,543804
7256,100,543817
7257,100,543863
7258,100,543995
7259,100,544061
7260,100,544097
7261,100,544120
7262,100,544168
7263,100,544231
7264,100,544274
7265,100,544307
7266,100,544430
7267,100,544560
7268,100,544576
7269,100,544621
7270,100,544654
7271,100,544690
7272,-10,544745
7273,100,544794
7274,100,544848
7275,100,544977
7276,100,545027
7277,-10,545066
7278,100,545097
7279,100,545171
7280,100,545203
7281,100,545294
7282,100,545319
7283,100,545353
7284,100,545381
7285,100,545417
7286,100,545484
7287,-10,545588
7288,100,545605
7289,100,545630
7290,-10,545983
7291,100,546018
7292,100,546046
7293,100,546181
7294,100,546262
7295,100,546362
7296,100,546464
7297,-10,546526
7298,100,546622
7299,100,546751
7300,100,546826
7301,100,546835
7302,100,546873
7303,100,546911
7304,100,546952
7305,100,547038
7306,100,547082
7307,100,547194
7308,-10,547236
7309,100,547341
7310,100,547429
7311,100,547516
7312,100,547652
7313,100,547702
7314,100,547734
7315,100,547778
7316,100,547887
7317,100,547913
7318,100,547957
7319,100,548023
7320,100,548100
7321,100,548197
7322,100,548241
7323,100,548382
7324,-10,548473
7325,100,548558
7326,100,548603
7327,100,548639
7328,-10,548796
7329,100,548933
7330,100,549015
7331,100,549155
7332,100,549267
7333,100,549296
7334,-10,549336
7335,100,549504
7336,100,549659
7337,100,549692
7338,100,549735
7339,100,549823
7340,100,549871
7341,100,549979
7342,100,550021
7343,-10,550114
7344,100,550252
7345,100,550342
7346,100,550440
7347,100,550515
7348,100,550581
7349,100,550669
7350,100,550682
7351,100,550760
7352,100,550800
7353,100,550813
7354,100,550866
7355,100,551025
7356,100,551130
7357,100,551171
7358,100,551264
7359,100,551330
7360,100,551378
7361,100,551480
7362,100,551554
7363,100,551584
7364,100,551622
7365,-10,551708
7366,100,551771
7367,100,551870
7368,-10,551965
7369,100,552010
7370,100,552076
7371,100,552138
7372,100,552178
7373,100,552267
7374,100,552301
7375,100,552361
7376,100,552462
7377,100,552486
7378,100,552528
7379,100,552566
7380,100,552597
7381,100,552712
7382,100,552762
7383,100,552851
7384,100,552917
7385,100,553017
7386,100,553147
7387,-10,553553
7388,-10,553585
7389,100,553628
7390,100,553754
7391,100,553759
7392,-10,553853
7393,100,553902
7394,-10,554008
7395,100,554169
7396,100,554225
7397,100,554326
7398,100,554383
7399,100,554496
7400,100,554533
7401,100,554578
7402,100,554614
7403,100,554646
7404,100,554763
7405,100,554857
7406,100,554924
7407,100,554984
7408,100,555071
7409,100,555105
7410,100,555184
7411,100,555213
7412,100,555338
7413,100,555413
7414,100,555744
7415,100,555775
7416,-10,556275
7417,100,556345
7418,100,556429
7419,100,556485
7420,100,556683
7421,100,556754
7422,100,556783
7423,100,556889
7424,100,556969
7425,100,557069
7426,100,557132
7427,100,557210
7428,100,557296
7429,100,557385
7430,100,557425
7431,100,557467
7432,100,557497
7433,100,557575
7434,100,557713
7435,100,557745
7436,100,557752
7437,100,557812
7438,-10,557901
7439,100,557963
7440,100,557992
7441,100,558045
7442,100,558113
7443,100,558239
7444,100,558324
7445,100,558423
7446,100,558507
7447,100,558609
7448,100,558990
7449,100,558998
7450,100,559044
7451,100,559077
7452,100,559145
7453,100,559375
7454,100,559529
7455,100,559562
7456,100,559622
7457,100,559650
7458,100,559788
7459,100,559803
7460,100,559911
7461,100,559960
7462,-10,560020
7463,100,560066
7464,100,560124
7465,100,560255
7466,100,560292
7467,100,560315
7468,100,560392
7469,-10,560504
7470,100,560536
7471,100,560575
7472,100,560707
7473,100,560750
7474,100,560833
7475,100,560890
7476,100,560935
7477,100,561022
7478,100,561035
7479,-10,561090
7480,100,561243
7481,100,561284
7482,100,561292
7483,100,561332
7484,-10,561386
7485,100,561411
7486,100,561467
7487,-10,561562
7488,100,561602
7489,100,561697
7490,100,561774
7491,100,561853
7492,100,561915
7493,100,561959
7494,100,561971
7495,100,561998
7496,100,562064
7497,100,562208
7498,100,562294
7499,100,562665
7500,100,562729
7501,-10,562809
7502,100,562860
7503,100,562936
7504,100,563243
7505,100,563360
7506,100,563386
7507,100,563433
7508,100,563589
7509,100,563594
7510,100,563644
7511,100,563693
7512,-10,563753
7513,100,563781
7514,100,563847
7515,100,563917
7516,100,564076
7517,100,564218
7518,100,564250
7519,-10,564284
7520,100,564432
7521,100,564458
7522,100,564531
7523,100,564604
7524,100,564718
7525,100,564775
7526,100,564878
7527,100,564914
7528,100,564988
7529,100,565071
7530,100,565150
7531,-10,565599
7532,100,565668
7533,100,565685
7534,100,565718
7535,100,565748
7536,100,565889
7537,-10,565922
7538,100,565948
7539,100,565993
7540,100,566041
7541,-10,566090
7542,100,566135
7543,-10,566190
7544,100,566283
7545,100,566322
7546,100,566379
7547,100,566419
7548,100,566488
7549,100,566544
7550,-10,566574
7551,100,566613
7552,100,566671
7553,100,566797
7554,100,566854
7555,100,566900
7556,100,566936
7557,100,567024
7558,100,567062
7559,100,567135
7560,100,567177
7561,100,567269
7562,100,567277
7563,100,567381
7564,100,567431
7565,100,567468
7566,100,567492
7567,100,567553
7568,100,567633
7569,100,567666
7570,-10,567759
7571,-10,567823
7572,100,567938
7573,100,567969
7574,-10,568032
7575,100,568142
7576,100,568169
7577,100,568254
7578,100,568294
7579,100,568351
7580,100,568534
7581,100,568595
7582,100,568742
7583,100,568784
7584,100,568839
7585,100,568867
7586,100,568983
7587,100,569022
7588,100,569102
7589,100,569243
7590,100,569296
7591,100,569444
7592,100,569541
7593,100,569592
7594,100,569614
7595,100,569682
7596,100,569761
7597,100,569800
7598,100,569911
7599,-10,569998
7600,-10,570055
7601,-10,570146
7602,100,570179
7603,100,570276
7604,100,570322
7605,-10,570380
7606,100,570425
7607,100,570493
7608,100,570589
7609,100,570657
7610,100,570673
7611,100,570793
7612,100,570825
7613,100,570963
7614,-10,571027
7615,-10,571086
7616,100,571120
7617,100,571174
7618,100,571240
7619,100,571288
7620,100,571321
7621,-10,571404
7622,100,571502
7623,100,571531
7624,100,571592
7625,100,571640
7626,100,571707
7627,-10,571817
7628,100,571955
7629,100,572102
7630,100,572125
7631,100,572156
7632,100,572289
7633,100,572305
7634,100,572343
7635,100,572389
7636,100,572505
7637,100,572582
7638,100,572659
7639,100,572797
7640,100,572850
7641,100,572980
7642,100,573009
7643,100,573052
7644,100,573172
7645,-10,573219
7646,100,573248
7647,100,573293
7648,100,573331
7649,-10,573395
7650,100,573482
7651,100,573513
7652,100,573551
7653,100,573647
7654,100,573716
7655,100,573748
7656,100,573791
7657,100,573861
7658,100,573880
7659,100,573993
7660,100,574030
7661,100,574106
7662,100,574170
7663,100,574238
7664,100,574301
7665,100,574374
7666,100,574424
7667,100,574459
7668,100,574527
7669,100,574603
7670,100,574641
7671,100,574723
7672,100,574766
7673,-10,574846
7674,100,574929
7675,100,575031
7676,100,575069
7677,100,575105
7678,100,575234
7679,100,575279
7680,100,575376
7681,100,575461
7682,100,575496
7683,-10,575592
7684,100,575617
7685,100,575649
7686,100,575753
7687,100,575798
7688,100,575864
7689,100,575892
7690,100,575928
7691,100,575954
7692,100,576051
7693,100,576137
7694,100,576168
7695,100,576191
7696,100,576290
7697,100,576330
7698,100,576429
7699,100,576441
7700,100,576457
7701,100,576520
7702,100,576603
7703,100,576680
7704,100,576784
7705,100,576919
7706,100,576984
7707,100,577105
7708,-10,577196
7709,100,577299
7710,100,577344
7711,100,577364
7712,100,577463
7713,100,577505
7714,100,577537
7715,100,577611
7716,100,577757
7717,-10,577860
7718,100,577966
7719,-10,578062
7720,100,578087
7721,100,578102
7722,100,578187
7723,100,578220
7724,100,578308
7725,100,578333
7726,100,578347
7727,100,578435
7728,100,578499
7729,100,578602
7730,100,578644
7731,100,578783
7732,-10,578872
7733,100,578964
7734,100,578992
7735,-10,579024
7736,100,579066
7737,100,579131
7738,-10,579357
7739,100,579481
7740,100,579614
7741,100,579683
7742,100,579855
7743,100,579885
7744,100,579891
7745,100,580030
7746,100,580134
7747,100,580199
7748,100,580234
7749,100,580317
7750,100,580366
7751,100,580386
7752,100,580427
7753,100,580475
7754,100,580589
7755,100,580692
7756,-10,580724
7757,100,580757
7758,100,580871
7759,100,580903
7760,100,581030
7761,100,581159
7762,100,581233
7763,100,581375
7764,100,581437
7765,100,581529
7766,100,581543
7767,-10,581579
7768,100,581609
7769,100,581721
7770,100,581765
7771,100,581858
7772,100,581904
7773,100,581974
7774,100,581997
7775,100,582071
7776,100,582153
7777,100,582227
7778,100,582258
7779,100,582285
7780,100,582356
7781,100,582461
7782,100,582519
7783,-10,582578
7784,100,582632
7785,100,582679
7786,100,582700
7787,100,582709
7788,100,582800
7789,100,582844
7790,100,582974
7791,100,583013
7792,100,583028
7793,100,583077
7794,100,583185
7795,100,583210
7796,100,583247
7797,100,583378
7798,100,583525
7799,100,583539
7800,100,583623
7801,100,583662
7802,100,583680
7803,100,583721
7804,100,583775
7805,100,583868
7806,100,584008
7807,-10,584038
7808,100,584059
7809,100,584098
7810,100,584107
7811,100,584141
7812,100,584201
7813,100,584250
7814,100,584320
7815,100,584387
7816,100,584438
7817,100,584492
7818,100,584553
7819,100,584662
7820,100,584692
7821,100,584715
7822,100,584835
7823,100,584952
7824,-10,585046
7825,100,585194
7826,100,585275
7827,-10,585376
7828,100,585409
7829,100,585486
7830,100,585574
7831,100,585712
7832,100,585763
7833,100,585837
7834,100,585946
7835,100,585977
7836,100,586054
7837,100,586080
7838,100,586145
7839,100,586223
7840,100,586259
7841,100,586279
7842,100,586296
7843,100,586363
7844,100,586427
7845,100,586487
7846,100,586540
7847,100,586586
7848,100,586617
7849,100,586662
7850,100,586681
7851,100,586724
7852,100,586754
7853,100,586808
7854,100,586903
7855,100,586961
7856,100,587078
7857,100,587118
7858,100,587213
7859,100,587293
7860,100,587363
7861,-10,587417
7862,100,587479
7863,100,587503
7864,-10,587656
7865,100,587838
7866,100,587879
7867,100,587933
7868,100,587966
7869,100,588088
7870,-10,588149
7871,100,588165
7872,100,588236
7873,100,588349
7874,100,588371
7875,100,588451
7876,100,588541
7877,100,588608
7878,100,588676
7879,100,588775
7880,100,588872
7881,100,588946
7882,-10,588965
7883,100,589002
7884,100,589044
7885,100,589143
7886,100,589252
7887,100,589268
7888,100,589335
7889,100,589395
7890,100,589474
7891,100,589561
7892,100,589627
7893,-10,589768
7894,100,589850
7895,100,589944
7896,100,590086
7897,100,590133
7898,100,590211
7899,100,590255
7900,100,590359
7901,100,590715
7902,100,590748
7903,100,590881
7904,100,590961
7905,100,591013
7906,100,591109
7907,100,591229
7908,100,591245
7909,100,591286
7910,100,591353
7911,100,591392
7912,100,591435
7913,100,591528
7914,100,591567
7915,100,591606
7916,100,591679
7917,100,591723
7918,100,591787
7919,100,591855
7920,100,591938
7921,100,591995
7922,100,592039
7923,100,592173
7924,100,592192
7925,100,592331
7926,-10,592392
7927,100,592499
7928,100,592527
7929,100,592601
7930,100,592643
7931,100,592713
7932,100,592838
7933,100,592929
7934,100,593052
7935,-10,593096
7936,100,593147
7937,100,593291
7938,100,593333
7939,100,593364
7940,100,593474
7941,100,593556
7942,100,593615
7943,100,593691
7944,100,593742
7945,100,593838
7946,100,593853
7947,100,593894
7948,100,593930
7949,100,593958
7950,100,594025
7951,100,594067
7952,100,594124
7953,100,594244
7954,100,594291
7955,100,594351
7956,100,594393
7957,100,594495
7958,100,594628
7959,100,594668
7960,100,594698
7961,100,594793
7962,100,594837
7963,100,594888
7964,100,595044
7965,100,595118
7966,100,595163
7967,100,595252
7968,100,595301
7969,100,595400
7970,100,595474
7971,100,595528
7972,100,595614
7973,100,595628
7974,100,595644
7975,100,595738
7976,100,595848
7977,100,595885
7978,100,595929
7979,100,595951
7980,100,595995
7981,100,596023
7982,100,596066
7983,100,596116
7984,100,596158
7985,100,596252
7986,100,596328
7987,100,596367
7988,100,596410
7989,100,596506
7990,100,596604
7991,100,596646
7992,100,596678
7993,100,596705
7994,100,596801
7995,-10,597301
7996,100,597331
7997,100,597394
7998,100,597491
7999,100,597646
8000,100,597714
8001,100,598123
8002,-10,598221
8003,-10,598418
8004,-10,598524
8005,100,598661
8006,-10,598848
8007,100,598901
8008,100,598998
8009,100,599083
8010,100,599253
8011,100,599576
8012,100,599596
8013,-10,599669
8014,-10,599782
8015,-10,599941
8016,100,600051
8017,100,600182
8018,100,600268
8019,100,600363
8020,-10,600554
8021,100,600672
8022,100,600815
8023,-10,600937
8024,100,601052
8025,100,601087
8026,-10,601198
8027,-10,601387
8028,-10,601538
8029,100,601639
8030,100,601788
8031,-10,601925
8032,100,602079
8033,-10,602232
8034,-10,602281
8035,-10,602390
8036,-10,602527
8037,-10,602667
8038,100,602836
8039,-10,602975
8040,100,603072
8041,100,603158
8042,100,603238
8043,-10,603325
8044,100,603424
8045,-10,603622
8046,-10,603753
8047,-10,604253
8048,100,604354
8049,100,604383
8050,-10,604468
8051,100,604932
8052,100,605119
8053,100,605313
8054,-10,605461
8055,-10,605658
8056,-10,605773
8057,-10,606273
8058,-10,606429
8059,100,606534
8060,-10,607034
8061,-10,607157
8062,100,607244
8063,-10,607331
8064,-10,607483
8065,100,607661
8066,100,607789
8067,100,608152
8068,100,608261
8069,-10,608590
8070,100,608929
8071,100,609125
8072,100,609225
8073,100,609370
8074,100,609473
8075,100,609802
8076,100,610147
8077,100,610279
8078,100,610392
8079,100,610668
8080,100,610718
8081,100,610795
8082,100,610815
8083,-10,611191
8084,100,611347
8085,100,611521
8086,100,611633
8087,-10,611941
8088,100,612132
8089,100,612228
8090,-10,612285
8091,-10,612429
8092,-10,612929
8093,-10,613230
8094,100,613319
8095,100,613522
8096,100,613654
8097,100,613761
8098,-10,613916
8099,100,614006
8100,100,614270
8101,100,614391
8102,100,614704
8103,100,614834
8104,100,614869
8105,100,615005
8106,100,615080
8107,-10,615510
8108,100,615655
8109,100,616012
8110,100,616092
8111,-10,616156
8112,-10,616299
8113,-10,616477
8114,100,616659
8115,100,617094
8116,100,617202
8117,100,617426
8118,100,617610
8119,100,617629
8120,100,617772
8121,100,617918
8122,100,618101
8123,100,618239
8124,100,618377
8125,100,618472
8126,100,618612
8127,100,618647
8128,100,618722
8129,100,618873
8130,100,619020
8131,100,619191
8132,-10,619288
8133,100,619486
8134,100,619571
8135,100,619660
8136,100,619861
8137,100,620039
8138,100,620300
8139,100,620671
8140,100,620808
8141,100,620939
8142,100,621103
8143,-10,621253
8144,100,621435
8145,100,621524
8146,100,621595
8147,-10,622095
8148,100,622126
8149,-10,622626
8150,100,622775
8151,100,622855
8152,-10,623355
8153,100,623499
8154,100,623664
8155,-10,624164
8156,100,624261
8157,100,624348
8158,100,624483
8159,100,624648
8160,100,624790
8161,100,624884
8162,-10,624983
8163,100,625063
8164,100,625087
8165,100,625237
8166,100,625684
8167,-10,626004
8168,100,626140
8169,100,626203
8170,100,626336
8171,100,626498
8172,100,626555
8173,100,626666
8174,-10,627166
8175,-10,627666
8176,100,627934
8177,100,627969
8178,-10,628153
8179,100,628284
8180,100,628374
8181,100,628712
8182,100,629057
8183,100,629176
8184,100,629262
8185,-10,629664
8186,100,629665
8187,100,629781
8188,100,629937
8189,100,629989
8190,100,630412
8191,-10,630540
8192,100,630636
8193,-10,631136
8194,100,631253
8195,100,631407
8196,100,631538
8197,100,631683
8198,-10,631973
8199,-10,632109
8200,100,632388
8201,100,632472
8202,100,632560
8203,-10,632686
8204,100,632857
8205,100,632910
8206,100,633032
8207,100,633069
8208,100,633138
8209,100,633253
8210,-10,633753
8211,100,633875
8212,100,633993
8213,100,634361
8214,100,634481
8215,100,634607
8216,100,634925
8217,-10,635018
8218,100,635133
8219,100,635323
8220,-10,635633
8221,100,635894
8222,100,636000
8223,100,636121
8224,100,636247
8225,-10,636747
8226,100,636858
8227,-10,637358
8228,-10,637660
8229,-10,637841
8230,-10,638120
8231,-10,638620
8232,100,638730
8233,100,638810
8234,100,638957
8235,100,639131
8236,-10,639631
8237,100,639727
8238,-10,639849
8239,100,639971
8240,100,640076
8241,100,640123
8242,100,640296
8243,100,640498
8244,100,640614
8245,-10,640853
8246,-10,641353
8247,100,641643
8248,100,641680
8249,100,641729
8250,100,641848
8251,100,642124
8252,-10,642443
8253,100,642586
8254,100,642677
8255,100,642846
8256,100,642952
8257,100,643423
8258,100,643753
8259,100,643901
8260,100,644203
8261,-10,644703
8262,-10,644847
8263,-10,645184
8264,100,645358
8265,100,645440
8266,-10,645640
8267,100,645659
8268,100,645823
8269,-10,646045
8270,100,646144
8271,-10,646644
8272,100,646804
8273,100,646943
8274,100,647032
8275,100,647402
8276,-10,647902
8277,100,648237
8278,100,648356
8279,100,648539
8280,-10,649039
8281,100,649527
8282,100,649691
8283,-10,650191
8284,100,650318
8285,100,650463
8286,100,650577
8287,100,650738
8288,100,650926
8289,100,651014
8290,100,651152
8291,100,651593
8292,100,651755
8293,-10,651972
8294,100,652068
8295,100,652263
8296,-10,652638
8297,-10,653138
8298,100,653310
8299,100,653397
8300,100,653528
8301,100,653968
8302,100,653992
8303,-10,654492
8304,100,654592
8305,100,654736
8306,100,654850
8307,-10,655215
8308,-10,655281
8309,100,655744
8310,-10,655957
8311,-10,656127
8312,100,656238
8313,-10,656353
8314,100,656540
8315,-10,656849
8316,100,656926
8317,100,657099
8318,-10,657575
8319,100,657744
8320,100,657843
8321,-10,658343
8322,100,658490
8323,100,658849
8324,-10,659349
8325,-10,659403
8326,-10,659730
8327,100,660025
8328,-10,660525
8329,-10,661025
8330,-10,661525
8331,100,661835
8332,100,662080
8333,100,662264
8334,-10,662324
8335,100,662635
8336,100,662739
8337,100,662909
8338,100,663097
8339,100,663397
8340,100,663742
8341,100,663863
8342,100,663991
8343,100,664010
8344,-10,664510
8345,100,664598
8346,100,664716
8347,100,664900
8348,100,665008
8349,100,665128
8350,100,665217
8351,100,665359
8352,100,665846
8353,100,665880
8354,-10,665997
8355,100,666062
8356,100,666410
8357,-10,666855
8358,100,666949
8359,-10,667289
8360,100,667414
8361,100,667756
8362,100,668246
8363,100,668315
8364,100,668423
8365,100,668673
8366,100,668761
8367,100,669114
8368,100,669191
8369,100,669282
8370,100,669465
8371,-10,669898
8372,100,670026
8373,-10,670224
8374,-10,670622
8375,-10,670833
8376,100,671094
8377,100,671224
8378,-10,671724
8379,100,671810
8380,-10,672310
8381,100,672466
8382,-10,672613
8383,100,672716
8384,100,672841
8385,100,672986
8386,-10,673486
8387,-10,673631
8388,100,673795
8389,100,673981
8390,-10,674481
8391,-10,674528
8392,100,674529
8393,100,674674
8394,-10,675174
8395,100,675232
8396,-10,675372
8397,-10,675575
8398,100,675612
8399,100,676080
8400,100,676225
8401,100,676418
8402,-10,676918
8403,100,677250
8404,100,677658
8405,100,677953
8406,-10,678453
8407,-10,678953
8408,-10,679045
8409,100,679200
8410,-10,679307
8411,-10,679807
8412,100,679886
8413,100,680111
8414,-10,680611
8415,100,680635
8416,100,680808
8417,-10,681308
8418,100,681435
8419,100,681513
8420,100,681751
8421,100,681854
8422,100,681991
8423,100,682091
8424,-10,682591
8425,100,682728
8426,100,682868
8427,-10,682979
8428,100,683081
8429,100,683178
8430,100,683262
8431,100,683449
8432,-10,683855
8433,-10,684000
8434,-10,684141
8435,-10,684641
8436,-10,685009
8437,100,685080
8438,100,685176
8439,-10,685676
8440,100,685830
8441,100,686256
8442,100,686629
8443,100,686728
8444,100,686847
8445,-10,687347
8446,100,687578
8447,100,687715
8448,-10,688116
8449,100,688190
8450,100,688344
8451,100,688417
8452,-10,688836
8453,100,688900
8454,100,689017
8455,-10,689425
8456,100,689644
8457,-10,689840
8458,-10,690340
8459,100,690449
8460,100,690532
8461,100,690723
8462,-10,690941
8463,100,691087
8464,100,691307
8465,100,691445
8466,100,691561
8467,100,691689
8468,100,691827
8469,-10,692327
8470,-10,692545
8471,100,692646
8472,-10,692815
8473,100,692944
8474,100,693111
8475,100,693260
8476,100,693286
8477,100,693425
8478,100,693519
8479,-10,693631
8480,100,693745
8481,100,694145
8482,100,694235
8483,-10,694450
8484,-10,694654
8485,-10,695154
8486,100,695261
8487,100,695279
8488,-10,695502
8489,100,695692
8490,100,695861
8491,-10,696027
8492,100,696178
8493,100,696475
8494,-10,696975
8495,100,697082
8496,100,697190
8497,100,697288
8498,100,697658
8499,100,697772
8500,100,697943
8501,100,698096
8502,-10,698596
8503,-10,699096
8504,-10,699438
8505,100,699517
8506,100,699683
8507,100,699848
8508,100,700063
8509,100,700219
8510,100,700310
8511,100,700390
8512,100,700473
8513,100,700578
8514,100,700638
8515,100,700779
8516,100,700905
8517,100,701386
8518,100,701425
8519,-10,701925
8520,100,702024
8521,100,702143
8522,-10,702643
8523,-10,702783
8524,100,703034
8525,100,703103
8526,100,703418
8527,-10,703918
8528,100,704381
8529,-10,704555
8530,100,705030
8531,-10,705530
8532,100,705632
8533,100,705737
8534,-10,706237
8535,-10,706737
8536,100,706920
8537,100,707115
8538,-10,707575
8539,100,707812
8540,-10,708022
8541,-10,708522
8542,100,708673
8543,-10,708828
8544,100,709095
8545,100,709240
8546,-10,709660
8547,100,709949
8548,100,710060
8549,-10,710290
8550,100,710473
8551,100,710556
8552,100,710627
8553,100,710628
8554,-10,711128
8555,-10,711628
8556,100,711707
8557,-10,712032
8558,100,712222
8559,100,712690
8560,100,713108
8561,100,713278
8562,-10,713727
8563,100,713801
8564,100,713901
8565,100,714041
8566,-10,714541
8567,-10,714957
8568,-10,715457
8569,100,715606
8570,100,715879
8571,100,715905
8572,100,716024
8573,100,716145
8574,100,716345
8575,-10,716845
8576,100,717325
8577,100,717405
8578,-10,717905
8579,100,717953
8580,-10,718453
8581,100,718939
8582,-10,719439
8583,100,719530
8584,100,719618
8585,100,720088
8586,100,720344
8587,100,720499
8588,100,720623
8589,100,720679
8590,100,720833
8591,100,720902
8592,100,720977
8593,100,721058
8594,100,721144
8595,-10,721644
8596,100,721823
8597,100,722014
8598,100,722149
8599,-10,722529
8600,-10,723029
8601,100,723335
8602,100,723404
8603,-10,723644
8604,100,723739
8605,100,723792
8606,100,723930
8607,-10,724430
8608,-10,724930
8609,100,725027
8610,-10,725527
8611,-10,725592
8612,100,725916
8613,-10,726416
8614,100,726910
8615,100,727055
8616,100,727515
8617,-10,728015
8618,100,728173
8619,-10,728443
8620,-10,728943
8621,-10,729019
8622,100,729059
8623,100,729164
8624,100,729333
8625,100,729819
8626,100,729944
8627,100,730125
8628,100,730176
8629,100,730321
8630,-10,730821
8631,100,730902
8632,-10,731402
8633,100,731521
8634,100,731608
8635,100,731727
8636,100,731929
8637,100,732029
8638,-10,732529
8639,100,732629
8640,-10,732937
8641,100,733202
8642,-10,733373
8643,100,733688
8644,100,733808
8645,-10,734237
8646,100,734294
8647,100,734370
8648,100,734371
8649,100,734467
8650,100,734623
8651,100,734685
8652,100,734764
8653,100,734782
8654,-10,735145
8655,100,735473
8656,-10,735693
8657,-10,735900
8658,100,736023
8659,-10,736451
8660,-10,736603
8661,-10,736822
8662,-10,737040
8663,100,737159
8664,100,737350
8665,100,737438
8666,100,737519
8667,100,737562
8668,100,737649
8669,100,737750
8670,-10,738250
8671,-10,738750
8672,100,738866
8673,-10,738988
8674,100,739113
8675,-10,739613
8676,100,739806
8677,-10,740306
8678,100,740399
8679,100,740492
8680,100,740633
8681,100,740634
8682,-10,741134
8683,100,741185
8684,-10,741365
8685,-10,741865
8686,-10,742043
8687,100,742156
8688,-10,742656
8689,100,742784
8690,-10,743284
8691,100,743400
8692,-10,743900
8693,-10,744307
8694,100,744506
8695,100,744524
8696,-10,745024
8697,100,745123
8698,-10,745623
8699,100,745718
8700,100,746159
8701,100,746251
8702,-10,746751
8703,100,747208
8704,100,747371
8705,-10,747871
8706,-10,748371
8707,100,748419
8708,-10,748480
8709,100,748545
8710,100,748720
8711,100,748817
8712,-10,749317
8713,-10,749817
8714,100,749880
8715,100,750332
8716,100,750649
8717,100,750750
8718,100,750973
8719,100,751075
8720,-10,751169
8721,-10,751669
8722,100,751784
8723,100,751983
8724,-10,752204
8725,100,752326
8726,100,752419
8727,100,752615
8728,100,752680
8729,100,752770
8730,100,752844
8731,-10,752901
8732,100,753027
8733,100,753113
8734,100,753443
8735,100,753471
8736,-10,753971
8737,100,754077
8738,100,754173
8739,-10,754673
8740,-10,755173
8741,100,755244
8742,100,755417
8743,100,755524
8744,100,755704
8745,100,755950
8746,100,756360
8747,-10,756570
8748,-10,756995
8749,100,757151
8750,100,757511
8751,100,757618
8752,100,757644
8753,100,757693
8754,100,757863
8755,100,758343
8756,-10,758843
8757,100,758875
8758,100,759026
8759,100,759055
8760,100,759106
8761,100,759225
8762,-10,759725
8763,-10,759785
8764,-10,760011
8765,100,760128
8766,100,760303
8767,100,760331
8768,100,760350
8769,100,760513
8770,100,760635
8771,-10,761135
8772,-10,761312
8773,-10,761367
8774,100,761485
8775,100,761655
8776,100,761795
8777,-10,762295
8778,100,762401
8779,-10,762901
8780,-10,763401
8781,100,763578
8782,100,763671
8783,100,763792
8784,100,763994
8785,100,764142
8786,-10,764300
8787,100,764437
8788,100,764580
8789,100,764610
8790,100,764657
8791,100,764821
8792,100,764961
8793,-10,765461
8794,100,765646
8795,-10,765731
8796,-10,766231
8797,100,766355
8798,100,766356
8799,100,766456
8800,100,766485
8801,100,766557
8802,-10,767057
8803,-10,767466
8804,100,767584
8805,-10,767806
8806,-10,768221
8807,-10,768288
8808,-10,768371
8809,100,768526
8810,100,768675
8811,100,768767
8812,100,768920
8813,-10,768987
8814,100,769169
8815,-10,769375
8816,-10,769624
8817,-10,769675
8818,-10,770175
8819,-10,770287
8820,100,770429
8821,-10,770640
8822,100,770950
8823,100,771011
8824,100,771057
8825,100,771161
8826,100,771259
8827,100,771517
8828,-10,771720
8829,-10,772220
8830,-10,772563
8831,100,772658
8832,100,772865
8833,100,772969
8834,-10,773469
8835,100,773653
8836,-10,774153
8837,100,774315
8838,-10,774802
8839,-10,774890
8840,-10,775390
8841,-10,775689
8842,-10,775745
8843,100,775746
8844,100,775921
8845,100,776036
8846,-10,776536
8847,100,776655
8848,-10,777155
8849,-10,777321
8850,-10,777386
8851,100,777750
8852,100,777896
8853,100,778056
8854,-10,778254
8855,-10,778644
8856,100,778767
8857,-10,779267
8858,-10,779678
8859,100,779815
8860,100,779901
8861,-10,780293
8862,-10,780745
8863,-10,781245
8864,100,781360
8865,-10,781563
8866,-10,781989
8867,-10,782398
8868,100,782450
8869,-10,782867
8870,100,782981
8871,-10,783207
8872,-10,783707
8873,-10,784207
8874,100,784316
8875,100,784429
8876,100,784503
8877,-10,785003
8878,100,785118
8879,100,785524
8880,100,785597
8881,-10,785658
8882,-10,785974
8883,-10,786032
8884,100,786368
8885,-10,786575
8886,-10,786785
8887,100,786953
8888,100,787047
8889,-10,787111
8890,100,787200
8891,100,787609
8892,100,787610
8893,100,787670
8894,100,787843
8895,-10,788343
8896,-10,788556
8897,-10,789056
8898,100,789178
8899,100,789340
8900,-10,789754
8901,-10,790254
8902,-10,790754
8903,100,790867
8904,-10,791341
8905,-10,791739
8906,100,791852
8907,100,791972
8908,-10,792472
8909,100,792585
8910,100,792672
8911,100,792755
8912,100,793112
8913,100,793217
8914,100,793347
8915,100,793647
8916,-10,794147
8917,100,794176
8918,-10,794445
8919,-10,794945
8920,100,795121
8921,100,795280
8922,100,795381
8923,-10,795881
8924,-10,796087
8925,100,796167
8926,100,796255
8927,100,796320
8928,100,796431
8929,-10,796931
8930,100,797257
8931,-10,797461
8932,100,797954
8933,100,798145
8934,100,798169
8935,100,798319
8936,100,798585
8937,100,798683
8938,100,799148
8939,-10,799441
8940,100,799608
8941,-10,800108
8942,-10,800327
8943,-10,800827
8944,-10,801327
8945,-10,801827
8946,-10,802327
8947,100,802355
8948,-10,802855
8949,-10,803355
8950,-10,803575
8951,-10,803744
8952,100,804090
8953,100,804140
8954,100,804221
8955,-10,804721
8956,100,804822
8957,100,804840
8958,-10,805260
8959,-10,805760
8960,-10,806260
8961,100,806386
8962,-10,806886
8963,100,807039
8964,100,807139
8965,-10,807287
8966,100,807362
8967,100,807550
8968,100,807653
8969,-10,808153
8970,100,808344
8971,-10,808458
8972,-10,808958
8973,-10,809141
8974,100,809232
8975,-10,809732
8976,100,810061
8977,-10,810217
8978,-10,810717
8979,100,810791
8980,100,810938
8981,100,810988
8982,100,811171
8983,-10,811643
8984,-10,812143
8985,-10,812601
8986,-10,813092
8987,-10,813592
8988,100,813690
8989,100,813883
8990,-10,814101
8991,-10,814601
8992,100,814699
8993,-10,814906
8994,100,815061
8995,100,815230
8996,100,815415
8997,-10,815915
8998,100,815970
8999,-10,816470
9000,100,816528
9001,100,816610
9002,-10,817110
9003,100,817213
9004,-10,817311
9005,100,817468
9006,-10,817968
9007,100,818045
9008,100,818127
9009,100,818146
9010,-10,818368
9011,100,818437
9012,100,818553
9013,100,818621
9014,100,818649
9015,100,818732
9016,-10,819232
9017,100,819514
9018,100,819652
9019,100,819780
9020,100,819832
9021,-10,820332
9022,100,820504
9023,100,820557
9024,100,820746
9025,100,820953
9026,-10,821171
9027,-10,821356
9028,100,821374
9029,-10,821874
9030,-10,822374
9031,-10,822874
9032,-10,823374
9033,100,823474
9034,-10,823974
9035,-10,824408
9036,-10,824908
9037,100,825043
9038,-10,825268
9039,-10,825768
9040,-10,826243
9041,-10,826531
9042,100,826700
9043,-10,827200
9044,100,827310
9045,100,827342
9046,100,827413
9047,-10,827913
9048,100,828268
9049,100,828348
9050,100,828388
9051,100,828831
9052,100,828940
9053,100,829039
9054,100,829485
9055,100,829667
9056,100,829838
9057,100,829963
9058,100,830025
9059,100,830125
9060,100,830229
9061,-10,830426
9062,-10,830685
9063,100,830813
9064,-10,831313
9065,100,831752
9066,-10,832252
9067,100,832379
9068,-10,832879
9069,-10,833379
9070,-10,833879
9071,100,834178
9072,-10,834678
9073,-10,835178
9074,-10,835250
9075,100,835342
9076,100,835794
9077,100,835911
9078,100,836116
9079,100,836222
9080,100,836365
9081,-10,836645
9082,100,836828
9083,100,836853
9084,100,836967
9085,-10,837467
9086,-10,837559
9087,100,837840
9088,100,838329
9089,100,838586
9090,-10,838788
9091,-10,839288
9092,100,839383
9093,-10,839674
9094,100,839793
9095,100,840100
9096,-10,840597
9097,100,840762
9098,-10,841262
9099,-10,841762
9100,100,841935
9101,-10,842096
9102,100,842192
9103,-10,842692
9104,-10,843192
9105,-10,843692
9106,100,843817
9107,-10,844317
9108,100,844435
9109,100,844588
9110,100,844743
9111,100,844897
9112,100,844970
9113,-10,845470
9114,100,845652
9115,-10,846152
9116,-10,846652
9117,100,846777
9118,-10,846998
9119,-10,847498
9120,-10,847797
9121,-10,848297
9122,-10,848797
9123,-10,848977
9124,-10,849477
9125,-10,849977
9126,-10,850477
9127,-10,850689
9128,100,850784
9129,100,850966
9130,100,851082
9131,100,851272
9132,100,851288
9133,100,851390
9134,-10,851733
9135,-10,851885
9136,-10,852385
9137,100,852478
9138,100,852722
9139,-10,853159
9140,100,853334
9141,100,853420
9142,100,853710
9143,-10,853919
9144,-10,854117
9145,-10,854525
9146,-10,855025
9147,-10,855511
9148,-10,856011
9149,-10,856149
9150,100,856348
9151,100,856556
9152,100,856639
9153,100,856795
9154,100,857256
9155,-10,857756
9156,100,857825
9157,-10,858325
9158,-10,858825
9159,-10,859187
9160,-10,859687
9161,-10,860187
9162,-10,860687
9163,-10,861187
9164,100,861259
9165,-10,861617
9166,100,861776
9167,-10,862276
9168,-10,862641
9169,100,862671
9170,100,862802
9171,100,862904
9172,-10,863159
9173,100,863283
9174,100,863356
9175,-10,863856
9176,100,863987
9177,100,864016
9178,-10,864516
9179,-10,864719
9180,100,865057
9181,-10,865557
9182,-10,866057
9183,-10,866207
9184,100,866287
9185,-10,866787
9186,100,866865
9187,100,866896
9188,-10,867396
9189,-10,867699
9190,-10,868199
9191,100,868294
9192,100,868600
9193,100,868716
9194,100,868948
9195,100,869433
9196,-10,869933
9197,100,870117
9198,-10,870267
9199,-10,870767
9200,-10,871267
9201,100,871668
9202,100,871742
9203,-10,871937
9204,-10,872437
9205,100,872615
9206,100,872783
9207,-10,873245
9208,-10,873745
9209,-10,874245
9210,100,874335
9211,100,874410
9212,-10,874841
9213,-10,875341
9214,-10,875841
9215,-10,876010
9216,-10,876080
9217,100,876187
9218,-10,876687
9219,-10,877187
9220,-10,877517
9221,-10,877932
9222,100,877950
9223,100,878100
9224,100,878180
9225,100,878266
9226,100,878438
9227,100,878546
9228,-10,879046
9229,100,879160
9230,-10,879604
9231,-10,880104
9232,100,880134
9233,100,880246
9234,-10,880746
9235,100,880866
9236,-10,881366
9237,100,881590
9238,100,881730
9239,-10,881948
9240,-10,882158
9241,100,882608
9242,100,882609
9243,100,882848
9244,100,882982
9245,-10,883482
9246,100,883960
9247,100,884225
9248,100,884269
9249,100,884337
9250,-10,884611
9251,100,884952
9252,-10,885452
9253,100,885541
9254,100,885694
9255,-10,886194
9256,100,886262
9257,100,886759
9258,100,886853
9259,100,886923
9260,100,887259
9261,100,887284
9262,-10,887784
9263,-10,888284
9264,100,888447
9265,-10,888760
9266,-10,889158
9267,100,889622
9268,100,889752
9269,100,890187
9270,-10,890687
9271,-10,891187
9272,-10,891687
9273,-10,892088
9274,-10,892588
9275,-10,893088
9276,100,893428
9277,-10,893928
9278,-10,894331
9279,100,894474
9280,100,894571
9281,100,894922
9282,-10,895422
9283,-10,895922
9284,100,896025
9285,100,896419
9286,100,896496
9287,100,896610
9288,100,896729
9289,100,897200
9290,-10,897700
9291,-10,898119
9292,-10,898619
9293,-10,899119
9294,100,899282
9295,100,899578
9296,100,899754
9297,100,900044
9298,100,900096
9299,100,900361
9300,-10,900861
9301,100,901031
9302,-10,901531
9303,100,901674
9304,100,901846
9305,-10,902034
9306,-10,902534
9307,-10,903034
9308,100,903070
9309,-10,903570
9310,-10,904070
9311,100,904147
9312,100,904229
9313,-10,904729
9314,100,905079
9315,-10,905579
9316,100,905720
9317,100,905802
9318,-10,906302
9319,100,906433
9320,100,906659
9321,-10,907159
9322,-10,907308
9323,-10,907808
9324,-10,908308
9325,-10,908804
9326,100,908891
9327,100,909135
9328,-10,909589
9329,-10,910089
9330,-10,910589
9331,-10,910957
9332,-10,911457
9333,100,911534
9334,100,911560
9335,-10,911968
9336,100,912005
9337,100,912033
9338,100,912062
9339,100,912160
9340,-10,912660
9341,-10,913160
9342,100,913317
9343,-10,913817
9344,-10,914202
9345,100,914293
9346,-10,914793
9347,-10,915293
9348,-10,915357
9349,100,915494
9350,-10,915929
9351,100,916022
9352,-10,916522
9353,-10,916799
9354,100,916990
9355,100,917347
9356,-10,917559
9357,100,917692
9358,-10,918192
9359,100,918268
9360,-10,918768
9361,-10,919145
9362,-10,919645
9363,100,919766
9364,-10,920206
9365,-10,920285
9366,100,920457
9367,-10,920746
9368,-10,921162
9369,100,921318
9370,-10,921818
9371,-10,922318
9372,-10,922818
9373,100,923201
9374,100,923307
9375,-10,923595
9376,100,923651
9377,100,923933
9378,100,924192
9379,100,924221
9380,-10,924658
9381,100,924676
9382,-10,924748
9383,100,924846
9384,-10,925116
9385,100,925525
9386,100,925720
9387,100,926035
9388,-10,926535
9389,100,926566
9390,100,926701
9391,100,927062
9392,-10,927562
9393,100,927627
9394,100,927714
9395,100,927811
9396,-10,928289
9397,100,928385
9398,-10,928654
9399,100,928771
9400,-10,929271
9401,100,929395
9402,100,929571
9403,-10,930071
9404,-10,930214
9405,-10,930714
9406,100,930740
9407,100,931191
9408,100,931369
9409,-10,931869
9410,-10,932369
9411,-10,932425
9412,100,932555
9413,100,932709
9414,100,932819
9415,-10,933319
9416,-10,933813
9417,100,933904
9418,-10,934207
9419,100,934381
9420,-10,934881
9421,-10,935205
9422,100,935553
9423,-10,936053
9424,100,936223
9425,-10,936495
9426,100,936527
9427,-10,937027
9428,100,937279
9429,100,937710
9430,100,938058
9431,100,938146
9432,-10,938646
9433,-10,939146
9434,-10,939646
9435,-10,940146
9436,100,940255
9437,100,940342
9438,-10,940491
9439,100,940507
9440,100,940600
9441,-10,940889
9442,-10,941389
9443,100,941421
9444,100,941581
9445,-10,941720
9446,-10,942220
9447,-10,942439
9448,-10,942939
9449,-10,943427
9450,100,943822
9451,-10,944322
9452,-10,944821
9453,-10,944974
9454,-10,945420
9455,100,945611
9456,100,945707
9457,-10,946207
9458,100,946269
9459,100,946697
9460,100,946729
9461,-10,946904
9462,100,947397
9463,100,947497
9464,100,947554
9465,-10,948054
9466,100,948207
9467,100,948274
9468,-10,948529
9469,-10,949029
9470,100,949146
9471,100,949245
9472,100,949551
9473,100,949679
9474,-10,950179
9475,-10,950679
9476,-10,951179
9477,100,951251
9478,-10,951441
9479,-10,951941
9480,100,952064
9481,-10,952564
9482,-10,953064
9483,-10,953564
9484,-10,953752
9485,-10,954252
9486,-10,954752
9487,100,954839
9488,-10,955339
9489,100,955429
9490,100,955510
9491,100,955984
9492,-10,956435
9493,100,956613
9494,100,957105
9495,100,957558
9496,-10,958058
9497,100,958158
9498,100,958218
9499,100,958377
9500,-10,958877
9501,-10,959377
9502,-10,959877
9503,100,960270
9504,-10,960770
9505,-10,961270
9506,-10,961770
9507,-10,962270
9508,-10,962770
9509,-10,963270
9510,100,963340
9511,100,963476
9512,-10,963976
9513,-10,964476
9514,100,964900
9515,-10,965400
9516,100,965492
9517,100,965521
9518,100,966013
9519,100,966113
9520,100,966490
9521,-10,966990
9522,-10,967490
9523,100,967544
9524,-10,968044
9525,-10,968544
9526,-10,969044
9527,100,969386
9528,100,969534
9529,100,969623
9530,-10,969771
9531,-10,970054
9532,100,970134
9533,-10,970634
9534,-10,971134
9535,100,971394
9536,100,971459
9537,-10,971959
9538,-10,972117
9539,100,972227
9540,-10,972727
9541,100,972864
9542,100,972883
9543,-10,973383
9544,100,973403
9545,-10,973903
9546,100,973987
9547,-10,974487
9548,100,974637
9549,-10,975137
9550,-10,975637
9551,100,975799
9552,100,976051
9553,-10,976551
9554,-10,977051
9555,100,977257
9556,100,977331
9557,-10,977831
9558,100,977905
9559,100,978062
9560,100,978409
9561,-10,978909
9562,-10,979409
9563,100,979592
9564,100,979738
9565,-10,980238
9566,-10,980738
9567,-10,981238
9568,-10,981738
9569,100,981818
9570,100,981901
9571,100,982096
9572,100,982511
9573,-10,983011
9574,100,983056
9575,-10,983556
9576,-10,984056
9577,100,984209
9578,100,984337
9579,-10,984837
9580,100,984925
9581,100,985078
9582,-10,985578
9583,100,985659
9584,-10,986159
9585,100,986255
9586,100,986419
9587,100,986451
9588,-10,986608
9589,100,987054
9590,100,987273
9591,-10,987773
9592,-10,988273
9593,-10,988773
9594,100,988897
9595,-10,989397
9596,100,989445
9597,-10,989682
9598,-10,990104
9599,-10,990604
9600,-10,991104
9601,-10,991604
9602,100,991826
9603,-10,992326
9604,100,992665
9605,-10,993165
9606,-10,993665
9607,-10,994165
9608,-10,994665
9609,-10,995165
9610,-10,995665
9611,100,995835
9612,100,996199
9613,-10,996699
9614,-10,997199
9615,100,997644
9616,-10,998144
9617,-10,998644
9618,100,999139
9619,-10,999639
9620,-10,1000139
9621,100,1000270
9622,-10,1000678
9623,100,1000856
9624,-10,1001356
9625,100,1001439
9626,100,1001622
9627,100,1001635
9628,100,1001754
9629,100,1001935
9630,-10,1002435
9631,-10,1002935
9632,100,1003008
9633,100,1003102
9634,-10,1003602
9635,100,1003676
9636,-10,1004176
9637,-10,1004658
9638,100,1004686
9639,100,1004881
9640,-10,1005381
9641,100,1005426
9642,100,1005588
9643,100,1005794
9644,-10,1006294
9645,100,1006490
9646,-10,1006990
9647,-10,1007490
9648,100,1007956
9649,-10,1008456
9650,-10,1008956
9651,100,1009047
9652,100,1009156
9653,100,1009622
9654,-10,1010122
9655,100,1010268
9656,100,1010408
9657,-10,1010908
9658,100,1011016
9659,100,1011376
9660,-10,1011876
9661,-10,1012376
9662,100,1012533
9663,100,1013012
9664,-10,1013440
9665,-10,1013513
9666,100,1013695
9667,-10,1014195
9668,-10,1014695
9669,100,1014837
9670,-10,1015337
9671,-10,1015837
9672,100,1015914
9673,100,1016201
9674,-10,1016701
9675,-10,1017201
9676,-10,1017491
9677,-10,1017824
9678,100,1018205
9679,-10,1018705
9680,100,1018764
9681,100,1018954
9682,100,1019151
9683,-10,1019651
9684,100,1019851
9685,-10,1020351
9686,100,1020383
9687,100,1020437
9688,-10,1020736
9689,100,1021038
9690,-10,1021104
9691,100,1021423
9692,100,1021606
9693,-10,1022106
9694,100,1022193
9695,100,1022645
9696,-10,1023145
9697,-10,1023645
9698,-10,1024145
9699,-10,1024645
9700,-10,1025145
9701,100,1025239
9702,-10,1025739
9703,100,1025897
9704,100,1026033
9705,100,1026123
9706,100,1026605
9707,-10,1027105
9708,-10,1027605
9709,-10,1028105
9710,100,1028169
9711,-10,1028485
9712,100,1028524
9713,100,1028686
9714,-10,1029186
9715,-10,1029483
9716,-10,1029944
9717,100,1030284
9718,-10,1030420
9719,100,1030522
9720,100,1030589
9721,100,1030911
9722,100,1031005
9723,-10,1031036
9724,-10,1031078
9725,100,1031420
9726,100,1031641
9727,100,1031750
9728,-10,1032250
9729,100,1032288
9730,100,1032612
9731,-10,1033112
9732,-10,1033612
9733,-10,1034112
9734,100,1034205
9735,100,1034289
9736,-10,1034652
9737,-10,1034843
9738,-10,1034982
9739,100,1035447
9740,100,1035489
9741,100,1035550
9742,-10,1035855
9743,100,1036301
9744,100,1036796
9745,-10,1036848
9746,-10,1037115
9747,-10,1037615
9748,-10,1038115
9749,-10,1038199
9750,-10,1038699
9751,100,1038800
9752,100,1038908
9753,100,1039174
9754,-10,1039674
9755,100,1039730
9756,-10,1040220
9757,100,1040267
9758,100,1040701
9759,100,1040756
9760,-10,1040796
9761,100,1041114
9762,100,1041318
9763,100,1041606
9764,100,1041731
9765,100,1041954
9766,100,1042357
9767,-10,1042700
9768,100,1042815
9769,-10,1043315
9770,100,1043410
9771,100,1043474
9772,100,1043599
9773,-10,1043888
9774,100,1043913
9775,100,1044008
9776,-10,1044508
9777,100,1044553
9778,-10,1044691
9779,-10,1044922
9780,100,1045025
9781,-10,1045118
9782,100,1045160
9783,-10,1045660
9784,-10,1045926
9785,-10,1046329
9786,100,1046473
9787,100,1046535
9788,-10,1046882
9789,100,1047328
9790,100,1047363
9791,100,1047457
9792,100,1047496
9793,100,1047626
9794,-10,1048126
9795,100,1048350
9796,-10,1048850
9797,100,1048851
9798,100,1049006
9799,100,1049048
9800,100,1049381
9801,100,1049499
9802,-10,1049999
9803,100,1050049
9804,100,1050108
9805,100,1050243
9806,100,1050476
9807,100,1050535
9808,100,1050582
9809,-10,1050902
9810,100,1051121
9811,100,1051323
9812,100,1051360
9813,100,1051653
9814,-10,1051843
9815,-10,1052343
9816,100,1052363
9817,100,1052746
9818,100,1053117
9819,-10,1053617
9820,100,1053674
9821,100,1053683
9822,-10,1053866
9823,100,1054361
9824,-10,1054861
9825,100,1054913
9826,100,1054914
9827,-10,1055044
9828,-10,1055544
9829,-10,1055705
9830,100,1055795
9831,100,1055822
9832,100,1056133
9833,-10,1056208
9834,100,1056528
9835,100,1056955
9836,100,1057180
9837,100,1057645
9838,100,1057749
9839,100,1057818
9840,100,1057938
9841,100,1058048
9842,-10,1058548
9843,-10,1059048
9844,-10,1059548
9845,-10,1060048
9846,100,1060360
9847,100,1060662
9848,-10,1060912
9849,100,1061346
9850,100,1061649
9851,-10,1062149
9852,100,1062518
9853,100,1062536
9854,100,1062834
9855,100,1063084
9856,100,1063496
9857,-10,1063996
9858,-10,1064030
9859,100,1064212
9860,100,1064314
9861,-10,1064814
9862,-10,1065038
9863,100,1065056
9864,100,1065123
9865,-10,1065595
9866,100,1065662
9867,-10,1065741
9868,-10,1065940
9869,-10,1066377
9870,100,1066863
9871,-10,1067363
9872,-10,1067863
9873,-10,1068363
9874,-10,1068838
9875,100,1068880
9876,100,1069034
9877,100,1069095
9878,-10,1069595
9879,-10,1069692
9880,-10,1070192
9881,-10,1070476
9882,-10,1070976
9883,-10,1071476
9884,100,1071538
9885,-10,1072038
9886,-10,1072385
9887,-10,1072885
9888,-10,1073385
9889,100,1073657
9890,100,1073869
9891,-10,1074369
9892,-10,1074454
9893,-10,1074496
9894,100,1074807
9895,100,1075199
9896,100,1075580
9897,100,1076059
9898,-10,1076359
9899,100,1076444
9900,100,1076632
9901,-10,1077132
9902,100,1077342
9903,-10,1077842
9904,-10,1078342
9905,100,1078449
9906,100,1078460
9907,100,1078615
9908,100,1078689
9909,-10,1079189
9910,100,1079252
9911,100,1079532
9912,-10,1079949
9913,-10,1080191
9914,100,1080249
9915,-10,1080336
9916,100,1080693
9917,100,1081192
9918,100,1081330
9919,-10,1081830
9920,100,1081847
9921,100,1082226
9922,100,1082271
9923,100,1082358
9924,100,1082693
9925,100,1082747
9926,100,1082829
9927,-10,1082916
9928,100,1083236
9929,100,1083567
9930,100,1083586
9931,-10,1084086
9932,-10,1084586
9933,100,1084587
9934,100,1084705
9935,100,1084766
9936,100,1084844
9937,-10,1085303
9938,-10,1085393
9939,100,1085459
9940,100,1085639
9941,100,1085700
9942,100,1085839
9943,-10,1085932
9944,100,1086008
9945,100,1086060
9946,100,1086542
9947,100,1086596
9948,-10,1086748
9949,-10,1086838
9950,100,1086894
9951,100,1086916
9952,-10,1087416
9953,-10,1087898
9954,100,1088333
9955,-10,1088540
9956,-10,1089040
9957,-10,1089540
9958,100,1089640
9959,-10,1090140
9960,-10,1090462
9961,-10,1090502
9962,-10,1091002
9963,100,1091296
9964,100,1091484
9965,100,1091954
9966,-10,1092070
9967,100,1092138
9968,100,1092216
9969,100,1092266
9970,100,1092593
9971,100,1092669
9972,-10,1093169
9973,100,1093537
9974,100,1093586
9975,-10,1094086
9976,-10,1094586
9977,100,1094692
9978,-10,1095192
9979,100,1095404
9980,100,1095703
9981,100,1095914
9982,100,1095962
9983,-10,1096462
9984,-10,1096962
9985,100,1097110
9986,100,1097179
9987,-10,1097679
9988,-10,1098179
9989,-10,1098502
9990,100,1098804
9991,-10,1099304
9992,100,1099500
9993,-10,1099850
9994,-10,1099924
9995,100,1100318
9996,100,1100680
9997,-10,1101151
9998,-10,1101651
9999,100,1101683
