episode,episode,scores,steps,alpha,comp_progress,critic_loss,actor_loss
0,0,100,25,0.0003,0.0,0.0,0.0
1,1,100,56,0.0003,0.0,0.0,0.0
2,2,100,68,0.0003,0.0,0.0,0.0
3,3,100,94,0.0003,0.0,0.0,0.0
4,4,100,121,0.0003,0.0,0.0,0.0
5,5,100,162,0.0003,0.0,134.14111328125,16.89470863342285
6,6,100,205,0.0003,0.0,181.45742797851562,22.38962745666504
7,7,100,209,0.0003,0.0,199.6068878173828,19.343181610107422
8,8,100,253,0.0003,0.0,153.98207092285156,20.467466354370117
9,9,-10,298,0.0003,0.0,86.89202117919922,20.934696197509766
10,10,100,314,0.0003,0.0,107.14618682861328,32.67925262451172
12,12,100,362,0.0003,0.0,107.266845703125,33.80854415893555
13,13,100,402,0.0003,0.0,162.24526977539062,21.424280166625977
14,14,100,418,0.0003,0.0,88.85113525390625,10.908371925354004
15,15,100,436,0.0003,0.0,168.17120361328125,17.840545654296875
16,16,100,498,0.0003,0.0,86.53366088867188,23.732999801635742
17,17,100,560,0.0003,0.0,245.6351776123047,17.465002059936523
18,18,100,614,0.0003,0.0,205.44479370117188,18.387067794799805
19,19,100,630,0.0003,0.0,153.07333374023438,25.253156661987305
20,20,100,654,0.0003,0.0,277.11419677734375,18.798391342163086
21,21,100,725,0.0003,0.0,105.62348937988281,30.051494598388672
22,22,100,765,0.0003,0.0,175.99508666992188,21.09441375732422
23,23,100,803,0.0003,0.0,203.76296997070312,24.502477645874023
24,24,100,810,0.0003,0.0,157.6258544921875,28.40298080444336
25,25,100,836,0.0003,0.0,136.92529296875,26.179672241210938
26,26,100,894,0.0003,0.0,89.17808532714844,34.98054504394531
27,27,100,900,0.0003,0.0,179.7257080078125,28.950618743896484
28,28,100,950,0.0003,0.0,140.6865234375,29.909252166748047
29,29,100,986,0.0003,0.0,161.35549926757812,30.30223846435547
30,30,-10,1066,0.0003,0.0,171.41136169433594,36.721290588378906
31,31,100,1132,0.0003,0.0,124.06490325927734,39.67294692993164
32,32,100,1153,0.0003,0.0,144.0742645263672,40.16472625732422
33,33,100,1188,0.0003,0.0,118.4876480102539,41.61308670043945
34,34,100,1216,0.0003,0.0,141.2020263671875,30.276273727416992
35,35,100,1276,0.0003,0.0,130.5798797607422,41.22032928466797
36,36,100,1294,0.0003,0.0,96.11567687988281,36.0091438293457
37,37,100,1300,0.0003,0.0,79.40532684326172,39.859214782714844
38,38,100,1318,0.0003,0.0,115.98713684082031,43.6063346862793
39,39,100,1348,0.0003,0.0,144.47885131835938,43.81953811645508
40,40,100,1362,0.0003,0.0,179.04934692382812,21.425504684448242
41,41,100,1420,0.0003,0.0,129.19949340820312,31.870521545410156
42,42,100,1443,0.0003,0.0,60.92994689941406,43.038970947265625
43,43,100,1465,0.0003,0.0,124.97018432617188,35.658443450927734
44,44,100,1506,0.0003,0.0,164.24838256835938,48.721927642822266
45,45,100,1553,0.0003,0.0,74.10420227050781,42.246185302734375
46,46,100,1566,0.0003,0.0,68.67034912109375,40.68981170654297
47,47,100,1608,0.0003,0.0,173.80453491210938,41.661903381347656
48,48,100,1630,0.0003,0.0,77.47300720214844,42.595062255859375
49,49,100,1749,0.0003,0.0,142.79046630859375,48.05256652832031
50,50,100,1803,0.0003,0.0,104.04264831542969,51.001068115234375
51,51,100,1809,0.0001,95.6,107.08673095703125,44.96858215332031
52,52,100,1854,0.0001,95.6,146.87249755859375,42.114540100097656
53,53,100,1894,0.0001,95.6,86.0531997680664,49.331478118896484
54,54,100,1953,0.0001,95.6,150.747314453125,31.95714569091797
55,55,100,1973,0.0001,95.6,179.1251983642578,37.7060546875
56,56,100,1993,0.0001,95.6,137.90316772460938,51.77763748168945
57,57,100,2063,0.0001,95.6,119.00057220458984,37.324928283691406
58,58,100,2109,0.0001,95.6,158.43844604492188,61.352294921875
59,59,100,2127,0.0001,95.6,63.70708465576172,47.56019592285156
60,60,100,2138,0.0001,95.6,140.06463623046875,47.425270080566406
61,61,100,2150,0.0001,95.6,117.25164031982422,42.876441955566406
62,62,100,2195,0.0001,95.6,181.94235229492188,42.95867156982422
63,63,100,2259,0.0001,95.6,155.77392578125,51.31597900390625
64,64,100,2286,0.0001,95.6,172.65231323242188,55.50053787231445
65,65,100,2317,0.0001,95.6,214.30801391601562,46.349456787109375
66,66,100,2386,0.0001,95.6,113.42437744140625,53.94102096557617
67,67,100,2429,0.0001,95.6,48.383426666259766,53.14773178100586
68,68,100,2485,0.0001,95.6,104.51043701171875,46.04312515258789
69,69,100,2507,0.0001,95.6,111.50430297851562,59.29338073730469
70,70,100,2508,0.0001,95.6,149.11312866210938,53.338233947753906
71,71,100,2564,0.0001,95.6,153.71002197265625,50.45393371582031
72,72,100,2586,0.0001,95.6,200.81134033203125,44.210533142089844
73,73,100,2636,0.0001,95.6,92.97087097167969,58.72724533081055
74,74,100,2670,0.0001,95.6,108.99046325683594,53.252498626708984
75,75,100,2694,0.0001,95.6,152.87025451660156,64.58084106445312
76,76,100,2695,0.0001,95.6,78.20084381103516,62.456878662109375
77,77,100,2733,0.0001,95.6,93.2298583984375,49.02285385131836
78,78,100,2776,0.0001,95.6,160.69931030273438,45.39867401123047
79,79,100,2808,0.0001,95.6,83.65859985351562,54.939697265625
80,80,100,2859,0.0001,95.6,112.87199401855469,60.15081024169922
81,81,100,2919,0.0001,95.6,136.22372436523438,52.74711608886719
82,82,100,2946,0.0001,95.6,166.49346923828125,57.796363830566406
83,83,100,2992,0.0001,95.6,144.522216796875,55.06839370727539
84,84,100,3026,0.0001,95.6,124.9742202758789,64.34724426269531
85,85,100,3045,0.0001,95.6,128.1767578125,63.98976516723633
86,86,100,3096,0.0001,95.6,52.609039306640625,69.78050231933594
87,87,100,3116,0.0001,95.6,77.79517364501953,70.43936157226562
88,88,100,3157,0.0001,95.6,179.75491333007812,68.32237243652344
89,89,100,3158,0.0001,95.6,71.64649200439453,62.93416213989258
90,90,100,3216,0.0001,95.6,131.45643615722656,50.03166198730469
91,91,100,3246,0.0001,95.6,74.10116577148438,64.33570098876953
92,92,100,3307,0.0001,95.6,83.60203552246094,65.22796630859375
93,93,100,3326,0.0001,95.6,236.50384521484375,61.191307067871094
94,94,100,3363,0.0001,95.6,114.07131958007812,52.3381233215332
95,95,100,3386,0.0001,95.6,135.03175354003906,56.29357147216797
96,96,100,3446,0.0001,95.6,53.28132629394531,70.48007202148438
97,97,100,3500,0.0001,95.6,147.04470825195312,64.08415985107422
98,98,100,3524,0.0001,95.6,146.9875030517578,65.85313415527344
99,99,-10,3610,0.0001,95.6,134.6482391357422,81.5934829711914
100,100,100,3686,0.0001,95.6,100.86090087890625,71.35935974121094
101,101,100,3708,0.0001,2.200000000000003,27.482938766479492,72.3714599609375
102,102,100,3727,0.0001,2.200000000000003,169.65771484375,54.16413497924805
103,103,100,3754,0.0001,2.200000000000003,50.980072021484375,74.34489440917969
104,104,100,3818,0.0001,2.200000000000003,143.6104736328125,61.76277160644531
105,105,100,3869,0.0001,2.200000000000003,97.71013641357422,64.93853759765625
106,106,100,3870,0.0001,2.200000000000003,163.41323852539062,64.27809143066406
107,107,100,3945,0.0001,2.200000000000003,61.231143951416016,79.98654174804688
108,108,100,3995,0.0001,2.200000000000003,112.04019165039062,61.667388916015625
109,109,100,4031,0.0001,2.200000000000003,108.90386199951172,66.09463500976562
110,110,-10,4167,0.0001,2.200000000000003,367.49591064453125,65.88884735107422
111,111,100,4216,0.0001,2.200000000000003,133.17210388183594,87.94291687011719
112,112,100,4263,0.0001,2.200000000000003,86.6545181274414,84.46205139160156
113,113,100,4314,0.0001,2.200000000000003,60.69776916503906,75.86776733398438
114,114,-10,4436,0.0001,2.200000000000003,343.2899169921875,91.51524353027344
115,115,100,4521,0.0001,2.200000000000003,391.0247802734375,81.59883880615234
116,116,100,4570,0.0001,2.200000000000003,96.98382568359375,81.31945037841797
117,117,100,4603,0.0001,2.200000000000003,293.18243408203125,87.89225769042969
118,118,100,4623,0.0001,2.200000000000003,304.60894775390625,80.60733032226562
119,119,100,4629,0.0001,2.200000000000003,339.07940673828125,83.12334442138672
120,120,100,4671,0.0001,2.200000000000003,264.55682373046875,96.78630065917969
121,121,100,4728,0.0001,2.200000000000003,127.25892639160156,97.65733337402344
122,122,100,4774,0.0001,2.200000000000003,172.86724853515625,80.66924285888672
123,123,100,4808,0.0001,2.200000000000003,120.66239166259766,93.38430786132812
124,124,100,4820,0.0001,2.200000000000003,460.5968017578125,87.58885192871094
125,125,100,4865,0.0001,2.200000000000003,82.28181457519531,74.99308776855469
126,126,100,4908,0.0001,2.200000000000003,323.1815185546875,72.5289306640625
127,127,100,4985,0.0001,2.200000000000003,193.2423553466797,90.74459838867188
128,128,100,5025,0.0001,2.200000000000003,122.93213653564453,98.46819305419922
129,129,100,5084,0.0001,2.200000000000003,100.30824279785156,85.69795227050781
130,130,100,5150,0.0001,2.200000000000003,211.53634643554688,81.63143157958984
131,131,100,5177,0.0001,2.200000000000003,124.86786651611328,100.62152099609375
132,132,100,5236,0.0001,2.200000000000003,129.3135223388672,91.28865051269531
133,133,100,5298,0.0001,2.200000000000003,92.34558868408203,88.16329956054688
134,134,-10,5337,0.0001,2.200000000000003,365.791259765625,90.27490997314453
135,135,100,5353,0.0001,2.200000000000003,111.79502868652344,105.70931243896484
136,136,100,5414,0.0001,2.200000000000003,73.0218276977539,104.12342834472656
137,137,100,5451,0.0001,2.200000000000003,142.31906127929688,107.43153381347656
138,138,100,5495,0.0001,2.200000000000003,115.7066650390625,108.05574798583984
139,139,100,5537,0.0001,2.200000000000003,84.85603332519531,110.20594787597656
140,140,100,5556,0.0001,2.200000000000003,157.7724609375,113.5061264038086
141,141,100,5569,0.0001,2.200000000000003,138.01515197753906,95.34921264648438
142,142,100,5625,0.0001,2.200000000000003,176.40597534179688,101.15779113769531
143,143,100,5651,0.0001,2.200000000000003,108.65660858154297,105.59741973876953
144,144,100,5674,0.0001,2.200000000000003,168.22105407714844,99.04025268554688
145,145,100,5730,0.0001,2.200000000000003,322.6209716796875,77.25506591796875
146,146,100,5744,0.0001,2.200000000000003,71.42666625976562,108.97037506103516
147,147,100,5755,0.0001,2.200000000000003,339.4116516113281,111.07711791992188
148,148,100,5784,0.0001,2.200000000000003,76.96162414550781,101.41361999511719
149,149,100,5843,0.0001,2.200000000000003,77.8295669555664,101.08537292480469
150,150,100,5861,0.0001,2.200000000000003,142.56906127929688,98.92259216308594
151,151,100,5878,0.0022999999999999956,-4.3999999999999915,133.4114990234375,108.56919860839844
152,152,100,5915,0.0022999999999999956,-4.3999999999999915,83.48068237304688,99.93211364746094
153,153,100,5971,0.0022999999999999956,-4.3999999999999915,81.33389282226562,111.48867797851562
154,154,100,6035,0.0022999999999999956,-4.3999999999999915,195.41439819335938,94.74508666992188
155,155,100,6058,0.0022999999999999956,-4.3999999999999915,131.7484893798828,105.33760833740234
156,156,100,6091,0.0022999999999999956,-4.3999999999999915,161.27273559570312,95.51620483398438
157,157,100,6157,0.0022999999999999956,-4.3999999999999915,217.13327026367188,104.35679626464844
158,158,100,6211,0.0022999999999999956,-4.3999999999999915,87.78324127197266,102.75537109375
159,159,-10,6287,0.0022999999999999956,-4.3999999999999915,99.27330017089844,92.86739349365234
160,160,100,6357,0.0022999999999999956,-4.3999999999999915,82.26815795898438,100.50948333740234
161,161,100,6423,0.0022999999999999956,-4.3999999999999915,324.06158447265625,111.01631164550781
162,162,100,6477,0.0022999999999999956,-4.3999999999999915,102.72946166992188,112.85111236572266
163,163,100,6534,0.0022999999999999956,-4.3999999999999915,148.0511016845703,100.25941467285156
164,164,100,6703,0.0022999999999999956,-4.3999999999999915,123.2900390625,111.23799896240234
165,165,100,6723,0.0022999999999999956,-4.3999999999999915,143.55462646484375,103.83999633789062
166,166,-10,6766,0.0022999999999999956,-4.3999999999999915,40.25600814819336,118.00735473632812
167,167,100,7138,0.0022999999999999956,-4.3999999999999915,85.76114654541016,117.92194366455078
168,168,-10,7215,0.0022999999999999956,-4.3999999999999915,113.17256164550781,104.09752655029297
169,169,100,7638,0.0022999999999999956,-4.3999999999999915,366.1226806640625,120.95642852783203
170,170,-10,8016,0.0022999999999999956,-4.3999999999999915,148.1118927001953,124.06187438964844
171,171,-10,8073,0.0022999999999999956,-4.3999999999999915,260.56121826171875,112.5916748046875
172,172,-10,8149,0.0022999999999999956,-4.3999999999999915,138.15260314941406,97.84017944335938
173,173,100,8173,0.0022999999999999956,-4.3999999999999915,60.28022766113281,117.666015625
174,174,-10,8673,0.0022999999999999956,-4.3999999999999915,98.80171966552734,115.65135955810547
175,175,-10,8763,0.0022999999999999956,-4.3999999999999915,79.74938201904297,115.18038940429688
176,176,100,8797,0.0022999999999999956,-4.3999999999999915,153.9878387451172,139.54312133789062
177,177,100,8824,0.0022999999999999956,-4.3999999999999915,131.0432586669922,110.69901275634766
178,178,100,8849,0.0022999999999999956,-4.3999999999999915,84.28475952148438,114.35551452636719
179,179,100,8893,0.0022999999999999956,-4.3999999999999915,239.5989990234375,116.6167984008789
180,180,100,8980,0.0022999999999999956,-4.3999999999999915,80.06143188476562,115.88644409179688
181,181,100,8981,0.0022999999999999956,-4.3999999999999915,235.88021850585938,99.89077758789062
182,182,100,9158,0.0022999999999999956,-4.3999999999999915,150.37295532226562,107.23867797851562
183,183,-10,9237,0.0022999999999999956,-4.3999999999999915,67.91030883789062,125.51065063476562
184,184,100,9302,0.0022999999999999956,-4.3999999999999915,360.9535217285156,118.84272766113281
185,185,100,9356,0.0022999999999999956,-4.3999999999999915,71.7872085571289,133.93411254882812
186,186,-10,9440,0.0022999999999999956,-4.3999999999999915,171.79371643066406,109.76959228515625
187,187,100,9469,0.0022999999999999956,-4.3999999999999915,75.80213928222656,121.59628295898438
188,188,-10,9969,0.0022999999999999956,-4.3999999999999915,335.21588134765625,129.12925720214844
189,189,-10,10049,0.0022999999999999956,-4.3999999999999915,266.1392822265625,128.55479431152344
190,190,100,10220,0.0022999999999999956,-4.3999999999999915,285.3588562011719,143.85092163085938
191,191,100,10256,0.0022999999999999956,-4.3999999999999915,83.5318603515625,134.28079223632812
192,192,100,10445,0.0022999999999999956,-4.3999999999999915,150.93252563476562,122.41524505615234
193,193,100,10485,0.0022999999999999956,-4.3999999999999915,139.50880432128906,114.26558685302734
194,194,-10,10985,0.0022999999999999956,-4.3999999999999915,349.750732421875,128.490234375
195,195,-10,11352,0.0022999999999999956,-4.3999999999999915,87.42010498046875,132.89834594726562
196,196,100,11393,0.0022999999999999956,-4.3999999999999915,371.82464599609375,134.64849853515625
197,197,100,11534,0.0022999999999999956,-4.3999999999999915,255.4744873046875,127.24909973144531
198,198,-10,11651,0.0022999999999999956,-4.3999999999999915,119.21619415283203,147.6762237548828
199,199,100,11655,0.0022999999999999956,-4.3999999999999915,201.31515502929688,138.3287811279297
200,200,100,11678,0.0022999999999999956,-4.3999999999999915,181.16708374023438,145.30755615234375
201,201,-10,11876,0.01,-26.400000000000006,117.86572265625,133.6990203857422
202,202,100,11896,0.01,-26.400000000000006,343.51080322265625,152.07675170898438
203,203,-10,12083,0.01,-26.400000000000006,130.23422241210938,148.82740783691406
204,204,100,12092,0.01,-26.400000000000006,273.033203125,140.4786834716797
205,205,-10,12418,0.01,-26.400000000000006,178.19740295410156,154.2860107421875
206,206,100,12433,0.01,-26.400000000000006,290.7874755859375,149.328857421875
207,207,100,12471,0.01,-26.400000000000006,146.00128173828125,164.4446563720703
208,208,100,12510,0.01,-26.400000000000006,113.3337631225586,150.1744384765625
209,209,100,12579,0.01,-26.400000000000006,312.04974365234375,149.01812744140625
210,210,100,12625,0.01,-26.400000000000006,355.2015380859375,162.27334594726562
211,211,-10,12828,0.01,-26.400000000000006,109.11518859863281,160.1171875
212,212,100,12848,0.01,-26.400000000000006,305.1065368652344,158.65118408203125
213,213,100,12873,0.01,-26.400000000000006,306.0133361816406,150.24864196777344
214,214,100,12976,0.01,-26.400000000000006,122.09622955322266,133.522705078125
215,215,100,13017,0.01,-26.400000000000006,158.07814025878906,165.29867553710938
216,216,-10,13261,0.01,-26.400000000000006,156.48025512695312,176.99896240234375
217,217,100,13285,0.01,-26.400000000000006,307.4390869140625,160.69561767578125
218,218,100,13446,0.01,-26.400000000000006,145.4207763671875,151.12451171875
219,219,100,13498,0.01,-26.400000000000006,270.16290283203125,148.49362182617188
220,220,-10,13771,0.01,-26.400000000000006,251.45828247070312,159.44305419921875
221,221,100,13876,0.01,-26.400000000000006,242.12728881835938,158.69386291503906
222,222,100,13893,0.01,-26.400000000000006,160.7366943359375,151.8702392578125
223,223,100,13901,0.01,-26.400000000000006,167.66429138183594,160.09835815429688
224,224,100,13914,0.01,-26.400000000000006,372.2329406738281,155.41717529296875
225,225,100,13979,0.01,-26.400000000000006,83.2769546508789,158.5793914794922
226,226,100,14001,0.01,-26.400000000000006,121.08515930175781,168.8314208984375
227,227,100,14049,0.01,-26.400000000000006,163.76332092285156,155.1317596435547
228,228,100,14059,0.01,-26.400000000000006,168.22824096679688,161.69383239746094
229,229,100,14071,0.01,-26.400000000000006,203.239990234375,163.96066284179688
230,230,100,14112,0.01,-26.400000000000006,244.479736328125,149.46035766601562
231,231,100,14146,0.01,-26.400000000000006,219.23703002929688,164.05722045898438
232,232,100,14166,0.01,-26.400000000000006,193.66604614257812,172.53787231445312
233,233,100,14214,0.01,-26.400000000000006,115.26980590820312,156.48223876953125
234,234,100,14238,0.01,-26.400000000000006,179.17803955078125,172.9346923828125
235,235,100,14239,0.01,-26.400000000000006,119.20025634765625,160.3937225341797
236,236,100,14262,0.01,-26.400000000000006,248.4196319580078,162.66188049316406
237,237,100,14318,0.01,-26.400000000000006,153.040283203125,156.02444458007812
238,238,100,14329,0.01,-26.400000000000006,155.7528076171875,163.72637939453125
239,239,100,14393,0.01,-26.400000000000006,830.2550659179688,145.91925048828125
240,240,100,14425,0.01,-26.400000000000006,152.87411499023438,150.7306365966797
241,241,100,14473,0.01,-26.400000000000006,185.83087158203125,177.2538604736328
242,242,100,14544,0.01,-26.400000000000006,191.20779418945312,185.29864501953125
243,243,100,14599,0.01,-26.400000000000006,80.46829223632812,176.3399658203125
244,244,100,14602,0.01,-26.400000000000006,246.1905975341797,181.43357849121094
245,245,100,14672,0.01,-26.400000000000006,205.14999389648438,167.96054077148438
246,246,100,14700,0.01,-26.400000000000006,225.0756072998047,166.48199462890625
247,247,100,14747,0.01,-26.400000000000006,704.301513671875,168.32757568359375
248,248,100,14771,0.01,-26.400000000000006,150.99166870117188,164.87228393554688
249,249,100,14794,0.01,-26.400000000000006,95.4358901977539,158.97340393066406
250,250,100,14819,0.01,-26.400000000000006,127.01573181152344,156.33273315429688
251,251,100,14897,0.00010000000000000113,19.799999999999997,193.14431762695312,147.2742462158203
252,252,100,14949,0.00010000000000000113,19.799999999999997,210.17303466796875,166.7436981201172
253,253,100,14990,0.00010000000000000113,19.799999999999997,116.76303100585938,165.4932403564453
254,254,100,15033,0.00010000000000000113,19.799999999999997,130.85006713867188,160.00596618652344
255,255,100,15069,0.00010000000000000113,19.799999999999997,412.2502136230469,153.87185668945312
256,256,100,15081,0.00010000000000000113,19.799999999999997,458.4776611328125,157.5320587158203
257,257,100,15143,0.00010000000000000113,19.799999999999997,272.87298583984375,144.01498413085938
258,258,100,15178,0.00010000000000000113,19.799999999999997,283.54901123046875,162.6783905029297
259,259,100,15226,0.00010000000000000113,19.799999999999997,90.54521179199219,171.86798095703125
260,260,100,15250,0.00010000000000000113,19.799999999999997,183.46426391601562,177.72561645507812
261,261,100,15305,0.00010000000000000113,19.799999999999997,110.67488098144531,165.73516845703125
262,262,100,15361,0.00010000000000000113,19.799999999999997,182.51309204101562,155.28932189941406
263,263,100,15386,0.00010000000000000113,19.799999999999997,266.9234619140625,175.81524658203125
264,264,100,15432,0.00010000000000000113,19.799999999999997,177.06948852539062,186.36407470703125
265,265,100,15482,0.00010000000000000113,19.799999999999997,655.9744262695312,166.18789672851562
266,266,-10,15595,0.00010000000000000113,19.799999999999997,105.35813903808594,168.87777709960938
267,267,100,15653,0.00010000000000000113,19.799999999999997,157.45477294921875,192.21246337890625
268,268,100,15700,0.00010000000000000113,19.799999999999997,254.85845947265625,159.66879272460938
269,269,100,15722,0.00010000000000000113,19.799999999999997,75.64419555664062,185.1883544921875
270,270,100,15793,0.00010000000000000113,19.799999999999997,139.10704040527344,170.8665313720703
271,271,100,15834,0.00010000000000000113,19.799999999999997,368.945556640625,166.13368225097656
272,272,100,15880,0.00010000000000000113,19.799999999999997,212.67657470703125,176.15301513671875
273,273,100,15901,0.00010000000000000113,19.799999999999997,197.2366943359375,178.85226440429688
274,274,100,15926,0.00010000000000000113,19.799999999999997,440.4004211425781,173.4141387939453
275,275,100,15934,0.00010000000000000113,19.799999999999997,266.3327331542969,183.6580047607422
276,276,100,15990,0.00010000000000000113,19.799999999999997,166.78955078125,174.0857391357422
277,277,100,16006,0.00010000000000000113,19.799999999999997,203.83535766601562,177.6481170654297
278,278,100,16073,0.00010000000000000113,19.799999999999997,131.85409545898438,176.4835662841797
279,279,100,16086,0.00010000000000000113,19.799999999999997,159.23593139648438,173.48611450195312
280,280,100,16127,0.00010000000000000113,19.799999999999997,303.7299499511719,173.38307189941406
281,281,100,16194,0.00010000000000000113,19.799999999999997,255.17391967773438,167.8262939453125
282,282,100,16259,0.00010000000000000113,19.799999999999997,271.935791015625,193.179443359375
283,283,100,16324,0.00010000000000000113,19.799999999999997,253.13970947265625,178.14837646484375
284,284,100,16379,0.00010000000000000113,19.799999999999997,202.7446746826172,192.06146240234375
285,285,100,16386,0.00010000000000000113,19.799999999999997,172.7980194091797,162.92742919921875
286,286,100,16453,0.00010000000000000113,19.799999999999997,548.1534423828125,149.23175048828125
287,287,100,16506,0.00010000000000000113,19.799999999999997,251.3850860595703,161.25631713867188
288,288,100,16507,0.00010000000000000113,19.799999999999997,250.1128692626953,193.88734436035156
289,289,100,16564,0.00010000000000000113,19.799999999999997,255.48968505859375,168.09085083007812
290,290,100,16619,0.00010000000000000113,19.799999999999997,190.63494873046875,165.38031005859375
291,291,-10,16667,0.00010000000000000113,19.799999999999997,142.64035034179688,178.94540405273438
292,292,100,16688,0.00010000000000000113,19.799999999999997,405.3110656738281,173.78524780273438
293,293,100,16720,0.00010000000000000113,19.799999999999997,978.8268432617188,183.38784790039062
294,294,100,16750,0.00010000000000000113,19.799999999999997,988.3853759765625,182.96078491210938
295,295,100,16772,0.00010000000000000113,19.799999999999997,344.7350158691406,194.53701782226562
296,296,100,16825,0.00010000000000000113,19.799999999999997,236.61587524414062,183.2655029296875
297,297,100,16881,0.00010000000000000113,19.799999999999997,254.53497314453125,160.74822998046875
298,298,100,16894,0.00010000000000000113,19.799999999999997,465.5875244140625,180.77468872070312
299,299,100,16958,0.00010000000000000113,19.799999999999997,139.09837341308594,188.57423400878906
300,300,100,17010,0.00010000000000000113,19.799999999999997,100.42404174804688,208.53814697265625
301,301,-10,17055,0.0001,8.799999999999997,183.949951171875,180.6044158935547
302,302,100,17064,0.0001,8.799999999999997,355.85174560546875,186.9305419921875
303,303,100,17114,0.0001,8.799999999999997,148.67373657226562,190.36209106445312
304,304,100,17153,0.0001,8.799999999999997,640.43896484375,194.12191772460938
305,305,100,17164,0.0001,8.799999999999997,66.62969970703125,195.12051391601562
306,306,100,17165,0.0001,8.799999999999997,318.61700439453125,195.4703369140625
307,307,100,17166,0.0001,8.799999999999997,303.08697509765625,200.59823608398438
308,308,100,17178,0.0001,8.799999999999997,252.05545043945312,186.53289794921875
309,309,100,17191,0.0001,8.799999999999997,455.88311767578125,194.97564697265625
310,310,100,17224,0.0001,8.799999999999997,367.8768005371094,181.1973419189453
311,311,100,17260,0.0001,8.799999999999997,517.3963623046875,190.06346130371094
312,312,100,17314,0.0001,8.799999999999997,225.22747802734375,196.5990447998047
313,313,100,17349,0.0001,8.799999999999997,631.3182983398438,179.9281005859375
314,314,100,17368,0.0001,8.799999999999997,140.74853515625,204.06398010253906
315,315,100,17389,0.0001,8.799999999999997,526.3840942382812,200.5800323486328
316,316,100,17420,0.0001,8.799999999999997,201.34730529785156,212.6485137939453
317,317,100,17454,0.0001,8.799999999999997,110.9894790649414,187.08041381835938
318,318,100,17492,0.0001,8.799999999999997,135.79037475585938,215.5368194580078
319,319,100,17586,0.0001,8.799999999999997,244.06991577148438,200.42861938476562
320,320,100,17608,0.0001,8.799999999999997,679.2183837890625,201.337890625
321,321,100,17628,0.0001,8.799999999999997,562.7757568359375,192.3089141845703
322,322,100,17643,0.0001,8.799999999999997,711.5127563476562,210.9161834716797
323,323,100,17659,0.0001,8.799999999999997,332.18353271484375,196.84222412109375
324,324,100,17660,0.0001,8.799999999999997,325.2314453125,201.80270385742188
325,325,100,17697,0.0001,8.799999999999997,211.6820831298828,203.064453125
326,326,100,17716,0.0001,8.799999999999997,209.85523986816406,213.5495147705078
327,327,100,17730,0.0001,8.799999999999997,166.37759399414062,182.35629272460938
328,328,100,17778,0.0001,8.799999999999997,159.1402587890625,204.8946990966797
329,329,100,17820,0.0001,8.799999999999997,282.2080078125,203.23245239257812
330,330,100,17864,0.0001,8.799999999999997,116.2479019165039,210.275390625
331,331,100,17893,0.0001,8.799999999999997,457.82232666015625,183.77227783203125
332,332,100,17904,0.0001,8.799999999999997,190.01890563964844,211.32473754882812
333,333,100,17922,0.0001,8.799999999999997,282.22430419921875,196.554443359375
334,334,100,17923,0.0001,8.799999999999997,232.61871337890625,203.2158203125
335,335,100,17975,0.0001,8.799999999999997,271.6405029296875,204.96636962890625
336,336,100,17999,0.0001,8.799999999999997,276.0498962402344,193.669189453125
337,337,100,18004,0.0001,8.799999999999997,201.45423889160156,194.5302734375
338,338,100,18069,0.0001,8.799999999999997,387.6809997558594,212.44424438476562
339,339,100,18102,0.0001,8.799999999999997,144.7853546142578,198.69969177246094
340,340,100,18120,0.0001,8.799999999999997,863.6766967773438,193.8831787109375
341,341,100,18157,0.0001,8.799999999999997,298.0146789550781,223.6229705810547
342,342,100,18203,0.0001,8.799999999999997,216.51080322265625,203.54769897460938
343,343,100,18216,0.0001,8.799999999999997,317.33740234375,195.45977783203125
344,344,100,18261,0.0001,8.799999999999997,227.99668884277344,207.81793212890625
345,345,100,18268,0.0001,8.799999999999997,64.59364318847656,206.35086059570312
346,346,100,18330,0.0001,8.799999999999997,100.50973510742188,202.31752014160156
347,347,100,18342,0.0001,8.799999999999997,253.02206420898438,204.0636444091797
348,348,100,18404,0.0001,8.799999999999997,193.68739318847656,220.3744354248047
349,349,100,18405,0.0001,8.799999999999997,151.7859649658203,228.4372100830078
350,350,100,18464,0.0001,8.799999999999997,168.88296508789062,209.6867218017578
351,351,100,18516,0.0001,2.200000000000003,269.2952880859375,203.735107421875
352,352,100,18551,0.0001,2.200000000000003,450.1351623535156,195.62265014648438
353,353,100,18561,0.0001,2.200000000000003,193.6834716796875,201.6925048828125
354,354,100,18592,0.0001,2.200000000000003,371.8762512207031,213.11849975585938
355,355,100,18603,0.0001,2.200000000000003,235.23590087890625,205.94642639160156
356,356,100,18622,0.0001,2.200000000000003,210.27987670898438,198.55552673339844
357,357,100,18646,0.0001,2.200000000000003,724.5630493164062,204.09539794921875
358,358,100,18690,0.0001,2.200000000000003,197.75640869140625,206.998779296875
359,359,100,18717,0.0001,2.200000000000003,488.98492431640625,208.01705932617188
360,360,100,18780,0.0001,2.200000000000003,375.82635498046875,218.35086059570312
361,361,100,18794,0.0001,2.200000000000003,490.4757080078125,218.12652587890625
362,362,100,18869,0.0001,2.200000000000003,456.00909423828125,193.39596557617188
363,363,100,18881,0.0001,2.200000000000003,230.27032470703125,221.6820831298828
364,364,100,18935,0.0001,2.200000000000003,99.82042694091797,223.28028869628906
365,365,100,18960,0.0001,2.200000000000003,177.36749267578125,195.6842803955078
366,366,100,18984,0.0001,2.200000000000003,195.62301635742188,235.22689819335938
367,367,100,18990,0.0001,2.200000000000003,193.77383422851562,198.43695068359375
368,368,100,19013,0.0001,2.200000000000003,643.2091064453125,204.5054931640625
369,369,100,19041,0.0001,2.200000000000003,807.7242431640625,206.062744140625
370,370,100,19100,0.0001,2.200000000000003,320.46771240234375,245.3754119873047
371,371,100,19159,0.0001,2.200000000000003,62.340797424316406,239.127197265625
372,372,100,19218,0.0001,2.200000000000003,394.43280029296875,202.949462890625
373,373,100,19230,0.0001,2.200000000000003,144.0113525390625,211.20098876953125
374,374,100,19254,0.0001,2.200000000000003,147.26327514648438,216.99569702148438
375,375,100,19314,0.0001,2.200000000000003,281.7713928222656,225.42474365234375
376,376,100,19315,0.0001,2.200000000000003,729.2181396484375,214.98501586914062
377,377,-10,19362,0.0001,2.200000000000003,155.95004272460938,205.081787109375
378,378,100,19363,0.0001,2.200000000000003,206.2147674560547,214.27850341796875
379,379,100,19398,0.0001,2.200000000000003,187.91189575195312,223.89825439453125
380,380,100,19409,0.0001,2.200000000000003,458.08868408203125,215.27325439453125
381,381,100,19426,0.0001,2.200000000000003,226.08580017089844,220.9095916748047
382,382,100,19484,0.0001,2.200000000000003,724.8206787109375,215.30462646484375
383,383,100,19506,0.0001,2.200000000000003,164.744384765625,228.95321655273438
384,384,100,19569,0.0001,2.200000000000003,131.66769409179688,229.40789794921875
385,385,100,19583,0.0001,2.200000000000003,263.2205505371094,222.56765747070312
386,386,100,19625,0.0001,2.200000000000003,346.518798828125,204.03106689453125
387,387,100,19647,0.0001,2.200000000000003,485.58404541015625,206.30966186523438
388,388,100,19723,0.0001,2.200000000000003,161.47616577148438,205.74696350097656
389,389,100,19746,0.0001,2.200000000000003,208.6744384765625,245.39407348632812
390,390,100,19759,0.0001,2.200000000000003,210.16586303710938,230.81097412109375
391,391,100,19766,0.0001,2.200000000000003,174.17202758789062,222.31832885742188
392,392,100,19818,0.0001,2.200000000000003,264.334228515625,222.26475524902344
393,393,100,19842,0.0001,2.200000000000003,635.7321166992188,208.4977264404297
394,394,100,19846,0.0001,2.200000000000003,139.335693359375,217.99612426757812
395,395,100,19864,0.0001,2.200000000000003,223.7568359375,224.02786254882812
396,396,100,19931,0.0001,2.200000000000003,493.199462890625,221.6095733642578
397,397,100,19981,0.0001,2.200000000000003,203.74363708496094,224.74171447753906
398,398,100,20037,0.0001,2.200000000000003,426.8438720703125,212.49220275878906
399,399,100,20089,0.0001,2.200000000000003,367.92279052734375,261.32177734375
400,400,100,20118,0.0001,2.200000000000003,198.7174835205078,249.6446990966797
401,401,100,20181,0.0001,0.0,853.50439453125,227.72486877441406
402,402,100,20202,0.0001,0.0,189.0171356201172,230.29664611816406
403,403,100,20215,0.0001,0.0,176.02166748046875,248.03309631347656
404,404,100,20216,0.0001,0.0,107.21631622314453,220.93760681152344
405,405,100,20239,0.0001,0.0,328.39471435546875,234.1334991455078
406,406,100,20284,0.0001,0.0,337.7974548339844,206.46517944335938
407,407,100,20298,0.0001,0.0,131.3546142578125,227.51535034179688
408,408,100,20324,0.0001,0.0,915.9036865234375,231.9256591796875
409,409,100,20337,0.0001,0.0,145.88955688476562,238.82000732421875
410,410,100,20350,0.0001,0.0,436.25830078125,238.51844787597656
411,411,100,20368,0.0001,0.0,298.7420654296875,225.00750732421875
412,412,100,20389,0.0001,0.0,148.2230987548828,237.7274169921875
413,413,100,20434,0.0001,0.0,587.954345703125,218.644775390625
414,414,100,20490,0.0001,0.0,1265.864013671875,229.3927001953125
415,415,100,20506,0.0001,0.0,447.16400146484375,237.4709930419922
416,416,100,20507,0.0001,0.0,387.3309326171875,242.32733154296875
417,417,100,20515,0.0001,0.0,506.5998840332031,239.67791748046875
418,418,100,20533,0.0001,0.0,296.91778564453125,234.07742309570312
419,419,100,20592,0.0001,0.0,240.92849731445312,240.38748168945312
420,420,100,20625,0.0001,0.0,409.4251708984375,256.09881591796875
421,421,100,20681,0.0001,0.0,222.8062286376953,241.2371063232422
422,422,100,20746,0.0001,0.0,141.26930236816406,217.22329711914062
423,423,100,20772,0.0001,0.0,192.65255737304688,239.40744018554688
424,424,100,20787,0.0001,0.0,315.5707092285156,226.93057250976562
425,425,100,20816,0.0001,0.0,603.330078125,279.2772216796875
426,426,100,20864,0.0001,0.0,396.54345703125,250.8941650390625
427,427,100,20937,0.0001,0.0,586.69677734375,237.44937133789062
428,428,100,20946,0.0001,0.0,390.02581787109375,239.7201385498047
429,429,100,20991,0.0001,0.0,1371.73388671875,269.7476501464844
430,430,100,21007,0.0001,0.0,783.8468627929688,268.7351379394531
431,431,100,21065,0.0001,0.0,182.03115844726562,239.5453643798828
432,432,100,21121,0.0001,0.0,1607.290771484375,255.01699829101562
433,433,100,21152,0.0001,0.0,332.7241516113281,230.34262084960938
434,434,100,21194,0.0001,0.0,337.745849609375,231.3644256591797
435,435,100,21210,0.0001,0.0,275.7737121582031,247.53448486328125
436,436,100,21247,0.0001,0.0,744.529052734375,256.82244873046875
437,437,100,21263,0.0001,0.0,162.0048828125,227.87326049804688
438,438,100,21320,0.0001,0.0,793.979248046875,242.0570068359375
439,439,100,21360,0.0001,0.0,252.22879028320312,271.424072265625
440,440,100,21390,0.0001,0.0,706.6521606445312,243.58074951171875
441,441,100,21447,0.0001,0.0,372.26373291015625,244.21392822265625
442,442,100,21466,0.0001,0.0,294.22637939453125,251.0006103515625
443,443,100,21504,0.0001,0.0,124.53448486328125,224.9523468017578
444,444,100,21535,0.0001,0.0,414.31689453125,247.12045288085938
445,445,100,21539,0.0001,0.0,429.13055419921875,260.71173095703125
446,446,100,21591,0.0001,0.0,330.6807861328125,246.48306274414062
447,447,100,21626,0.0001,0.0,374.78607177734375,262.40411376953125
448,448,100,21644,0.0001,0.0,229.9658660888672,225.1395263671875
449,449,100,21645,0.0001,0.0,608.9650268554688,250.447998046875
450,450,100,21669,0.0001,0.0,325.1802062988281,259.92205810546875
451,451,100,21692,0.0001,2.200000000000003,237.04000854492188,250.2427215576172
452,452,100,21749,0.0001,2.200000000000003,192.724609375,262.7559814453125
453,453,100,21762,0.0001,2.200000000000003,348.51861572265625,298.0813293457031
454,454,100,21808,0.0001,2.200000000000003,460.4412841796875,245.91831970214844
455,455,100,21863,0.0001,2.200000000000003,505.6557922363281,268.003662109375
456,456,100,21914,0.0001,2.200000000000003,505.887939453125,269.4737548828125
457,457,100,21921,0.0001,2.200000000000003,145.05088806152344,288.754150390625
458,458,100,21927,0.0001,2.200000000000003,395.9822998046875,253.29766845703125
459,459,100,21939,0.0001,2.200000000000003,205.67709350585938,255.02944946289062
460,460,100,21958,0.0001,2.200000000000003,206.95452880859375,268.2918701171875
461,461,100,22015,0.0001,2.200000000000003,279.3282470703125,246.91256713867188
462,462,100,22025,0.0001,2.200000000000003,643.3564453125,240.97511291503906
463,463,100,22026,0.0001,2.200000000000003,829.6382446289062,248.24093627929688
464,464,100,22048,0.0001,2.200000000000003,476.02838134765625,247.36181640625
465,465,100,22097,0.0001,2.200000000000003,166.06076049804688,256.80560302734375
466,466,100,22133,0.0001,2.200000000000003,444.9793701171875,258.6088562011719
467,467,100,22193,0.0001,2.200000000000003,219.22030639648438,268.3275146484375
468,468,100,22249,0.0001,2.200000000000003,488.2576599121094,287.94451904296875
469,469,100,22267,0.0001,2.200000000000003,1012.5897216796875,264.6300354003906
470,470,100,22280,0.0001,2.200000000000003,304.20477294921875,275.1151123046875
471,471,100,22297,0.0001,2.200000000000003,531.261962890625,223.2192840576172
472,472,100,22325,0.0001,2.200000000000003,265.1534118652344,269.0257568359375
473,473,100,22352,0.0001,2.200000000000003,928.72119140625,264.60516357421875
474,474,100,22380,0.0001,2.200000000000003,412.184814453125,251.6981201171875
475,475,100,22445,0.0001,2.200000000000003,211.30087280273438,264.50836181640625
476,476,100,22471,0.0001,2.200000000000003,453.9049377441406,283.5653076171875
477,477,100,22526,0.0001,2.200000000000003,427.1711120605469,251.68338012695312
478,478,100,22572,0.0001,2.200000000000003,497.28753662109375,256.5289306640625
479,479,100,22595,0.0001,2.200000000000003,397.7828369140625,261.3796081542969
480,480,100,22601,0.0001,2.200000000000003,264.37689208984375,243.0765380859375
481,481,100,22667,0.0001,2.200000000000003,135.48379516601562,278.0841064453125
482,482,100,22705,0.0001,2.200000000000003,283.3307189941406,255.2171630859375
483,483,100,22764,0.0001,2.200000000000003,169.6673583984375,268.8551940917969
484,484,100,22820,0.0001,2.200000000000003,201.12808227539062,282.0491943359375
485,485,100,22855,0.0001,2.200000000000003,206.2263641357422,262.1244201660156
486,486,100,22880,0.0001,2.200000000000003,325.2333984375,260.551513671875
487,487,100,22912,0.0001,2.200000000000003,850.39306640625,269.38031005859375
488,488,100,22971,0.0001,2.200000000000003,286.936767578125,287.5821533203125
489,489,100,23006,0.0001,2.200000000000003,283.86676025390625,267.2005920410156
490,490,100,23063,0.0001,2.200000000000003,375.9203796386719,248.5721893310547
491,491,100,23102,0.0001,2.200000000000003,257.24481201171875,247.20494079589844
492,492,100,23115,0.0001,2.200000000000003,515.11865234375,267.21441650390625
493,493,100,23135,0.0001,2.200000000000003,240.52386474609375,265.65509033203125
494,494,100,23154,0.0001,2.200000000000003,694.6962280273438,253.54127502441406
495,495,100,23179,0.0001,2.200000000000003,232.86093139648438,241.07933044433594
496,496,100,23180,0.0001,2.200000000000003,297.84844970703125,267.2218017578125
497,497,100,23211,0.0001,2.200000000000003,751.7314453125,267.4827880859375
498,498,100,23243,0.0001,2.200000000000003,999.0204467773438,268.79168701171875
499,499,100,23270,0.0001,2.200000000000003,292.5902099609375,269.91064453125
500,500,100,23318,0.0001,2.200000000000003,205.76260375976562,305.49627685546875
501,501,100,23377,0.0001,0.0,307.0268249511719,261.91204833984375
502,502,100,23407,0.0001,0.0,179.63430786132812,268.6880187988281
503,503,100,23441,0.0001,0.0,918.4320678710938,273.48834228515625
504,504,100,23455,0.0001,0.0,424.13946533203125,280.3005676269531
505,505,100,23463,0.0001,0.0,355.63751220703125,275.623291015625
506,506,100,23488,0.0001,0.0,871.956298828125,263.0795593261719
507,507,100,23505,0.0001,0.0,432.90069580078125,264.94793701171875
508,508,100,23550,0.0001,0.0,464.9046630859375,244.33013916015625
509,509,100,23603,0.0001,0.0,363.99896240234375,277.3157653808594
510,510,100,23636,0.0001,0.0,330.477294921875,266.4089660644531
511,511,100,23653,0.0001,0.0,570.2772216796875,282.09588623046875
512,512,100,23708,0.0001,0.0,301.24493408203125,291.85260009765625
513,513,100,23766,0.0001,0.0,941.548095703125,273.119140625
514,514,100,23803,0.0001,0.0,334.4326171875,262.12481689453125
515,515,100,23834,0.0001,0.0,162.99368286132812,280.84637451171875
516,516,100,23859,0.0001,0.0,697.7291259765625,285.921875
517,517,100,23913,0.0001,0.0,272.57061767578125,297.2308044433594
518,518,100,23945,0.0001,0.0,1334.9844970703125,277.78424072265625
519,519,100,23982,0.0001,0.0,363.72381591796875,278.171630859375
520,520,100,23991,0.0001,0.0,767.4097290039062,272.24298095703125
521,521,100,24000,0.0001,0.0,257.7713623046875,259.2552795410156
522,522,100,24011,0.0001,0.0,634.849365234375,263.43182373046875
523,523,100,24055,0.0001,0.0,856.2474365234375,290.0848388671875
524,524,100,24085,0.0001,0.0,91.64582061767578,292.9302062988281
525,525,100,24106,0.0001,0.0,477.95257568359375,251.43527221679688
526,526,100,24107,0.0001,0.0,701.885498046875,252.61923217773438
527,527,100,24137,0.0001,0.0,558.934814453125,271.6906433105469
528,528,100,24138,0.0001,0.0,347.8085632324219,303.11328125
529,529,100,24144,0.0001,0.0,704.4744873046875,277.8995361328125
530,530,100,24172,0.0001,0.0,214.6780242919922,322.08367919921875
531,531,100,24219,0.0001,0.0,234.55764770507812,290.63677978515625
532,532,100,24260,0.0001,0.0,159.492431640625,271.6938171386719
533,533,100,24263,0.0001,0.0,250.98486328125,270.3201904296875
534,534,100,24323,0.0001,0.0,460.39453125,306.6917724609375
535,535,100,24324,0.0001,0.0,999.810546875,267.1041259765625
536,536,100,24345,0.0001,0.0,255.238037109375,253.11026000976562
537,537,100,24364,0.0001,0.0,380.7965393066406,263.58599853515625
538,538,100,24378,0.0001,0.0,428.74847412109375,269.3004455566406
539,539,100,24394,0.0001,0.0,261.32611083984375,269.80743408203125
540,540,100,24414,0.0001,0.0,268.53375244140625,288.7770690917969
541,541,100,24446,0.0001,0.0,1301.53759765625,263.901123046875
542,542,100,24472,0.0001,0.0,1318.37353515625,240.29742431640625
543,543,100,24497,0.0001,0.0,287.052734375,287.3555603027344
544,544,100,24523,0.0001,0.0,1055.0108642578125,269.4125671386719
545,545,100,24551,0.0001,0.0,443.31085205078125,277.83905029296875
546,546,100,24576,0.0001,0.0,173.53271484375,287.4862060546875
547,547,100,24629,0.0001,0.0,298.05059814453125,261.2650146484375
548,548,100,24642,0.0001,0.0,265.60235595703125,275.9756774902344
549,549,100,24643,0.0001,0.0,535.5479125976562,293.6001892089844
550,550,100,24671,0.0001,0.0,319.23822021484375,282.8108825683594
551,551,100,24698,0.0001,0.0,181.8028106689453,299.88006591796875
552,552,100,24718,0.0001,0.0,516.4046020507812,290.27374267578125
553,553,100,24781,0.0001,0.0,213.1001739501953,252.80459594726562
554,554,100,24788,0.0001,0.0,1185.614990234375,282.233642578125
555,555,100,24803,0.0001,0.0,405.47760009765625,256.34515380859375
556,556,100,24817,0.0001,0.0,128.1748046875,297.02435302734375
557,557,100,24872,0.0001,0.0,717.5162353515625,261.2025451660156
558,558,100,24897,0.0001,0.0,527.4885864257812,282.23858642578125
559,559,100,24914,0.0001,0.0,692.8310546875,273.32318115234375
560,560,100,24942,0.0001,0.0,222.77536010742188,284.4632568359375
561,561,100,24956,0.0001,0.0,418.2403869628906,253.45669555664062
562,562,100,24981,0.0001,0.0,1050.7265625,261.3761901855469
563,563,100,25006,0.0001,0.0,879.0932006835938,273.36297607421875
564,564,100,25036,0.0001,0.0,655.927734375,245.98141479492188
565,565,100,25047,0.0001,0.0,1020.6915893554688,244.9259033203125
566,566,100,25078,0.0001,0.0,252.11563110351562,260.52587890625
567,567,100,25094,0.0001,0.0,450.7522277832031,234.34469604492188
568,568,100,25118,0.0001,0.0,510.7550048828125,273.1918029785156
569,569,100,25142,0.0001,0.0,463.7520751953125,286.9024963378906
570,570,100,25159,0.0001,0.0,596.5547485351562,253.64552307128906
571,571,100,25184,0.0001,0.0,295.55816650390625,277.275634765625
572,572,100,25209,0.0001,0.0,972.093994140625,287.37030029296875
573,573,100,25220,0.0001,0.0,378.3222961425781,251.38552856445312
574,574,100,25261,0.0001,0.0,651.27734375,265.5079345703125
575,575,100,25303,0.0001,0.0,926.3126220703125,286.80975341796875
576,576,100,25315,0.0001,0.0,257.435791015625,277.6409912109375
577,577,100,25319,0.0001,0.0,290.7410583496094,262.7584228515625
578,578,100,25340,0.0001,0.0,431.1593933105469,252.13720703125
579,579,100,25361,0.0001,0.0,294.0261535644531,280.51861572265625
580,580,100,25382,0.0001,0.0,290.42303466796875,271.07073974609375
581,581,100,25387,0.0001,0.0,215.89501953125,262.1986083984375
582,582,100,25411,0.0001,0.0,673.6546630859375,287.320068359375
583,583,100,25440,0.0001,0.0,269.85546875,280.81658935546875
584,584,100,25484,0.0001,0.0,1002.6348266601562,277.52117919921875
585,585,100,25518,0.0001,0.0,256.2608642578125,298.81048583984375
586,586,100,25549,0.0001,0.0,393.97625732421875,265.8499755859375
587,587,100,25604,0.0001,0.0,517.2509765625,304.7969970703125
588,588,100,25640,0.0001,0.0,545.639404296875,268.2052307128906
589,589,100,25647,0.0001,0.0,550.2637329101562,268.6322021484375
590,590,100,25667,0.0001,0.0,192.72732543945312,280.8214111328125
591,591,100,25725,0.0001,0.0,742.4279174804688,261.857421875
592,592,100,25769,0.0001,0.0,339.0286560058594,266.7923583984375
593,593,100,25795,0.0001,0.0,259.8501281738281,268.0845947265625
594,594,100,25796,0.0001,0.0,204.2088623046875,270.7830505371094
595,595,100,25804,0.0001,0.0,489.684326171875,259.69207763671875
596,596,100,25844,0.0001,0.0,471.6671447753906,300.18389892578125
597,597,100,25871,0.0001,0.0,317.263427734375,291.26348876953125
598,598,100,25889,0.0001,0.0,241.7361602783203,281.1619873046875
599,599,100,25916,0.0001,0.0,913.8992919921875,262.6772766113281
600,600,100,25935,0.0001,0.0,419.40765380859375,278.2649230957031
601,601,100,25936,0.0001,0.0,354.94378662109375,247.9934539794922
602,602,100,25961,0.0001,0.0,203.40011596679688,282.2568359375
603,603,100,25988,0.0001,0.0,253.84890747070312,262.4045715332031
604,604,100,26057,0.0001,0.0,129.82501220703125,289.4908142089844
605,605,100,26126,0.0001,0.0,195.27578735351562,285.0030822753906
606,606,100,26144,0.0001,0.0,448.83306884765625,263.06573486328125
607,607,100,26162,0.0001,0.0,424.3053894042969,266.11932373046875
608,608,100,26180,0.0001,0.0,479.2411804199219,247.78817749023438
609,609,100,26217,0.0001,0.0,206.5519561767578,284.9099426269531
610,610,100,26231,0.0001,0.0,694.9732055664062,240.5322265625
611,611,100,26248,0.0001,0.0,306.16558837890625,275.700439453125
612,612,100,26258,0.0001,0.0,579.271240234375,266.7221984863281
613,613,100,26274,0.0001,0.0,512.888916015625,272.8717346191406
614,614,100,26334,0.0001,0.0,1082.654052734375,264.3780517578125
615,615,100,26340,0.0001,0.0,642.5120849609375,299.5542297363281
616,616,100,26359,0.0001,0.0,362.45025634765625,280.9427185058594
617,617,100,26377,0.0001,0.0,422.5894775390625,279.5360107421875
618,618,100,26419,0.0001,0.0,477.8857421875,291.16107177734375
619,619,100,26447,0.0001,0.0,592.793212890625,269.0375671386719
620,620,100,26492,0.0001,0.0,268.421875,260.0089111328125
621,621,100,26525,0.0001,0.0,285.9811706542969,275.40863037109375
622,622,100,26582,0.0001,0.0,371.82989501953125,261.0408935546875
623,623,100,26640,0.0001,0.0,214.75746154785156,294.784912109375
624,624,100,26656,0.0001,0.0,161.75367736816406,273.09527587890625
625,625,100,26657,0.0001,0.0,235.8477325439453,307.0518798828125
626,626,100,26673,0.0001,0.0,272.9712829589844,280.61138916015625
627,627,100,26690,0.0001,0.0,329.61517333984375,291.8883056640625
628,628,100,26704,0.0001,0.0,172.86891174316406,283.78662109375
629,629,100,26738,0.0001,0.0,523.851318359375,271.89727783203125
630,630,100,26775,0.0001,0.0,590.20947265625,305.04962158203125
631,631,100,26834,0.0001,0.0,399.41650390625,276.01422119140625
632,632,100,26860,0.0001,0.0,286.0041198730469,274.409423828125
633,633,100,26879,0.0001,0.0,412.78143310546875,239.63119506835938
634,634,100,26914,0.0001,0.0,447.9338684082031,286.2374572753906
635,635,100,26915,0.0001,0.0,370.1861572265625,281.33740234375
636,636,100,26952,0.0001,0.0,484.57745361328125,277.31378173828125
637,637,100,26984,0.0001,0.0,1542.313232421875,282.4167785644531
638,638,100,27014,0.0001,0.0,270.51458740234375,287.1060791015625
639,639,100,27027,0.0001,0.0,253.9317626953125,297.359130859375
640,640,100,27068,0.0001,0.0,353.59027099609375,300.55072021484375
641,641,100,27079,0.0001,0.0,290.2696533203125,281.19818115234375
642,642,100,27090,0.0001,0.0,375.7184143066406,282.57318115234375
643,643,100,27115,0.0001,0.0,640.7097778320312,271.6761474609375
644,644,100,27146,0.0001,0.0,856.6995849609375,285.82513427734375
645,645,100,27183,0.0001,0.0,386.9734802246094,285.6499938964844
646,646,100,27206,0.0001,0.0,373.0320129394531,257.0184631347656
647,647,100,27236,0.0001,0.0,654.9666137695312,246.66159057617188
648,648,100,27257,0.0001,0.0,426.39544677734375,277.8981018066406
649,649,100,27282,0.0001,0.0,315.3053894042969,274.1294250488281
650,650,100,27297,0.0001,0.0,530.5865478515625,292.4830017089844
651,651,100,27315,0.0001,0.0,159.64662170410156,323.834716796875
652,652,100,27321,0.0001,0.0,444.66265869140625,264.499755859375
653,653,100,27326,0.0001,0.0,330.8900146484375,302.61285400390625
654,654,100,27354,0.0001,0.0,243.99444580078125,298.331298828125
655,655,100,27388,0.0001,0.0,846.75048828125,311.84588623046875
656,656,100,27407,0.0001,0.0,335.10711669921875,291.8782958984375
657,657,100,27440,0.0001,0.0,223.37261962890625,277.3111572265625
658,658,100,27497,0.0001,0.0,360.50897216796875,273.1289367675781
659,659,100,27551,0.0001,0.0,905.5535888671875,283.34320068359375
660,660,100,27574,0.0001,0.0,590.833251953125,246.44937133789062
661,661,100,27616,0.0001,0.0,297.3932189941406,276.3050537109375
662,662,100,27637,0.0001,0.0,631.5018310546875,275.39044189453125
663,663,100,27662,0.0001,0.0,224.64474487304688,290.18927001953125
664,664,100,27681,0.0001,0.0,188.475341796875,291.5312805175781
665,665,100,27702,0.0001,0.0,484.8682861328125,245.55709838867188
666,666,100,27733,0.0001,0.0,662.7473754882812,291.8934020996094
667,667,100,27747,0.0001,0.0,792.3755493164062,278.588134765625
668,668,100,27768,0.0001,0.0,444.8245544433594,291.49468994140625
669,669,100,27777,0.0001,0.0,381.7969055175781,271.145263671875
670,670,100,27790,0.0001,0.0,512.968017578125,261.9874267578125
671,671,100,27802,0.0001,0.0,447.89849853515625,287.71673583984375
672,672,100,27817,0.0001,0.0,507.5002746582031,290.6824951171875
673,673,100,27848,0.0001,0.0,225.60406494140625,295.81182861328125
674,674,100,27868,0.0001,0.0,464.27191162109375,294.0523986816406
675,675,100,27902,0.0001,0.0,147.54351806640625,312.62066650390625
676,676,100,27928,0.0001,0.0,810.96337890625,286.8944396972656
677,677,100,27949,0.0001,0.0,866.333251953125,271.1539001464844
678,678,100,27982,0.0001,0.0,347.7849426269531,297.0135192871094
679,679,100,27998,0.0001,0.0,362.93267822265625,300.2412109375
680,680,100,28055,0.0001,0.0,242.873779296875,298.2720947265625
681,681,100,28073,0.0001,0.0,565.4198608398438,313.34698486328125
682,682,100,28088,0.0001,0.0,327.6661071777344,262.8923645019531
683,683,100,28112,0.0001,0.0,766.5447998046875,290.27593994140625
684,684,100,28172,0.0001,0.0,1008.2213134765625,298.45867919921875
685,685,100,28209,0.0001,0.0,323.11083984375,264.260009765625
686,686,100,28239,0.0001,0.0,177.2618408203125,290.1189270019531
687,687,100,28284,0.0001,0.0,615.9102783203125,295.10552978515625
688,688,100,28347,0.0001,0.0,267.49908447265625,275.23516845703125
689,689,100,28376,0.0001,0.0,1199.99560546875,272.6663818359375
690,690,100,28401,0.0001,0.0,534.5668334960938,277.4561767578125
691,691,100,28416,0.0001,0.0,449.1206359863281,253.5645751953125
692,692,100,28452,0.0001,0.0,600.3193359375,251.2582244873047
693,693,100,28468,0.0001,0.0,366.1263427734375,309.1524963378906
694,694,100,28517,0.0001,0.0,604.6884765625,286.1082763671875
695,695,100,28545,0.0001,0.0,1008.0471801757812,274.290283203125
696,696,100,28584,0.0001,0.0,472.07611083984375,265.15252685546875
697,697,100,28598,0.0001,0.0,445.89862060546875,248.4583740234375
698,698,100,28606,0.0001,0.0,274.3857421875,298.37481689453125
699,699,100,28644,0.0001,0.0,529.0589599609375,301.4935302734375
700,700,100,28675,0.0001,0.0,378.6732482910156,280.7215270996094
701,701,100,28698,0.0001,0.0,361.3770446777344,266.73004150390625
702,702,100,28721,0.0001,0.0,410.653076171875,286.6669616699219
703,703,100,28739,0.0001,0.0,286.51397705078125,252.12347412109375
704,704,100,28786,0.0001,0.0,748.2525634765625,282.7746887207031
705,705,100,28818,0.0001,0.0,157.55242919921875,273.260986328125
706,706,100,28847,0.0001,0.0,246.67518615722656,292.44439697265625
707,707,100,28882,0.0001,0.0,626.4815673828125,306.0012512207031
708,708,100,28904,0.0001,0.0,833.5797119140625,274.0651550292969
709,709,100,28934,0.0001,0.0,278.4456787109375,277.90667724609375
710,710,100,28935,0.0001,0.0,682.4829711914062,272.91461181640625
711,711,100,28957,0.0001,0.0,333.34796142578125,299.31207275390625
712,712,100,28991,0.0001,0.0,722.515380859375,286.8912048339844
713,713,100,29054,0.0001,0.0,558.91259765625,296.12982177734375
714,714,100,29089,0.0001,0.0,409.4849853515625,300.2442626953125
715,715,100,29102,0.0001,0.0,413.89801025390625,281.94000244140625
716,716,100,29112,0.0001,0.0,450.18035888671875,274.4019775390625
717,717,100,29127,0.0001,0.0,255.7402801513672,290.1206970214844
718,718,100,29158,0.0001,0.0,503.5648193359375,260.7744445800781
719,719,100,29176,0.0001,0.0,330.72052001953125,255.93922424316406
720,720,100,29228,0.0001,0.0,233.48580932617188,305.4604187011719
721,721,100,29248,0.0001,0.0,289.3817443847656,290.2911376953125
722,722,100,29264,0.0001,0.0,294.5562744140625,293.0926818847656
723,723,100,29320,0.0001,0.0,525.0426025390625,284.3857421875
724,724,100,29340,0.0001,0.0,170.62020874023438,319.5465087890625
725,725,100,29381,0.0001,0.0,364.24267578125,307.23040771484375
726,726,100,29444,0.0001,0.0,525.70751953125,244.74794006347656
727,727,100,29507,0.0001,0.0,210.8706512451172,284.9674987792969
728,728,100,29522,0.0001,0.0,1156.1602783203125,271.84344482421875
729,729,100,29540,0.0001,0.0,354.1529541015625,303.056640625
730,730,100,29566,0.0001,0.0,406.763427734375,298.904541015625
731,731,100,29583,0.0001,0.0,999.4323120117188,278.0896911621094
732,732,100,29622,0.0001,0.0,429.82568359375,296.2953186035156
733,733,100,29642,0.0001,0.0,584.8564453125,274.3773193359375
734,734,100,29660,0.0001,0.0,382.7890625,277.68115234375
735,735,100,29681,0.0001,0.0,808.489013671875,258.90765380859375
736,736,100,29742,0.0001,0.0,170.00723266601562,309.03826904296875
737,737,100,29760,0.0001,0.0,422.4283752441406,302.1865539550781
738,738,100,29783,0.0001,0.0,874.7026977539062,316.6023254394531
739,739,100,29800,0.0001,0.0,362.39031982421875,287.44525146484375
740,740,100,29812,0.0001,0.0,214.873291015625,272.74920654296875
741,741,100,29862,0.0001,0.0,447.7682189941406,305.4631652832031
742,742,100,29893,0.0001,0.0,543.6116333007812,274.2237548828125
743,743,100,29915,0.0001,0.0,1276.84326171875,264.9365234375
744,744,100,29945,0.0001,0.0,262.8883972167969,292.1939697265625
745,745,100,29962,0.0001,0.0,296.1986389160156,299.5340576171875
746,746,100,29986,0.0001,0.0,559.4482421875,305.50653076171875
747,747,100,30017,0.0001,0.0,454.267822265625,255.90301513671875
748,748,100,30066,0.0001,0.0,256.73016357421875,280.48516845703125
749,749,100,30092,0.0001,0.0,322.57745361328125,289.5855712890625
750,750,100,30117,0.0001,0.0,545.9710693359375,274.5700988769531
751,751,100,30164,0.0001,0.0,359.013427734375,304.830810546875
752,752,100,30190,0.0001,0.0,313.75701904296875,244.91514587402344
753,753,100,30246,0.0001,0.0,335.49090576171875,282.93035888671875
754,754,100,30275,0.0001,0.0,286.4654541015625,274.3132019042969
755,755,100,30279,0.0001,0.0,280.56689453125,338.874267578125
756,756,100,30303,0.0001,0.0,411.0108642578125,305.553955078125
757,757,100,30327,0.0001,0.0,474.5718688964844,303.0424499511719
758,758,100,30328,0.0001,0.0,333.1654052734375,286.2486877441406
759,759,100,30354,0.0001,0.0,395.1392517089844,282.01800537109375
760,760,100,30386,0.0001,0.0,400.94671630859375,263.34942626953125
761,761,100,30394,0.0001,0.0,320.78021240234375,270.5643310546875
762,762,100,30426,0.0001,0.0,392.4027099609375,275.31158447265625
763,763,100,30456,0.0001,0.0,1456.7261962890625,284.3028564453125
764,764,100,30520,0.0001,0.0,402.6300048828125,298.1580505371094
765,765,100,30579,0.0001,0.0,223.34786987304688,297.61669921875
766,766,100,30601,0.0001,0.0,473.470458984375,258.8991394042969
767,767,100,30616,0.0001,0.0,1118.661865234375,304.69610595703125
768,768,100,30633,0.0001,0.0,375.2267761230469,284.5872802734375
769,769,100,30684,0.0001,0.0,882.9896240234375,284.78515625
770,770,100,30700,0.0001,0.0,375.77154541015625,298.59442138671875
771,771,100,30729,0.0001,0.0,280.5792236328125,279.5162353515625
772,772,100,30753,0.0001,0.0,293.69940185546875,255.27584838867188
773,773,100,30771,0.0001,0.0,305.46044921875,262.89471435546875
774,774,100,30791,0.0001,0.0,348.0104675292969,324.6712341308594
775,775,100,30802,0.0001,0.0,343.9700012207031,268.0251770019531
776,776,100,30839,0.0001,0.0,470.5592956542969,282.6544189453125
777,777,100,30895,0.0001,0.0,197.07479858398438,321.8750305175781
778,778,100,30943,0.0001,0.0,205.9252471923828,284.8193359375
779,779,100,30968,0.0001,0.0,407.3450927734375,334.29119873046875
780,780,100,30972,0.0001,0.0,274.70123291015625,297.112060546875
781,781,100,31012,0.0001,0.0,238.59146118164062,305.55999755859375
782,782,100,31037,0.0001,0.0,188.83616638183594,281.8612060546875
783,783,100,31053,0.0001,0.0,418.70220947265625,277.1600646972656
784,784,100,31078,0.0001,0.0,1267.60888671875,263.37640380859375
785,785,100,31100,0.0001,0.0,522.6458740234375,246.74488830566406
786,786,100,31122,0.0001,0.0,658.7410888671875,271.67974853515625
787,787,100,31180,0.0001,0.0,341.88763427734375,295.0709533691406
788,788,100,31193,0.0001,0.0,432.413330078125,318.59222412109375
789,789,100,31256,0.0001,0.0,415.5609130859375,259.2008361816406
790,790,100,31316,0.0001,0.0,706.47021484375,281.2574462890625
791,791,100,31358,0.0001,0.0,488.122802734375,291.419677734375
792,792,100,31394,0.0001,0.0,468.96258544921875,281.923828125
793,793,100,31422,0.0001,0.0,165.5758056640625,290.9654846191406
794,794,100,31483,0.0001,0.0,221.82005310058594,341.962158203125
795,795,100,31507,0.0001,0.0,264.29205322265625,312.30224609375
796,796,100,31541,0.0001,0.0,473.7149658203125,279.11944580078125
797,797,100,31561,0.0001,0.0,504.7537841796875,254.86053466796875
798,798,100,31597,0.0001,0.0,165.834228515625,309.9886169433594
799,799,100,31617,0.0001,0.0,378.2935791015625,289.51629638671875
800,800,100,31643,0.0001,0.0,533.8157958984375,289.56829833984375
801,801,100,31654,0.0001,0.0,595.8540649414062,259.87847900390625
802,802,100,31672,0.0001,0.0,401.1988525390625,291.69512939453125
803,803,100,31690,0.0001,0.0,355.0401306152344,292.5255126953125
804,804,100,31734,0.0001,0.0,399.827880859375,243.7420654296875
805,805,100,31739,0.0001,0.0,261.0135803222656,330.8101806640625
806,806,100,31753,0.0001,0.0,775.5006103515625,313.1406555175781
807,807,100,31780,0.0001,0.0,428.619873046875,253.94020080566406
808,808,-10,32280,0.0001,0.0,583.169677734375,289.08087158203125
809,809,100,32343,0.0001,0.0,300.6610412597656,335.59454345703125
810,810,100,32362,0.0001,0.0,681.8887939453125,283.0182189941406
811,811,100,32373,0.0001,0.0,246.73031616210938,276.0784912109375
812,812,100,32414,0.0001,0.0,587.081298828125,283.2173767089844
813,813,100,32415,0.0001,0.0,328.5324401855469,315.21990966796875
814,814,100,32484,0.0001,0.0,137.54896545410156,272.1390380859375
815,815,100,32512,0.0001,0.0,960.201904296875,259.0245666503906
816,816,100,32532,0.0001,0.0,645.9090576171875,294.694091796875
817,817,100,32560,0.0001,0.0,358.3424987792969,253.52481079101562
818,818,100,32592,0.0001,0.0,175.914794921875,282.49993896484375
819,819,100,32628,0.0001,0.0,743.7703857421875,305.88702392578125
820,820,100,32658,0.0001,0.0,431.089111328125,247.4649658203125
821,821,100,32697,0.0001,0.0,960.5609130859375,254.5142822265625
822,822,100,32726,0.0001,0.0,321.5948791503906,271.033935546875
823,823,100,32786,0.0001,0.0,320.85626220703125,308.6612548828125
824,824,100,32822,0.0001,0.0,675.481201171875,277.8856506347656
825,825,100,32832,0.0001,0.0,329.4437255859375,311.50079345703125
826,826,100,32842,0.0001,0.0,597.522216796875,306.71142578125
827,827,100,32843,0.0001,0.0,632.9969482421875,259.799072265625
828,828,100,32875,0.0001,0.0,545.977294921875,266.40325927734375
829,829,100,32894,0.0001,0.0,440.03778076171875,317.8653259277344
830,830,100,32919,0.0001,0.0,278.01031494140625,294.35467529296875
831,831,100,32948,0.0001,0.0,681.3194580078125,298.98785400390625
832,832,100,32971,0.0001,0.0,325.35198974609375,296.99310302734375
833,833,100,32975,0.0001,0.0,320.35784912109375,259.53485107421875
834,834,100,32994,0.0001,0.0,745.9863891601562,293.5687255859375
835,835,100,33059,0.0001,0.0,927.872314453125,249.21896362304688
836,836,100,33074,0.0001,0.0,440.9269714355469,258.544677734375
837,837,100,33105,0.0001,0.0,602.359619140625,282.44354248046875
838,838,100,33121,0.0001,0.0,520.1721801757812,294.382080078125
839,839,100,33144,0.0001,0.0,271.548095703125,320.6629638671875
840,840,100,33161,0.0001,0.0,415.251708984375,324.4867858886719
841,841,100,33225,0.0001,0.0,163.48342895507812,290.0521240234375
842,842,100,33245,0.0001,0.0,491.09564208984375,277.50445556640625
843,843,100,33266,0.0001,0.0,542.332275390625,297.5894775390625
844,844,100,33280,0.0001,0.0,353.171630859375,305.0421142578125
845,845,100,33303,0.0001,0.0,534.0718383789062,341.95880126953125
846,846,100,33366,0.0001,0.0,1379.7530517578125,267.68182373046875
847,847,100,33391,0.0001,0.0,398.3304748535156,310.85302734375
848,848,100,33428,0.0001,0.0,224.92953491210938,282.60467529296875
849,849,100,33429,0.0001,0.0,257.81085205078125,293.83673095703125
850,850,100,33430,0.0001,0.0,166.15719604492188,328.8581848144531
851,851,100,33460,0.0012000000000000014,-2.200000000000003,423.371337890625,277.715576171875
852,852,100,33525,0.0012000000000000014,-2.200000000000003,363.53369140625,283.7090148925781
853,853,100,33538,0.0012000000000000014,-2.200000000000003,551.2701416015625,336.4832763671875
854,854,100,33595,0.0012000000000000014,-2.200000000000003,305.3887939453125,307.26708984375
855,855,100,33609,0.0012000000000000014,-2.200000000000003,255.79537963867188,303.1448059082031
856,856,100,33665,0.0012000000000000014,-2.200000000000003,693.9986572265625,275.0965576171875
857,857,100,33691,0.0012000000000000014,-2.200000000000003,176.86505126953125,306.166748046875
858,858,100,33713,0.0012000000000000014,-2.200000000000003,249.39608764648438,321.645263671875
859,859,100,33729,0.0012000000000000014,-2.200000000000003,248.71115112304688,317.284423828125
860,860,100,33754,0.0012000000000000014,-2.200000000000003,583.3236083984375,295.61279296875
861,861,100,33815,0.0012000000000000014,-2.200000000000003,644.458251953125,271.329833984375
862,862,100,33832,0.0012000000000000014,-2.200000000000003,484.752197265625,274.861572265625
863,863,100,33844,0.0012000000000000014,-2.200000000000003,339.8147888183594,309.62353515625
864,864,100,33862,0.0012000000000000014,-2.200000000000003,527.363525390625,292.59967041015625
865,865,100,33868,0.0012000000000000014,-2.200000000000003,520.83154296875,289.466796875
866,866,100,33891,0.0012000000000000014,-2.200000000000003,156.2230224609375,315.46221923828125
867,867,100,33916,0.0012000000000000014,-2.200000000000003,364.5694580078125,292.3262939453125
868,868,100,33944,0.0012000000000000014,-2.200000000000003,711.0816040039062,295.92645263671875
869,869,100,33987,0.0012000000000000014,-2.200000000000003,208.1700897216797,294.26171875
870,870,100,34037,0.0012000000000000014,-2.200000000000003,484.90191650390625,293.7779846191406
871,871,100,34060,0.0012000000000000014,-2.200000000000003,1154.546142578125,292.79376220703125
872,872,100,34086,0.0012000000000000014,-2.200000000000003,148.9317626953125,312.4287109375
873,873,100,34110,0.0012000000000000014,-2.200000000000003,617.2152099609375,288.9906921386719
874,874,100,34146,0.0012000000000000014,-2.200000000000003,340.29449462890625,311.1358642578125
875,875,100,34174,0.0012000000000000014,-2.200000000000003,235.2190399169922,307.8656311035156
876,876,100,34187,0.0012000000000000014,-2.200000000000003,1342.501708984375,296.13250732421875
877,877,100,34247,0.0012000000000000014,-2.200000000000003,443.61456298828125,306.5343017578125
878,878,100,34276,0.0012000000000000014,-2.200000000000003,242.78421020507812,283.510986328125
879,879,100,34291,0.0012000000000000014,-2.200000000000003,299.9090576171875,291.42254638671875
880,880,100,34301,0.0012000000000000014,-2.200000000000003,146.52932739257812,273.8478698730469
881,881,100,34318,0.0012000000000000014,-2.200000000000003,715.8572998046875,275.9049072265625
882,882,100,34354,0.0012000000000000014,-2.200000000000003,299.83648681640625,244.00637817382812
883,883,100,34418,0.0012000000000000014,-2.200000000000003,1105.020263671875,292.6716613769531
884,884,100,34446,0.0012000000000000014,-2.200000000000003,124.24488830566406,335.9465637207031
885,885,100,34512,0.0012000000000000014,-2.200000000000003,582.7183227539062,287.29339599609375
886,886,100,34542,0.0012000000000000014,-2.200000000000003,632.7301025390625,249.58834838867188
887,887,100,34566,0.0012000000000000014,-2.200000000000003,249.53794860839844,279.7432556152344
888,888,100,34597,0.0012000000000000014,-2.200000000000003,182.6688232421875,319.1463317871094
889,889,100,34604,0.0012000000000000014,-2.200000000000003,445.13287353515625,291.599853515625
890,890,100,34631,0.0012000000000000014,-2.200000000000003,492.7350158691406,280.87750244140625
891,891,100,34657,0.0012000000000000014,-2.200000000000003,861.167724609375,285.9710998535156
892,892,100,34686,0.0012000000000000014,-2.200000000000003,384.21539306640625,326.47735595703125
893,893,100,34696,0.0012000000000000014,-2.200000000000003,955.1436767578125,276.27874755859375
894,894,100,34716,0.0012000000000000014,-2.200000000000003,800.289794921875,257.6482238769531
895,895,100,34735,0.0012000000000000014,-2.200000000000003,287.73138427734375,297.24322509765625
896,896,100,34759,0.0012000000000000014,-2.200000000000003,358.97381591796875,259.684326171875
897,897,100,34779,0.0012000000000000014,-2.200000000000003,251.89846801757812,290.6910400390625
898,898,100,34783,0.0012000000000000014,-2.200000000000003,492.42144775390625,306.61065673828125
899,899,100,34816,0.0012000000000000014,-2.200000000000003,2291.525390625,284.20062255859375
900,900,-10,35316,0.0012000000000000014,-2.200000000000003,731.7374877929688,263.7759704589844
901,901,100,35359,0.0012000000000000014,0.0,339.6527099609375,280.24481201171875
902,902,100,35381,0.0012000000000000014,0.0,357.7524108886719,319.636962890625
903,903,100,35409,0.0012000000000000014,0.0,1251.6689453125,302.5001220703125
904,904,100,35432,0.0012000000000000014,0.0,518.1953125,262.22821044921875
905,905,100,35495,0.0012000000000000014,0.0,258.0763244628906,333.3028564453125
906,906,100,35511,0.0012000000000000014,0.0,227.1741485595703,258.00531005859375
907,907,100,35573,0.0012000000000000014,0.0,1192.50732421875,267.2667236328125
908,908,100,35602,0.0012000000000000014,0.0,304.62982177734375,252.6046905517578
909,909,100,35629,0.0012000000000000014,0.0,1085.1585693359375,318.55169677734375
910,910,100,35630,0.0012000000000000014,0.0,208.64114379882812,313.96917724609375
911,911,100,35653,0.0012000000000000014,0.0,723.5425415039062,285.66424560546875
912,912,100,35677,0.0012000000000000014,0.0,332.6500244140625,261.8240966796875
913,913,100,35700,0.0012000000000000014,0.0,356.93023681640625,296.5952453613281
914,914,100,35731,0.0012000000000000014,0.0,305.638427734375,283.1107177734375
915,915,100,35754,0.0012000000000000014,0.0,330.59619140625,296.7067565917969
916,916,100,35784,0.0012000000000000014,0.0,274.9731750488281,298.91241455078125
917,917,100,35810,0.0012000000000000014,0.0,1000.3546142578125,285.36865234375
918,918,100,35859,0.0012000000000000014,0.0,448.00390625,278.99188232421875
919,919,100,35925,0.0012000000000000014,0.0,390.64794921875,308.06982421875
920,920,100,35989,0.0012000000000000014,0.0,280.62982177734375,310.68011474609375
921,921,100,35990,0.0012000000000000014,0.0,539.2731323242188,285.85540771484375
922,922,100,36016,0.0012000000000000014,0.0,667.3185424804688,269.91156005859375
923,923,100,36036,0.0012000000000000014,0.0,833.6930541992188,324.88226318359375
924,924,100,36074,0.0012000000000000014,0.0,471.35601806640625,299.3277587890625
925,925,100,36093,0.0012000000000000014,0.0,259.6676940917969,278.8321533203125
926,926,100,36146,0.0012000000000000014,0.0,411.5591125488281,273.4125061035156
927,927,100,36158,0.0012000000000000014,0.0,472.9287109375,274.7412414550781
928,928,100,36177,0.0012000000000000014,0.0,435.58990478515625,292.99102783203125
929,929,100,36202,0.0012000000000000014,0.0,618.558837890625,310.52545166015625
930,930,100,36215,0.0012000000000000014,0.0,680.35888671875,207.69674682617188
931,931,100,36265,0.0012000000000000014,0.0,970.1881103515625,251.99545288085938
932,932,100,36300,0.0012000000000000014,0.0,713.939697265625,239.10821533203125
933,933,100,36327,0.0012000000000000014,0.0,331.9256591796875,260.27777099609375
934,934,100,36357,0.0012000000000000014,0.0,468.4465026855469,251.39059448242188
935,935,100,36382,0.0012000000000000014,0.0,587.532958984375,322.3475341796875
936,936,100,36410,0.0012000000000000014,0.0,469.0194091796875,290.9786071777344
937,937,100,36462,0.0012000000000000014,0.0,326.07171630859375,322.0186462402344
938,938,100,36485,0.0012000000000000014,0.0,604.1680908203125,284.04547119140625
939,939,100,36523,0.0012000000000000014,0.0,229.06529235839844,298.34515380859375
940,940,100,36524,0.0012000000000000014,0.0,478.73675537109375,294.5378112792969
941,941,100,36544,0.0012000000000000014,0.0,367.1641845703125,317.26336669921875
942,942,100,36574,0.0012000000000000014,0.0,318.43048095703125,284.98077392578125
943,943,100,36595,0.0012000000000000014,0.0,341.18035888671875,241.90045166015625
944,944,100,36610,0.0012000000000000014,0.0,738.5745849609375,311.88128662109375
945,945,100,36647,0.0012000000000000014,0.0,724.630126953125,239.8897247314453
946,946,100,36657,0.0012000000000000014,0.0,450.5987243652344,313.91302490234375
947,947,100,36658,0.0012000000000000014,0.0,647.1226806640625,280.16766357421875
948,948,100,36659,0.0012000000000000014,0.0,1004.7639770507812,325.24188232421875
949,949,100,36674,0.0012000000000000014,0.0,252.28778076171875,291.8583679199219
950,950,100,36707,0.0012000000000000014,0.0,212.75802612304688,299.20477294921875
951,951,100,36734,0.00010000000000000005,2.200000000000003,438.27203369140625,312.14508056640625
952,952,100,36755,0.00010000000000000005,2.200000000000003,792.0496215820312,275.85595703125
953,953,100,36802,0.00010000000000000005,2.200000000000003,970.766845703125,282.9095153808594
954,954,100,36849,0.00010000000000000005,2.200000000000003,744.3116455078125,318.10797119140625
955,955,100,36850,0.00010000000000000005,2.200000000000003,587.6357421875,263.90386962890625
956,956,100,36887,0.00010000000000000005,2.200000000000003,443.6805725097656,304.9969482421875
957,957,100,36908,0.00010000000000000005,2.200000000000003,507.67254638671875,302.487548828125
958,958,100,36946,0.00010000000000000005,2.200000000000003,716.7318115234375,298.3427734375
959,959,100,36991,0.00010000000000000005,2.200000000000003,732.0897216796875,263.5465087890625
960,960,100,37003,0.00010000000000000005,2.200000000000003,205.57249450683594,329.76220703125
961,961,100,37004,0.00010000000000000005,2.200000000000003,354.0440673828125,290.69000244140625
962,962,100,37048,0.00010000000000000005,2.200000000000003,346.2601318359375,293.31085205078125
963,963,100,37065,0.00010000000000000005,2.200000000000003,539.6343994140625,285.16265869140625
964,964,100,37088,0.00010000000000000005,2.200000000000003,322.47418212890625,277.14556884765625
965,965,100,37098,0.00010000000000000005,2.200000000000003,255.74591064453125,323.335205078125
966,966,100,37140,0.00010000000000000005,2.200000000000003,810.4168701171875,314.36517333984375
967,967,100,37205,0.00010000000000000005,2.200000000000003,625.0955810546875,289.587646484375
968,968,100,37234,0.00010000000000000005,2.200000000000003,2290.33544921875,281.871337890625
969,969,100,37264,0.00010000000000000005,2.200000000000003,363.8593444824219,278.514892578125
970,970,100,37287,0.00010000000000000005,2.200000000000003,916.7939453125,284.7930908203125
971,971,100,37313,0.00010000000000000005,2.200000000000003,1693.02099609375,301.3924560546875
972,972,100,37318,0.00010000000000000005,2.200000000000003,250.00765991210938,331.00811767578125
973,973,100,37340,0.00010000000000000005,2.200000000000003,613.25341796875,255.54391479492188
974,974,100,37366,0.00010000000000000005,2.200000000000003,593.9803466796875,291.28973388671875
975,975,100,37391,0.00010000000000000005,2.200000000000003,842.4072265625,298.37158203125
976,976,100,37396,0.00010000000000000005,2.200000000000003,787.6648559570312,276.7826843261719
977,977,100,37404,0.00010000000000000005,2.200000000000003,334.4310607910156,299.55816650390625
978,978,100,37444,0.00010000000000000005,2.200000000000003,328.6080322265625,286.5249328613281
979,979,100,37459,0.00010000000000000005,2.200000000000003,304.5606994628906,279.39599609375
980,980,100,37496,0.00010000000000000005,2.200000000000003,370.2644348144531,283.92462158203125
981,981,100,37539,0.00010000000000000005,2.200000000000003,245.8638153076172,286.3924560546875
982,982,100,37544,0.00010000000000000005,2.200000000000003,1044.0869140625,324.75830078125
983,983,100,37562,0.00010000000000000005,2.200000000000003,490.1262512207031,286.989013671875
984,984,100,37594,0.00010000000000000005,2.200000000000003,318.660400390625,355.836181640625
985,985,100,37655,0.00010000000000000005,2.200000000000003,1792.455810546875,300.14984130859375
986,986,100,37676,0.00010000000000000005,2.200000000000003,372.2068176269531,273.22601318359375
987,987,100,37689,0.00010000000000000005,2.200000000000003,1458.824951171875,229.90394592285156
988,988,100,37711,0.00010000000000000005,2.200000000000003,500.8246765136719,320.36334228515625
989,989,100,37754,0.00010000000000000005,2.200000000000003,471.71343994140625,263.4219665527344
990,990,100,37795,0.00010000000000000005,2.200000000000003,196.91632080078125,288.3152770996094
991,991,100,37806,0.00010000000000000005,2.200000000000003,274.48663330078125,287.44732666015625
992,992,100,37860,0.00010000000000000005,2.200000000000003,340.75604248046875,310.82208251953125
993,993,100,37883,0.00010000000000000005,2.200000000000003,645.50146484375,284.4248962402344
994,994,100,37944,0.00010000000000000005,2.200000000000003,687.1072998046875,255.0597686767578
995,995,100,37990,0.00010000000000000005,2.200000000000003,571.4720458984375,278.896240234375
996,996,100,38020,0.00010000000000000005,2.200000000000003,1242.326904296875,272.4738464355469
997,997,100,38032,0.00010000000000000005,2.200000000000003,608.8591918945312,279.47808837890625
998,998,100,38041,0.00010000000000000005,2.200000000000003,300.55535888671875,299.2519836425781
999,999,100,38069,0.00010000000000000005,2.200000000000003,620.6187133789062,329.4458923339844
1000,1000,100,38120,0.00010000000000000005,2.200000000000003,360.1419372558594,288.469970703125
1001,1001,100,38153,0.00010000000000000005,0.0,417.86614990234375,279.4564208984375
1002,1002,100,38216,0.00010000000000000005,0.0,547.82861328125,288.3204040527344
1003,1003,100,38243,0.00010000000000000005,0.0,370.72515869140625,271.74432373046875
1004,1004,100,38247,0.00010000000000000005,0.0,376.41510009765625,285.4725036621094
1005,1005,100,38274,0.00010000000000000005,0.0,288.1361083984375,319.67034912109375
1006,1006,100,38295,0.00010000000000000005,0.0,318.3604736328125,236.50320434570312
1007,1007,100,38309,0.00010000000000000005,0.0,275.4641418457031,277.61004638671875
1008,1008,100,38333,0.00010000000000000005,0.0,804.3321533203125,280.29986572265625
1009,1009,100,38357,0.00010000000000000005,0.0,678.7252197265625,295.5523681640625
1010,1010,100,38378,0.00010000000000000005,0.0,566.72314453125,296.86383056640625
1011,1011,100,38406,0.00010000000000000005,0.0,786.36767578125,287.4375
1012,1012,100,38431,0.00010000000000000005,0.0,227.00607299804688,317.30523681640625
1013,1013,100,38456,0.00010000000000000005,0.0,171.74960327148438,273.3031005859375
1014,1014,100,38476,0.00010000000000000005,0.0,3890.677734375,307.33697509765625
1015,1015,100,38507,0.00010000000000000005,0.0,451.456298828125,314.00933837890625
1016,1016,100,38529,0.00010000000000000005,0.0,910.6204833984375,274.57269287109375
1017,1017,100,38554,0.00010000000000000005,0.0,1458.9365234375,291.84918212890625
1018,1018,100,38572,0.00010000000000000005,0.0,1146.2340087890625,278.0582580566406
1019,1019,100,38603,0.00010000000000000005,0.0,564.3269653320312,276.24700927734375
1020,1020,100,38623,0.00010000000000000005,0.0,346.1792907714844,259.52777099609375
1021,1021,100,38676,0.00010000000000000005,0.0,234.5264434814453,304.4219055175781
1022,1022,100,38684,0.00010000000000000005,0.0,281.7175598144531,290.73663330078125
1023,1023,100,38706,0.00010000000000000005,0.0,881.19384765625,247.50457763671875
1024,1024,100,38768,0.00010000000000000005,0.0,296.22222900390625,293.66583251953125
1025,1025,100,38832,0.00010000000000000005,0.0,307.9881591796875,321.623046875
1026,1026,100,38860,0.00010000000000000005,0.0,741.8236083984375,318.16021728515625
1027,1027,100,38882,0.00010000000000000005,0.0,483.5652770996094,326.8853759765625
1028,1028,100,38916,0.00010000000000000005,0.0,474.86798095703125,266.664306640625
1029,1029,100,38975,0.00010000000000000005,0.0,707.966796875,272.1839904785156
1030,1030,100,38991,0.00010000000000000005,0.0,439.0849304199219,283.20892333984375
1031,1031,100,39024,0.00010000000000000005,0.0,480.8794250488281,287.89715576171875
1032,1032,100,39050,0.00010000000000000005,0.0,341.8292236328125,279.29156494140625
1033,1033,100,39051,0.00010000000000000005,0.0,491.67791748046875,297.46044921875
1034,1034,100,39115,0.00010000000000000005,0.0,626.220703125,314.0590515136719
1035,1035,100,39136,0.00010000000000000005,0.0,993.214599609375,253.15733337402344
1036,1036,100,39155,0.00010000000000000005,0.0,424.39569091796875,285.801025390625
1037,1037,100,39187,0.00010000000000000005,0.0,183.2036590576172,303.8808288574219
1038,1038,100,39220,0.00010000000000000005,0.0,322.8431396484375,274.3284912109375
1039,1039,100,39280,0.00010000000000000005,0.0,445.9951171875,247.6352081298828
1040,1040,100,39283,0.00010000000000000005,0.0,255.82797241210938,261.6908264160156
1041,1041,100,39319,0.00010000000000000005,0.0,1838.41162109375,290.1645812988281
1042,1042,100,39344,0.00010000000000000005,0.0,266.47198486328125,288.4599609375
1043,1043,-10,39844,0.00010000000000000005,0.0,372.9717712402344,278.36456298828125
1044,1044,100,39858,0.00010000000000000005,0.0,173.0887451171875,296.1847839355469
1045,1045,100,39885,0.00010000000000000005,0.0,341.85809326171875,298.14666748046875
1046,1046,100,39888,0.00010000000000000005,0.0,548.8530883789062,306.65618896484375
1047,1047,100,39963,0.00010000000000000005,0.0,455.34735107421875,246.3540496826172
1048,1048,100,40020,0.00010000000000000005,0.0,671.462646484375,269.40325927734375
1049,1049,100,40044,0.00010000000000000005,0.0,627.6727905273438,289.08843994140625
1050,1050,100,40053,0.00010000000000000005,0.0,456.57049560546875,291.248291015625
1051,1051,100,40096,0.0012000000000000014,-2.200000000000003,911.22265625,290.5788269042969
1052,1052,100,40123,0.0012000000000000014,-2.200000000000003,894.45068359375,280.32989501953125
1053,1053,100,40137,0.0012000000000000014,-2.200000000000003,4371.49169921875,276.9324645996094
1054,1054,100,40161,0.0012000000000000014,-2.200000000000003,529.3241577148438,278.94964599609375
1055,1055,100,40195,0.0012000000000000014,-2.200000000000003,1808.24658203125,308.0992431640625
1056,1056,100,40243,0.0012000000000000014,-2.200000000000003,1690.01513671875,284.86297607421875
1057,1057,100,40272,0.0012000000000000014,-2.200000000000003,460.2866516113281,290.63873291015625
1058,1058,100,40279,0.0012000000000000014,-2.200000000000003,701.6177368164062,272.7200927734375
1059,1059,100,40280,0.0012000000000000014,-2.200000000000003,438.7905578613281,294.5880126953125
1060,1060,100,40329,0.0012000000000000014,-2.200000000000003,653.5409545898438,274.3616638183594
1061,1061,100,40377,0.0012000000000000014,-2.200000000000003,251.83587646484375,258.6446533203125
1062,1062,100,40439,0.0012000000000000014,-2.200000000000003,393.9579772949219,272.5212707519531
1063,1063,100,40499,0.0012000000000000014,-2.200000000000003,460.03289794921875,305.2839050292969
1064,1064,100,40515,0.0012000000000000014,-2.200000000000003,305.62054443359375,284.85986328125
1065,1065,100,40542,0.0012000000000000014,-2.200000000000003,393.38037109375,281.5023193359375
1066,1066,100,40581,0.0012000000000000014,-2.200000000000003,727.888427734375,266.1179504394531
1067,1067,100,40624,0.0012000000000000014,-2.200000000000003,438.14007568359375,296.3167724609375
1068,1068,100,40641,0.0012000000000000014,-2.200000000000003,575.0992431640625,264.849365234375
1069,1069,100,40670,0.0012000000000000014,-2.200000000000003,528.04248046875,272.51922607421875
1070,1070,100,40702,0.0012000000000000014,-2.200000000000003,289.4179992675781,278.25177001953125
1071,1071,100,40728,0.0012000000000000014,-2.200000000000003,744.808349609375,316.92852783203125
1072,1072,100,40747,0.0012000000000000014,-2.200000000000003,801.231201171875,296.64544677734375
1073,1073,100,40766,0.0012000000000000014,-2.200000000000003,392.29083251953125,311.10394287109375
1074,1074,100,40789,0.0012000000000000014,-2.200000000000003,351.42694091796875,305.73858642578125
1075,1075,100,40821,0.0012000000000000014,-2.200000000000003,447.03997802734375,290.7469787597656
1076,1076,100,40865,0.0012000000000000014,-2.200000000000003,2863.183349609375,285.8013610839844
1077,1077,100,40905,0.0012000000000000014,-2.200000000000003,784.9356689453125,285.56793212890625
1078,1078,100,40926,0.0012000000000000014,-2.200000000000003,439.9712219238281,266.7348327636719
1079,1079,100,40945,0.0012000000000000014,-2.200000000000003,568.80615234375,297.395263671875
1080,1080,100,41001,0.0012000000000000014,-2.200000000000003,389.91168212890625,279.4291687011719
1081,1081,100,41043,0.0012000000000000014,-2.200000000000003,247.87106323242188,299.92919921875
1082,1082,100,41068,0.0012000000000000014,-2.200000000000003,1054.3671875,270.7684326171875
1083,1083,100,41094,0.0012000000000000014,-2.200000000000003,641.7443237304688,330.2381591796875
1084,1084,100,41156,0.0012000000000000014,-2.200000000000003,1493.677001953125,278.6797180175781
1085,1085,100,41174,0.0012000000000000014,-2.200000000000003,333.2763977050781,301.80548095703125
1086,1086,100,41239,0.0012000000000000014,-2.200000000000003,450.9401550292969,264.24908447265625
1087,1087,100,41302,0.0012000000000000014,-2.200000000000003,867.4755249023438,256.4576721191406
1088,1088,100,41315,0.0012000000000000014,-2.200000000000003,318.3465576171875,277.1890869140625
1089,1089,100,41324,0.0012000000000000014,-2.200000000000003,618.0718994140625,273.32196044921875
1090,1090,100,41364,0.0012000000000000014,-2.200000000000003,712.348388671875,309.6356201171875
1091,1091,100,41422,0.0012000000000000014,-2.200000000000003,208.81240844726562,326.430908203125
1092,1092,100,41481,0.0012000000000000014,-2.200000000000003,611.7484130859375,339.19573974609375
1093,1093,100,41508,0.0012000000000000014,-2.200000000000003,424.26507568359375,274.3479919433594
1094,1094,100,41572,0.0012000000000000014,-2.200000000000003,433.42633056640625,311.31903076171875
1095,1095,100,41580,0.0012000000000000014,-2.200000000000003,549.8277587890625,262.3974304199219
1096,1096,100,41612,0.0012000000000000014,-2.200000000000003,420.1611328125,252.09066772460938
1097,1097,100,41634,0.0012000000000000014,-2.200000000000003,634.2291259765625,279.54486083984375
1098,1098,100,41660,0.0012000000000000014,-2.200000000000003,1570.603759765625,305.1461181640625
1099,1099,100,41681,0.0012000000000000014,-2.200000000000003,806.945556640625,320.9519348144531
1100,1100,100,41708,0.0012000000000000014,-2.200000000000003,233.88897705078125,312.942626953125
1101,1101,100,41771,0.00010000000000000005,2.200000000000003,618.4072265625,327.5529479980469
1102,1102,100,41785,0.00010000000000000005,2.200000000000003,428.00213623046875,273.142578125
1103,1103,100,41805,0.00010000000000000005,2.200000000000003,1665.245849609375,295.885986328125
1104,1104,100,41814,0.00010000000000000005,2.200000000000003,635.3604736328125,269.14202880859375
1105,1105,100,41863,0.00010000000000000005,2.200000000000003,2144.33447265625,288.8019714355469
1106,1106,100,41879,0.00010000000000000005,2.200000000000003,273.73388671875,319.8550109863281
1107,1107,100,41919,0.00010000000000000005,2.200000000000003,737.227294921875,301.85833740234375
1108,1108,100,41928,0.00010000000000000005,2.200000000000003,582.1962890625,314.0172424316406
1109,1109,100,41940,0.00010000000000000005,2.200000000000003,572.62255859375,278.9444274902344
1110,1110,100,41982,0.00010000000000000005,2.200000000000003,397.9093017578125,276.647216796875
1111,1111,100,42012,0.00010000000000000005,2.200000000000003,383.9923095703125,248.01148986816406
1112,1112,100,42043,0.00010000000000000005,2.200000000000003,385.6533203125,239.370849609375
1113,1113,100,42081,0.00010000000000000005,2.200000000000003,391.18048095703125,277.39849853515625
1114,1114,100,42083,0.00010000000000000005,2.200000000000003,161.26138305664062,297.8703308105469
1115,1115,100,42126,0.00010000000000000005,2.200000000000003,395.52581787109375,325.04193115234375
1116,1116,100,42175,0.00010000000000000005,2.200000000000003,173.21127319335938,317.67791748046875
1117,1117,100,42205,0.00010000000000000005,2.200000000000003,435.1760559082031,229.607177734375
1118,1118,100,42237,0.00010000000000000005,2.200000000000003,451.227294921875,285.5920715332031
1119,1119,100,42298,0.00010000000000000005,2.200000000000003,1383.428955078125,260.63299560546875
1120,1120,100,42329,0.00010000000000000005,2.200000000000003,1548.01953125,267.0545654296875
1121,1121,100,42347,0.00010000000000000005,2.200000000000003,781.3138427734375,258.4418029785156
1122,1122,100,42372,0.00010000000000000005,2.200000000000003,498.60919189453125,274.6787109375
1123,1123,100,42408,0.00010000000000000005,2.200000000000003,675.6871948242188,264.17254638671875
1124,1124,100,42451,0.00010000000000000005,2.200000000000003,411.6256103515625,323.00762939453125
1125,1125,100,42452,0.00010000000000000005,2.200000000000003,393.2274169921875,259.81060791015625
1126,1126,100,42492,0.00010000000000000005,2.200000000000003,389.4602966308594,282.02740478515625
1127,1127,100,42562,0.00010000000000000005,2.200000000000003,323.65631103515625,268.92718505859375
1128,1128,100,42578,0.00010000000000000005,2.200000000000003,4390.02001953125,260.7627258300781
1129,1129,100,42617,0.00010000000000000005,2.200000000000003,359.9300537109375,314.18231201171875
1130,1130,100,42639,0.00010000000000000005,2.200000000000003,307.5123291015625,263.51324462890625
1131,1131,100,42655,0.00010000000000000005,2.200000000000003,411.7676696777344,251.52597045898438
1132,1132,100,42683,0.00010000000000000005,2.200000000000003,372.5098571777344,300.327392578125
1133,1133,100,42705,0.00010000000000000005,2.200000000000003,691.3783569335938,278.69903564453125
1134,1134,100,42734,0.00010000000000000005,2.200000000000003,612.852294921875,277.6146240234375
1135,1135,100,42795,0.00010000000000000005,2.200000000000003,396.603271484375,276.3033447265625
1136,1136,100,42829,0.00010000000000000005,2.200000000000003,309.80133056640625,289.9801330566406
1137,1137,100,42862,0.00010000000000000005,2.200000000000003,398.0046691894531,286.077880859375
1138,1138,100,42892,0.00010000000000000005,2.200000000000003,358.53594970703125,305.343505859375
1139,1139,100,42893,0.00010000000000000005,2.200000000000003,2065.138427734375,278.4279479980469
1140,1140,100,42927,0.00010000000000000005,2.200000000000003,438.69464111328125,294.53692626953125
1141,1141,100,42941,0.00010000000000000005,2.200000000000003,763.194580078125,272.18634033203125
1142,1142,100,42989,0.00010000000000000005,2.200000000000003,352.8325500488281,318.6791076660156
1143,1143,100,42990,0.00010000000000000005,2.200000000000003,343.8262939453125,277.8834533691406
1144,1144,100,42996,0.00010000000000000005,2.200000000000003,355.3963928222656,254.6280059814453
1145,1145,100,43016,0.00010000000000000005,2.200000000000003,282.23748779296875,301.7880554199219
1146,1146,100,43024,0.00010000000000000005,2.200000000000003,360.101318359375,292.22265625
1147,1147,100,43054,0.00010000000000000005,2.200000000000003,211.44137573242188,234.7717742919922
1148,1148,100,43074,0.00010000000000000005,2.200000000000003,751.613525390625,271.32501220703125
1149,1149,100,43075,0.00010000000000000005,2.200000000000003,1641.639892578125,308.95977783203125
1150,1150,100,43088,0.00010000000000000005,2.200000000000003,736.5025634765625,309.16845703125
1151,1151,100,43099,0.00010000000000000005,0.0,303.0731201171875,321.39776611328125
1152,1152,100,43124,0.00010000000000000005,0.0,250.78363037109375,253.318359375
1153,1153,100,43147,0.00010000000000000005,0.0,370.0865783691406,262.0679931640625
1154,1154,100,43148,0.00010000000000000005,0.0,368.20416259765625,287.4587097167969
1155,1155,100,43169,0.00010000000000000005,0.0,600.1884765625,270.8050231933594
1156,1156,100,43186,0.00010000000000000005,0.0,341.80841064453125,296.5625915527344
1157,1157,100,43244,0.00010000000000000005,0.0,732.682373046875,331.8138732910156
1158,1158,100,43254,0.00010000000000000005,0.0,334.735595703125,282.0353088378906
1159,1159,100,43310,0.00010000000000000005,0.0,436.52947998046875,251.59384155273438
1160,1160,100,43318,0.00010000000000000005,0.0,1729.377197265625,297.0335388183594
1161,1161,100,43342,0.00010000000000000005,0.0,416.5279541015625,257.81072998046875
1162,1162,100,43366,0.00010000000000000005,0.0,524.3544311523438,291.28460693359375
1163,1163,100,43388,0.00010000000000000005,0.0,389.6321716308594,288.8904724121094
1164,1164,100,43409,0.00010000000000000005,0.0,306.10089111328125,293.33563232421875
1165,1165,100,43452,0.00010000000000000005,0.0,224.18016052246094,286.99945068359375
1166,1166,100,43453,0.00010000000000000005,0.0,478.3507080078125,273.9134216308594
1167,1167,100,43455,0.00010000000000000005,0.0,421.99578857421875,255.0987548828125
1168,1168,100,43468,0.00010000000000000005,0.0,325.97210693359375,253.64321899414062
1169,1169,100,43479,0.00010000000000000005,0.0,350.9087829589844,289.5769958496094
1170,1170,100,43495,0.00010000000000000005,0.0,283.7355041503906,278.3422546386719
1171,1171,100,43538,0.00010000000000000005,0.0,285.06463623046875,329.5336608886719
1172,1172,100,43599,0.00010000000000000005,0.0,1322.0948486328125,295.4998779296875
1173,1173,100,43662,0.00010000000000000005,0.0,781.2328491210938,251.08628845214844
1174,1174,100,43699,0.00010000000000000005,0.0,333.58135986328125,287.0489807128906
1175,1175,100,43719,0.00010000000000000005,0.0,488.2301330566406,256.34796142578125
1176,1176,100,43720,0.00010000000000000005,0.0,576.052490234375,277.23626708984375
1177,1177,100,43742,0.00010000000000000005,0.0,390.8553771972656,323.235595703125
1178,1178,100,43770,0.00010000000000000005,0.0,509.14471435546875,250.18724060058594
1179,1179,100,43794,0.00010000000000000005,0.0,416.37408447265625,290.4610900878906
1180,1180,100,43810,0.00010000000000000005,0.0,499.85186767578125,271.570556640625
1181,1181,100,43828,0.00010000000000000005,0.0,665.09033203125,263.458984375
1182,1182,100,43854,0.00010000000000000005,0.0,213.84588623046875,270.95947265625
1183,1183,100,43889,0.00010000000000000005,0.0,355.43804931640625,275.2985534667969
1184,1184,100,43914,0.00010000000000000005,0.0,1674.5689697265625,257.7575378417969
1185,1185,100,43953,0.00010000000000000005,0.0,2434.5205078125,318.661376953125
1186,1186,100,43997,0.00010000000000000005,0.0,875.7493896484375,278.6611328125
1187,1187,100,44027,0.00010000000000000005,0.0,405.21746826171875,280.69024658203125
1188,1188,100,44043,0.00010000000000000005,0.0,233.9259796142578,295.6746826171875
1189,1189,100,44048,0.00010000000000000005,0.0,342.4349365234375,310.37451171875
1190,1190,100,44064,0.00010000000000000005,0.0,253.87168884277344,248.64242553710938
1191,1191,100,44082,0.00010000000000000005,0.0,672.5772094726562,294.342529296875
1192,1192,100,44124,0.00010000000000000005,0.0,604.184326171875,228.97950744628906
1193,1193,100,44147,0.00010000000000000005,0.0,715.515625,301.5435791015625
1194,1194,100,44180,0.00010000000000000005,0.0,578.0784912109375,323.42724609375
1195,1195,100,44240,0.00010000000000000005,0.0,496.2989501953125,263.6360168457031
1196,1196,-10,44740,0.00010000000000000005,0.0,350.8787841796875,318.8436279296875
1197,1197,100,44745,0.00010000000000000005,0.0,1616.027587890625,256.0550231933594
1198,1198,100,44753,0.00010000000000000005,0.0,336.5577087402344,292.32275390625
1199,1199,100,44769,0.00010000000000000005,0.0,478.24737548828125,257.98834228515625
1200,1200,100,44785,0.00010000000000000005,0.0,550.33251953125,274.2107849121094
1201,1201,100,44817,0.0012000000000000014,-2.200000000000003,265.0794372558594,239.5251007080078
1202,1202,100,44857,0.0012000000000000014,-2.200000000000003,752.480224609375,289.61846923828125
1203,1203,100,44895,0.0012000000000000014,-2.200000000000003,444.9542236328125,298.7742919921875
1204,1204,100,44937,0.0012000000000000014,-2.200000000000003,727.7234497070312,310.8406982421875
1205,1205,100,44938,0.0012000000000000014,-2.200000000000003,437.8274841308594,277.9175720214844
1206,1206,100,44976,0.0012000000000000014,-2.200000000000003,1178.091064453125,308.5126953125
1207,1207,100,45014,0.0012000000000000014,-2.200000000000003,500.79010009765625,264.4198303222656
1208,1208,100,45023,0.0012000000000000014,-2.200000000000003,396.75128173828125,275.1571044921875
1209,1209,100,45046,0.0012000000000000014,-2.200000000000003,312.0351867675781,295.7550048828125
1210,1210,100,45067,0.0012000000000000014,-2.200000000000003,457.4881591796875,230.41656494140625
1211,1211,100,45097,0.0012000000000000014,-2.200000000000003,893.2962646484375,292.9169921875
1212,1212,100,45139,0.0012000000000000014,-2.200000000000003,573.0473022460938,281.6024169921875
1213,1213,100,45183,0.0012000000000000014,-2.200000000000003,544.0347900390625,253.14694213867188
1214,1214,100,45210,0.0012000000000000014,-2.200000000000003,459.635498046875,314.54803466796875
1215,1215,100,45211,0.0012000000000000014,-2.200000000000003,1223.179931640625,296.066650390625
1216,1216,100,45218,0.0012000000000000014,-2.200000000000003,792.3106079101562,298.44915771484375
1217,1217,100,45232,0.0012000000000000014,-2.200000000000003,850.9852294921875,246.27749633789062
1218,1218,100,45274,0.0012000000000000014,-2.200000000000003,317.9632568359375,249.80368041992188
1219,1219,100,45288,0.0012000000000000014,-2.200000000000003,316.159423828125,314.6142883300781
1220,1220,100,45322,0.0012000000000000014,-2.200000000000003,789.9898681640625,314.2994384765625
1221,1221,100,45360,0.0012000000000000014,-2.200000000000003,1750.41796875,233.76673889160156
1222,1222,100,45376,0.0012000000000000014,-2.200000000000003,346.82672119140625,285.3298034667969
1223,1223,100,45397,0.0012000000000000014,-2.200000000000003,633.4837646484375,301.68157958984375
1224,1224,100,45464,0.0012000000000000014,-2.200000000000003,434.8050231933594,297.93603515625
1225,1225,100,45479,0.0012000000000000014,-2.200000000000003,403.0124816894531,308.94537353515625
1226,1226,100,45507,0.0012000000000000014,-2.200000000000003,447.1502380371094,306.2483215332031
1227,1227,100,45515,0.0012000000000000014,-2.200000000000003,253.1573486328125,312.6759948730469
1228,1228,100,45546,0.0012000000000000014,-2.200000000000003,300.3851623535156,283.8857421875
1229,1229,100,45565,0.0012000000000000014,-2.200000000000003,662.1624755859375,298.5111083984375
1230,1230,100,45609,0.0012000000000000014,-2.200000000000003,215.06234741210938,295.6166076660156
1231,1231,100,45626,0.0012000000000000014,-2.200000000000003,592.1742553710938,294.4405517578125
1232,1232,100,45639,0.0012000000000000014,-2.200000000000003,651.880615234375,308.7652587890625
1233,1233,100,45667,0.0012000000000000014,-2.200000000000003,437.86578369140625,293.9143371582031
1234,1234,100,45701,0.0012000000000000014,-2.200000000000003,922.8865356445312,284.17547607421875
1235,1235,100,45708,0.0012000000000000014,-2.200000000000003,350.4158020019531,314.4420166015625
1236,1236,100,45717,0.0012000000000000014,-2.200000000000003,445.1104431152344,258.9977722167969
1237,1237,100,45753,0.0012000000000000014,-2.200000000000003,388.1676025390625,313.64764404296875
1238,1238,100,45786,0.0012000000000000014,-2.200000000000003,561.050537109375,283.084716796875
1239,1239,100,45828,0.0012000000000000014,-2.200000000000003,516.6658935546875,274.56365966796875
1240,1240,100,45865,0.0012000000000000014,-2.200000000000003,297.87939453125,334.77142333984375
1241,1241,100,45894,0.0012000000000000014,-2.200000000000003,1055.56005859375,290.687744140625
1242,1242,100,45922,0.0012000000000000014,-2.200000000000003,451.0901794433594,264.451416015625
1243,1243,100,45953,0.0012000000000000014,-2.200000000000003,202.52529907226562,326.35888671875
1244,1244,100,45974,0.0012000000000000014,-2.200000000000003,1242.181396484375,275.27313232421875
1245,1245,100,46000,0.0012000000000000014,-2.200000000000003,735.0667724609375,272.640869140625
1246,1246,100,46033,0.0012000000000000014,-2.200000000000003,270.4905090332031,276.3927307128906
1247,1247,100,46058,0.0012000000000000014,-2.200000000000003,301.41094970703125,282.3521728515625
1248,1248,100,46078,0.0012000000000000014,-2.200000000000003,231.71615600585938,313.24609375
1249,1249,100,46097,0.0012000000000000014,-2.200000000000003,458.0344543457031,285.9078674316406
1250,1250,100,46110,0.0012000000000000014,-2.200000000000003,781.5572509765625,311.125732421875
1251,1251,100,46111,0.00010000000000000005,2.200000000000003,304.4525451660156,286.2159729003906
1252,1252,100,46144,0.00010000000000000005,2.200000000000003,1449.752685546875,230.8036346435547
1253,1253,100,46170,0.00010000000000000005,2.200000000000003,453.87237548828125,285.9880065917969
1254,1254,100,46196,0.00010000000000000005,2.200000000000003,303.17755126953125,320.4405517578125
1255,1255,100,46211,0.00010000000000000005,2.200000000000003,746.236083984375,285.59295654296875
1256,1256,100,46231,0.00010000000000000005,2.200000000000003,241.88856506347656,295.00921630859375
1257,1257,100,46253,0.00010000000000000005,2.200000000000003,1352.5537109375,254.02064514160156
1258,1258,100,46311,0.00010000000000000005,2.200000000000003,1366.711669921875,262.0646057128906
1259,1259,100,46326,0.00010000000000000005,2.200000000000003,841.361328125,286.5909423828125
1260,1260,100,46346,0.00010000000000000005,2.200000000000003,1050.2147216796875,301.867431640625
1261,1261,100,46375,0.00010000000000000005,2.200000000000003,652.5665283203125,290.70703125
1262,1262,100,46391,0.00010000000000000005,2.200000000000003,376.4281005859375,282.5877685546875
1263,1263,100,46412,0.00010000000000000005,2.200000000000003,524.0235595703125,324.14263916015625
1264,1264,100,46446,0.00010000000000000005,2.200000000000003,1007.2474975585938,292.55010986328125
1265,1265,100,46476,0.00010000000000000005,2.200000000000003,751.1683959960938,310.29486083984375
1266,1266,100,46477,0.00010000000000000005,2.200000000000003,669.8049926757812,345.3642578125
1267,1267,100,46504,0.00010000000000000005,2.200000000000003,1724.124267578125,249.50018310546875
1268,1268,100,46546,0.00010000000000000005,2.200000000000003,407.89154052734375,270.50970458984375
1269,1269,100,46557,0.00010000000000000005,2.200000000000003,268.4039306640625,313.525146484375
1270,1270,100,46619,0.00010000000000000005,2.200000000000003,863.8414916992188,304.0635986328125
1271,1271,100,46648,0.00010000000000000005,2.200000000000003,1401.737548828125,319.0157165527344
1272,1272,100,46674,0.00010000000000000005,2.200000000000003,498.09765625,297.6657409667969
1273,1273,100,46694,0.00010000000000000005,2.200000000000003,268.016845703125,319.68792724609375
1274,1274,100,46712,0.00010000000000000005,2.200000000000003,1148.461669921875,280.2768249511719
1275,1275,100,46734,0.00010000000000000005,2.200000000000003,340.2524108886719,336.1427307128906
1276,1276,100,46747,0.00010000000000000005,2.200000000000003,526.9176635742188,335.50341796875
1277,1277,100,46777,0.00010000000000000005,2.200000000000003,310.7745666503906,299.5963134765625
1278,1278,100,46814,0.00010000000000000005,2.200000000000003,443.47607421875,304.29730224609375
1279,1279,100,46841,0.00010000000000000005,2.200000000000003,705.603759765625,285.6998596191406
1280,1280,100,46870,0.00010000000000000005,2.200000000000003,861.3020629882812,290.5369873046875
1281,1281,100,46897,0.00010000000000000005,2.200000000000003,339.11248779296875,333.18658447265625
1282,1282,100,46919,0.00010000000000000005,2.200000000000003,251.25137329101562,274.5242004394531
1283,1283,100,46947,0.00010000000000000005,2.200000000000003,763.7723388671875,278.17864990234375
1284,1284,100,47001,0.00010000000000000005,2.200000000000003,361.0184326171875,322.01788330078125
1285,1285,100,47030,0.00010000000000000005,2.200000000000003,642.839599609375,271.0611572265625
1286,1286,100,47054,0.00010000000000000005,2.200000000000003,289.11273193359375,251.70803833007812
1287,1287,100,47096,0.00010000000000000005,2.200000000000003,511.96466064453125,319.6542053222656
1288,1288,100,47118,0.00010000000000000005,2.200000000000003,1616.4359130859375,318.83258056640625
1289,1289,100,47146,0.00010000000000000005,2.200000000000003,446.16534423828125,316.0418701171875
1290,1290,100,47202,0.00010000000000000005,2.200000000000003,414.2055358886719,284.6566162109375
1291,1291,100,47223,0.00010000000000000005,2.200000000000003,436.146484375,284.4061584472656
1292,1292,100,47252,0.00010000000000000005,2.200000000000003,246.37591552734375,292.19207763671875
1293,1293,100,47279,0.00010000000000000005,2.200000000000003,322.3974609375,341.4610900878906
1294,1294,100,47284,0.00010000000000000005,2.200000000000003,537.7599487304688,254.9138946533203
1295,1295,100,47294,0.00010000000000000005,2.200000000000003,329.82403564453125,289.81512451171875
1296,1296,100,47333,0.00010000000000000005,2.200000000000003,653.2858276367188,270.66546630859375
1297,1297,100,47352,0.00010000000000000005,2.200000000000003,459.13604736328125,297.79193115234375
1298,1298,100,47392,0.00010000000000000005,2.200000000000003,420.3323974609375,312.29803466796875
1299,1299,100,47402,0.00010000000000000005,2.200000000000003,603.7982177734375,300.19146728515625
1300,1300,100,47432,0.00010000000000000005,2.200000000000003,582.059326171875,287.26983642578125
1301,1301,100,47461,0.00010000000000000005,0.0,659.3310546875,250.2253875732422
1302,1302,100,47492,0.00010000000000000005,0.0,280.7265625,300.1884765625
1303,1303,100,47494,0.00010000000000000005,0.0,385.1040954589844,243.6937255859375
1304,1304,100,47508,0.00010000000000000005,0.0,3026.077392578125,307.8765869140625
1305,1305,100,47527,0.00010000000000000005,0.0,641.6370239257812,295.2451171875
1306,1306,100,47538,0.00010000000000000005,0.0,1595.086181640625,331.908935546875
1307,1307,100,47539,0.00010000000000000005,0.0,1063.012451171875,305.63641357421875
1308,1308,100,47552,0.00010000000000000005,0.0,441.11212158203125,328.54400634765625
1309,1309,100,47600,0.00010000000000000005,0.0,357.73095703125,312.2794189453125
1310,1310,100,47620,0.00010000000000000005,0.0,595.5989379882812,284.373291015625
1311,1311,100,47662,0.00010000000000000005,0.0,339.60296630859375,339.9027099609375
1312,1312,100,47663,0.00010000000000000005,0.0,344.6541748046875,294.8363952636719
1313,1313,100,47697,0.00010000000000000005,0.0,513.3673095703125,320.00933837890625
1314,1314,100,47724,0.00010000000000000005,0.0,472.5064697265625,308.0057373046875
1315,1315,100,47740,0.00010000000000000005,0.0,440.781982421875,254.08631896972656
1316,1316,100,47765,0.00010000000000000005,0.0,351.85662841796875,354.28472900390625
1317,1317,100,47791,0.00010000000000000005,0.0,351.8922424316406,261.009521484375
1318,1318,100,47818,0.00010000000000000005,0.0,381.19305419921875,267.282470703125
1319,1319,100,47858,0.00010000000000000005,0.0,528.736572265625,313.75152587890625
1320,1320,100,47901,0.00010000000000000005,0.0,1278.7423095703125,286.9686279296875
1321,1321,100,47912,0.00010000000000000005,0.0,295.4024658203125,282.06512451171875
1322,1322,100,47915,0.00010000000000000005,0.0,232.89625549316406,318.1717529296875
1323,1323,100,47938,0.00010000000000000005,0.0,355.6298522949219,303.61370849609375
1324,1324,100,47980,0.00010000000000000005,0.0,763.3055419921875,268.88134765625
1325,1325,100,47992,0.00010000000000000005,0.0,726.6722412109375,287.70819091796875
1326,1326,100,48027,0.00010000000000000005,0.0,434.310791015625,318.6537780761719
1327,1327,100,48060,0.00010000000000000005,0.0,458.6753845214844,267.9914245605469
1328,1328,100,48064,0.00010000000000000005,0.0,1863.476806640625,272.17095947265625
1329,1329,100,48082,0.00010000000000000005,0.0,1999.62939453125,331.4062194824219
1330,1330,100,48105,0.00010000000000000005,0.0,417.06585693359375,280.18017578125
1331,1331,100,48118,0.00010000000000000005,0.0,366.3370056152344,282.9989013671875
1332,1332,100,48145,0.00010000000000000005,0.0,285.45587158203125,251.6531982421875
1333,1333,100,48180,0.00010000000000000005,0.0,354.25323486328125,307.40753173828125
1334,1334,100,48210,0.00010000000000000005,0.0,1771.938720703125,312.9007263183594
1335,1335,100,48237,0.00010000000000000005,0.0,701.9500732421875,310.5892333984375
1336,1336,100,48258,0.00010000000000000005,0.0,890.0928955078125,335.7392578125
1337,1337,100,48270,0.00010000000000000005,0.0,422.6204833984375,276.3098449707031
1338,1338,100,48309,0.00010000000000000005,0.0,1296.68994140625,344.53070068359375
1339,1339,100,48326,0.00010000000000000005,0.0,809.264404296875,338.514892578125
1340,1340,100,48345,0.00010000000000000005,0.0,392.14306640625,283.18505859375
1341,1341,100,48381,0.00010000000000000005,0.0,422.77105712890625,242.50828552246094
1342,1342,100,48413,0.00010000000000000005,0.0,454.3985900878906,284.73175048828125
1343,1343,100,48440,0.00010000000000000005,0.0,362.48455810546875,260.5540771484375
1344,1344,100,48457,0.00010000000000000005,0.0,212.02867126464844,305.3165283203125
1345,1345,100,48496,0.00010000000000000005,0.0,1907.767578125,268.49578857421875
1346,1346,100,48519,0.00010000000000000005,0.0,387.4716796875,303.0945129394531
1347,1347,100,48535,0.00010000000000000005,0.0,1078.6959228515625,281.25701904296875
1348,1348,100,48536,0.00010000000000000005,0.0,398.2597351074219,311.86761474609375
1349,1349,100,48560,0.00010000000000000005,0.0,768.7630615234375,264.40631103515625
1350,1350,100,48596,0.00010000000000000005,0.0,337.79095458984375,319.5970764160156
1351,1351,100,48612,0.00010000000000000005,0.0,335.6353759765625,356.3804931640625
1352,1352,100,48638,0.00010000000000000005,0.0,483.08001708984375,282.13177490234375
1353,1353,100,48658,0.00010000000000000005,0.0,652.2694091796875,308.40557861328125
1354,1354,100,48689,0.00010000000000000005,0.0,251.30015563964844,289.56317138671875
1355,1355,100,48728,0.00010000000000000005,0.0,203.22604370117188,254.3747100830078
1356,1356,100,48743,0.00010000000000000005,0.0,553.5918579101562,311.55548095703125
1357,1357,100,48765,0.00010000000000000005,0.0,507.1368103027344,323.83209228515625
1358,1358,100,48784,0.00010000000000000005,0.0,517.7891845703125,316.10345458984375
1359,1359,100,48807,0.00010000000000000005,0.0,253.62139892578125,325.20355224609375
1360,1360,100,48839,0.00010000000000000005,0.0,450.5628662109375,293.6060791015625
1361,1361,100,48873,0.00010000000000000005,0.0,669.1871337890625,302.259033203125
1362,1362,100,48897,0.00010000000000000005,0.0,158.2115020751953,307.7693786621094
1363,1363,100,48925,0.00010000000000000005,0.0,568.5458984375,288.8787536621094
1364,1364,100,48955,0.00010000000000000005,0.0,665.1942138671875,279.1543884277344
1365,1365,100,48973,0.00010000000000000005,0.0,288.70526123046875,313.55609130859375
1366,1366,100,48990,0.00010000000000000005,0.0,477.87762451171875,301.73193359375
1367,1367,100,49017,0.00010000000000000005,0.0,247.84901428222656,345.8366394042969
1368,1368,100,49048,0.00010000000000000005,0.0,3217.674560546875,385.6231689453125
1369,1369,100,49078,0.00010000000000000005,0.0,472.3718566894531,308.6582336425781
1370,1370,100,49079,0.00010000000000000005,0.0,395.271484375,285.15826416015625
1371,1371,100,49097,0.00010000000000000005,0.0,400.822021484375,329.4300842285156
1372,1372,100,49135,0.00010000000000000005,0.0,291.45794677734375,310.04901123046875
1373,1373,100,49151,0.00010000000000000005,0.0,532.8556518554688,282.42327880859375
1374,1374,100,49195,0.00010000000000000005,0.0,336.2520751953125,301.90765380859375
1375,1375,100,49228,0.00010000000000000005,0.0,508.93505859375,259.9459533691406
1376,1376,100,49252,0.00010000000000000005,0.0,317.7061462402344,307.64990234375
1377,1377,100,49285,0.00010000000000000005,0.0,2513.875,276.64306640625
1378,1378,100,49303,0.00010000000000000005,0.0,643.6622314453125,290.6922607421875
1379,1379,100,49325,0.00010000000000000005,0.0,632.75830078125,316.413818359375
1380,1380,100,49340,0.00010000000000000005,0.0,1614.3179931640625,278.2065734863281
1381,1381,100,49365,0.00010000000000000005,0.0,2933.946533203125,325.1132507324219
1382,1382,100,49391,0.00010000000000000005,0.0,1964.740234375,320.7076416015625
1383,1383,100,49433,0.00010000000000000005,0.0,486.85418701171875,274.6565246582031
1384,1384,100,49450,0.00010000000000000005,0.0,978.593017578125,304.17449951171875
1385,1385,100,49459,0.00010000000000000005,0.0,240.7137908935547,315.370361328125
1386,1386,100,49489,0.00010000000000000005,0.0,567.9259033203125,247.69866943359375
1387,1387,100,49529,0.00010000000000000005,0.0,881.22998046875,263.4319152832031
1388,1388,100,49555,0.00010000000000000005,0.0,241.12110900878906,333.0050048828125
1389,1389,100,49556,0.00010000000000000005,0.0,755.8961181640625,318.18731689453125
1390,1390,100,49581,0.00010000000000000005,0.0,172.19508361816406,327.45965576171875
1391,1391,100,49611,0.00010000000000000005,0.0,584.7796630859375,274.1597595214844
1392,1392,100,49626,0.00010000000000000005,0.0,418.22088623046875,301.376708984375
1393,1393,100,49638,0.00010000000000000005,0.0,542.3267211914062,329.27203369140625
1394,1394,100,49670,0.00010000000000000005,0.0,574.7889404296875,306.9108581542969
1395,1395,100,49704,0.00010000000000000005,0.0,971.2201538085938,324.47271728515625
1396,1396,100,49723,0.00010000000000000005,0.0,485.7378845214844,285.7843933105469
1397,1397,100,49762,0.00010000000000000005,0.0,2059.95263671875,337.2619323730469
1398,1398,100,49763,0.00010000000000000005,0.0,288.6207275390625,328.42877197265625
1399,1399,100,49789,0.00010000000000000005,0.0,478.6100158691406,318.26116943359375
1400,1400,100,49816,0.00010000000000000005,0.0,287.1618347167969,334.8084716796875
1401,1401,100,49854,0.00010000000000000005,0.0,335.1124267578125,280.1988830566406
1402,1402,100,49872,0.00010000000000000005,0.0,2147.92041015625,342.882080078125
1403,1403,100,49897,0.00010000000000000005,0.0,1694.8851318359375,275.0007019042969
1404,1404,100,49913,0.00010000000000000005,0.0,1133.648681640625,311.8897399902344
1405,1405,100,49953,0.00010000000000000005,0.0,285.62567138671875,338.4080810546875
1406,1406,100,49987,0.00010000000000000005,0.0,428.6107177734375,277.07666015625
1407,1407,100,50000,0.00010000000000000005,0.0,303.275634765625,309.9593811035156
1408,1408,100,50033,0.00010000000000000005,0.0,339.67529296875,307.76068115234375
1409,1409,100,50065,0.00010000000000000005,0.0,709.6270751953125,348.850830078125
1410,1410,100,50080,0.00010000000000000005,0.0,809.8048095703125,335.2198181152344
1411,1411,100,50100,0.00010000000000000005,0.0,489.98748779296875,298.3847961425781
1412,1412,100,50141,0.00010000000000000005,0.0,407.6097106933594,330.66314697265625
1413,1413,100,50169,0.00010000000000000005,0.0,270.18695068359375,274.945556640625
1414,1414,100,50204,0.00010000000000000005,0.0,291.9456481933594,257.3133544921875
1415,1415,100,50232,0.00010000000000000005,0.0,327.3136901855469,285.7052307128906
1416,1416,100,50237,0.00010000000000000005,0.0,441.4874572753906,292.431884765625
1417,1417,100,50265,0.00010000000000000005,0.0,911.6062622070312,355.6700439453125
1418,1418,100,50311,0.00010000000000000005,0.0,436.9290771484375,319.1498107910156
1419,1419,100,50329,0.00010000000000000005,0.0,405.48651123046875,295.7552490234375
1420,1420,100,50366,0.00010000000000000005,0.0,518.052001953125,328.66064453125
1421,1421,100,50382,0.00010000000000000005,0.0,987.4398193359375,349.0894775390625
1422,1422,100,50428,0.00010000000000000005,0.0,308.9268798828125,306.5098876953125
1423,1423,100,50464,0.00010000000000000005,0.0,301.5522766113281,255.820556640625
1424,1424,100,50478,0.00010000000000000005,0.0,344.1707763671875,274.97943115234375
1425,1425,100,50516,0.00010000000000000005,0.0,1125.6387939453125,309.1450500488281
1426,1426,100,50551,0.00010000000000000005,0.0,313.0400390625,301.07049560546875
1427,1427,100,50586,0.00010000000000000005,0.0,336.106689453125,309.149658203125
1428,1428,100,50615,0.00010000000000000005,0.0,2618.3271484375,285.7855224609375
1429,1429,100,50629,0.00010000000000000005,0.0,225.17874145507812,321.1292724609375
1430,1430,100,50661,0.00010000000000000005,0.0,529.9597778320312,368.207763671875
1431,1431,100,50685,0.00010000000000000005,0.0,844.1560668945312,330.04827880859375
1432,1432,100,50715,0.00010000000000000005,0.0,674.638671875,349.7952880859375
1433,1433,100,50750,0.00010000000000000005,0.0,1264.425048828125,295.2314758300781
1434,1434,-10,51250,0.00010000000000000005,0.0,366.03912353515625,315.5467224121094
1435,1435,100,51269,0.00010000000000000005,0.0,1725.7452392578125,313.1820373535156
1436,1436,100,51296,0.00010000000000000005,0.0,429.34991455078125,317.43109130859375
1437,1437,100,51328,0.00010000000000000005,0.0,2043.7340087890625,313.44818115234375
1438,1438,100,51352,0.00010000000000000005,0.0,231.2730712890625,316.15576171875
1439,1439,100,51370,0.00010000000000000005,0.0,311.5390625,326.96759033203125
1440,1440,100,51401,0.00010000000000000005,0.0,3729.277099609375,337.03253173828125
1441,1441,100,51435,0.00010000000000000005,0.0,407.19427490234375,332.33123779296875
1442,1442,100,51460,0.00010000000000000005,0.0,358.87841796875,338.64630126953125
1443,1443,100,51482,0.00010000000000000005,0.0,1015.654296875,339.9095153808594
1444,1444,100,51510,0.00010000000000000005,0.0,715.1588745117188,389.69073486328125
1445,1445,100,51540,0.00010000000000000005,0.0,5351.86279296875,275.1688537597656
1446,1446,100,51553,0.00010000000000000005,0.0,621.4920654296875,361.60211181640625
1447,1447,100,51578,0.00010000000000000005,0.0,434.6824645996094,371.385986328125
1448,1448,100,51622,0.00010000000000000005,0.0,721.3064575195312,315.69769287109375
1449,1449,100,51655,0.00010000000000000005,0.0,1638.1617431640625,335.8616943359375
1450,1450,100,51669,0.00010000000000000005,0.0,215.77874755859375,353.762451171875
1451,1451,100,51691,0.0012000000000000014,-2.200000000000003,395.6250305175781,333.59173583984375
1452,1452,100,51724,0.0012000000000000014,-2.200000000000003,1122.112548828125,340.1096496582031
1453,1453,100,51739,0.0012000000000000014,-2.200000000000003,1316.425048828125,299.1707763671875
1454,1454,100,51769,0.0012000000000000014,-2.200000000000003,322.483642578125,338.52325439453125
1455,1455,100,51793,0.0012000000000000014,-2.200000000000003,243.75747680664062,359.0050354003906
1456,1456,100,51794,0.0012000000000000014,-2.200000000000003,794.1351318359375,344.17926025390625
1457,1457,100,51832,0.0012000000000000014,-2.200000000000003,424.9903869628906,346.21697998046875
1458,1458,100,51848,0.0012000000000000014,-2.200000000000003,480.4767150878906,286.44952392578125
1459,1459,100,51881,0.0012000000000000014,-2.200000000000003,247.1591033935547,351.49224853515625
1460,1460,100,51915,0.0012000000000000014,-2.200000000000003,862.173095703125,347.98089599609375
1461,1461,100,51952,0.0012000000000000014,-2.200000000000003,263.2881774902344,279.730224609375
1462,1462,100,51997,0.0012000000000000014,-2.200000000000003,522.365966796875,334.24847412109375
1463,1463,100,52031,0.0012000000000000014,-2.200000000000003,1643.579345703125,363.15869140625
1464,1464,100,52054,0.0012000000000000014,-2.200000000000003,555.244384765625,342.64935302734375
1465,1465,100,52071,0.0012000000000000014,-2.200000000000003,337.436279296875,331.3344421386719
1466,1466,100,52111,0.0012000000000000014,-2.200000000000003,679.556884765625,303.1961669921875
1467,1467,100,52134,0.0012000000000000014,-2.200000000000003,693.7000122070312,305.8275146484375
1468,1468,100,52157,0.0012000000000000014,-2.200000000000003,284.7635498046875,332.68597412109375
1469,1469,100,52178,0.0012000000000000014,-2.200000000000003,333.6783142089844,305.453369140625
1470,1470,100,52198,0.0012000000000000014,-2.200000000000003,2638.25634765625,311.2110290527344
1471,1471,100,52233,0.0012000000000000014,-2.200000000000003,1157.4351806640625,343.2635498046875
1472,1472,100,52268,0.0012000000000000014,-2.200000000000003,264.48602294921875,282.8046569824219
1473,1473,100,52293,0.0012000000000000014,-2.200000000000003,577.9569091796875,331.27655029296875
1474,1474,100,52315,0.0012000000000000014,-2.200000000000003,323.2711486816406,353.98675537109375
1475,1475,100,52353,0.0012000000000000014,-2.200000000000003,378.7200927734375,331.4957275390625
1476,1476,100,52376,0.0012000000000000014,-2.200000000000003,1001.6566162109375,320.07586669921875
1477,1477,100,52394,0.0012000000000000014,-2.200000000000003,349.1635437011719,346.7449951171875
1478,1478,100,52412,0.0012000000000000014,-2.200000000000003,323.899169921875,387.94989013671875
1479,1479,100,52440,0.0012000000000000014,-2.200000000000003,275.5316162109375,365.09381103515625
1480,1480,100,52476,0.0012000000000000014,-2.200000000000003,259.641357421875,362.36798095703125
1481,1481,100,52507,0.0012000000000000014,-2.200000000000003,4445.0859375,354.91748046875
1482,1482,100,52538,0.0012000000000000014,-2.200000000000003,563.9320068359375,339.8255615234375
1483,1483,100,52570,0.0012000000000000014,-2.200000000000003,3063.78759765625,327.0815124511719
1484,1484,100,52592,0.0012000000000000014,-2.200000000000003,683.93359375,292.2201232910156
1485,1485,100,52617,0.0012000000000000014,-2.200000000000003,4393.921875,319.7222900390625
1486,1486,100,52641,0.0012000000000000014,-2.200000000000003,3081.33837890625,377.44500732421875
1487,1487,100,52676,0.0012000000000000014,-2.200000000000003,617.443359375,328.20928955078125
1488,1488,100,52711,0.0012000000000000014,-2.200000000000003,1548.174072265625,283.95941162109375
1489,1489,100,52746,0.0012000000000000014,-2.200000000000003,991.257568359375,372.1001281738281
1490,1490,100,52784,0.0012000000000000014,-2.200000000000003,534.0135498046875,344.4075927734375
1491,1491,100,52804,0.0012000000000000014,-2.200000000000003,326.61553955078125,319.9587707519531
1492,1492,100,52822,0.0012000000000000014,-2.200000000000003,1303.328857421875,302.14324951171875
1493,1493,100,52854,0.0012000000000000014,-2.200000000000003,1542.8646240234375,301.83551025390625
1494,1494,100,52885,0.0012000000000000014,-2.200000000000003,667.5687255859375,358.008544921875
1495,1495,100,52925,0.0012000000000000014,-2.200000000000003,1442.04833984375,335.64898681640625
1496,1496,100,52952,0.0012000000000000014,-2.200000000000003,750.2703857421875,353.6579895019531
1497,1497,100,52969,0.0012000000000000014,-2.200000000000003,915.4599609375,353.73577880859375
1498,1498,100,53001,0.0012000000000000014,-2.200000000000003,501.47149658203125,311.9213562011719
1499,1499,100,53038,0.0012000000000000014,-2.200000000000003,3566.76123046875,350.7164306640625
1500,1500,100,53055,0.0012000000000000014,-2.200000000000003,840.7557373046875,399.50408935546875
1501,1501,100,53073,0.00010000000000000005,2.200000000000003,355.22552490234375,308.22314453125
1502,1502,100,53114,0.00010000000000000005,2.200000000000003,721.3658447265625,344.6490478515625
1503,1503,100,53139,0.00010000000000000005,2.200000000000003,358.4510498046875,360.44805908203125
1504,1504,100,53169,0.00010000000000000005,2.200000000000003,1627.64599609375,389.4713439941406
1505,1505,100,53201,0.00010000000000000005,2.200000000000003,467.81365966796875,321.7667236328125
1506,1506,100,53209,0.00010000000000000005,2.200000000000003,444.24090576171875,352.82904052734375
1507,1507,100,53236,0.00010000000000000005,2.200000000000003,499.31011962890625,339.8326416015625
1508,1508,100,53241,0.00010000000000000005,2.200000000000003,3034.53076171875,323.17926025390625
1509,1509,100,53268,0.00010000000000000005,2.200000000000003,588.5385131835938,318.23199462890625
1510,1510,100,53294,0.00010000000000000005,2.200000000000003,423.9228210449219,324.6159973144531
1511,1511,100,53318,0.00010000000000000005,2.200000000000003,225.16259765625,345.5745544433594
1512,1512,100,53352,0.00010000000000000005,2.200000000000003,746.8936767578125,371.0487976074219
1513,1513,100,53385,0.00010000000000000005,2.200000000000003,494.401611328125,392.6298828125
1514,1514,100,53399,0.00010000000000000005,2.200000000000003,418.47186279296875,361.0716552734375
1515,1515,100,53426,0.00010000000000000005,2.200000000000003,2288.955322265625,330.6553955078125
1516,1516,100,53460,0.00010000000000000005,2.200000000000003,3325.725830078125,377.4292907714844
1517,1517,100,53478,0.00010000000000000005,2.200000000000003,727.8201293945312,338.7721252441406
1518,1518,100,53511,0.00010000000000000005,2.200000000000003,585.883056640625,370.79278564453125
1519,1519,100,53529,0.00010000000000000005,2.200000000000003,743.1690673828125,277.4947509765625
1520,1520,100,53535,0.00010000000000000005,2.200000000000003,681.2781982421875,355.9785461425781
1521,1521,100,53570,0.00010000000000000005,2.200000000000003,1844.0384521484375,381.1564025878906
1522,1522,100,53601,0.00010000000000000005,2.200000000000003,4100.8671875,377.01397705078125
1523,1523,100,53639,0.00010000000000000005,2.200000000000003,1036.32177734375,392.8260498046875
1524,1524,100,53669,0.00010000000000000005,2.200000000000003,768.5303955078125,338.3990478515625
1525,1525,100,53691,0.00010000000000000005,2.200000000000003,440.549560546875,333.29052734375
1526,1526,100,53728,0.00010000000000000005,2.200000000000003,184.99139404296875,341.10638427734375
1527,1527,100,53764,0.00010000000000000005,2.200000000000003,332.2655029296875,363.1451110839844
1528,1528,100,53792,0.00010000000000000005,2.200000000000003,3511.7607421875,311.22894287109375
1529,1529,100,53825,0.00010000000000000005,2.200000000000003,518.7169189453125,349.9625244140625
1530,1530,100,53856,0.00010000000000000005,2.200000000000003,691.8960571289062,363.66748046875
1531,1531,100,53895,0.00010000000000000005,2.200000000000003,467.7282409667969,350.80511474609375
1532,1532,100,53917,0.00010000000000000005,2.200000000000003,229.87521362304688,380.54998779296875
1533,1533,100,53949,0.00010000000000000005,2.200000000000003,224.05889892578125,310.3655700683594
1534,1534,100,53971,0.00010000000000000005,2.200000000000003,321.125244140625,307.0247802734375
1535,1535,100,53990,0.00010000000000000005,2.200000000000003,1922.28515625,366.00384521484375
1536,1536,100,54004,0.00010000000000000005,2.200000000000003,488.042236328125,339.81011962890625
1537,1537,100,54025,0.00010000000000000005,2.200000000000003,1119.024658203125,310.44305419921875
1538,1538,100,54048,0.00010000000000000005,2.200000000000003,697.1278076171875,346.41998291015625
1539,1539,100,54072,0.00010000000000000005,2.200000000000003,1586.704345703125,360.9749755859375
1540,1540,100,54093,0.00010000000000000005,2.200000000000003,1423.202880859375,351.29315185546875
1541,1541,100,54117,0.00010000000000000005,2.200000000000003,540.91796875,354.81573486328125
1542,1542,100,54132,0.00010000000000000005,2.200000000000003,284.4951171875,373.7350158691406
1543,1543,100,54152,0.00010000000000000005,2.200000000000003,242.7725830078125,323.05279541015625
1544,1544,100,54171,0.00010000000000000005,2.200000000000003,415.32806396484375,307.38348388671875
1545,1545,100,54204,0.00010000000000000005,2.200000000000003,552.7784423828125,352.220703125
1546,1546,100,54227,0.00010000000000000005,2.200000000000003,670.559326171875,348.00006103515625
1547,1547,100,54257,0.00010000000000000005,2.200000000000003,387.9029541015625,349.1590576171875
1548,1548,100,54288,0.00010000000000000005,2.200000000000003,705.8211669921875,372.5453796386719
1549,1549,100,54305,0.00010000000000000005,2.200000000000003,536.927001953125,268.4454345703125
1550,1550,100,54338,0.00010000000000000005,2.200000000000003,999.2338256835938,389.7159118652344
1551,1551,100,54367,0.00010000000000000005,0.0,1201.283447265625,379.14898681640625
1552,1552,100,54393,0.00010000000000000005,0.0,284.59930419921875,298.6777038574219
1553,1553,100,54417,0.00010000000000000005,0.0,828.077880859375,339.2806396484375
1554,1554,100,54441,0.00010000000000000005,0.0,584.9468994140625,353.6532897949219
1555,1555,100,54454,0.00010000000000000005,0.0,1287.2603759765625,371.2786865234375
1556,1556,100,54455,0.00010000000000000005,0.0,827.5888061523438,337.698486328125
1557,1557,100,54478,0.00010000000000000005,0.0,657.4009399414062,349.09375
1558,1558,100,54492,0.00010000000000000005,0.0,1364.3076171875,356.69403076171875
1559,1559,100,54522,0.00010000000000000005,0.0,386.382080078125,357.62603759765625
1560,1560,100,54544,0.00010000000000000005,0.0,1758.72021484375,359.9195556640625
1561,1561,100,54575,0.00010000000000000005,0.0,616.6986083984375,324.41656494140625
1562,1562,100,54603,0.00010000000000000005,0.0,1798.8748779296875,358.60699462890625
1563,1563,100,54635,0.00010000000000000005,0.0,345.452392578125,400.9920959472656
1564,1564,100,54660,0.00010000000000000005,0.0,300.8621826171875,376.09051513671875
1565,1565,100,54690,0.00010000000000000005,0.0,565.2131958007812,366.87628173828125
1566,1566,100,54700,0.00010000000000000005,0.0,1186.728271484375,359.88897705078125
1567,1567,100,54753,0.00010000000000000005,0.0,1178.3583984375,342.82135009765625
1568,1568,100,54778,0.00010000000000000005,0.0,494.39312744140625,352.98748779296875
1569,1569,100,54804,0.00010000000000000005,0.0,580.848876953125,357.28619384765625
1570,1570,100,54834,0.00010000000000000005,0.0,352.60040283203125,337.49298095703125
1571,1571,100,54850,0.00010000000000000005,0.0,599.0510864257812,360.22027587890625
1572,1572,100,54884,0.00010000000000000005,0.0,965.8298950195312,372.4046630859375
1573,1573,100,54906,0.00010000000000000005,0.0,474.1667175292969,351.610107421875
1574,1574,100,54930,0.00010000000000000005,0.0,360.3198547363281,363.15399169921875
1575,1575,100,54952,0.00010000000000000005,0.0,213.54702758789062,337.635498046875
1576,1576,100,54970,0.00010000000000000005,0.0,219.8758544921875,323.6636047363281
1577,1577,100,54995,0.00010000000000000005,0.0,304.33514404296875,357.8817138671875
1578,1578,100,55029,0.00010000000000000005,0.0,1833.27392578125,361.171875
1579,1579,100,55047,0.00010000000000000005,0.0,550.0986328125,359.52911376953125
1580,1580,100,55068,0.00010000000000000005,0.0,1482.92822265625,334.6590270996094
1581,1581,100,55081,0.00010000000000000005,0.0,343.28997802734375,357.1520690917969
1582,1582,100,55117,0.00010000000000000005,0.0,583.531982421875,343.98541259765625
1583,1583,100,55138,0.00010000000000000005,0.0,291.14599609375,374.3817138671875
1584,1584,100,55163,0.00010000000000000005,0.0,628.66015625,350.35467529296875
1585,1585,100,55206,0.00010000000000000005,0.0,494.308349609375,412.64892578125
1586,1586,100,55228,0.00010000000000000005,0.0,3168.21240234375,314.4803161621094
1587,1587,100,55258,0.00010000000000000005,0.0,212.39007568359375,310.61981201171875
1588,1588,100,55279,0.00010000000000000005,0.0,481.10198974609375,364.11492919921875
1589,1589,100,55309,0.00010000000000000005,0.0,275.656005859375,363.05828857421875
1590,1590,100,55756,0.00010000000000000005,0.0,534.7960815429688,379.9289855957031
1591,1591,100,55796,0.00010000000000000005,0.0,305.66204833984375,363.66339111328125
1592,1592,100,55822,0.00010000000000000005,0.0,333.032470703125,391.0704345703125
1593,1593,100,55864,0.00010000000000000005,0.0,762.6898193359375,367.35345458984375
1594,1594,100,55872,0.00010000000000000005,0.0,1045.753173828125,399.8509521484375
1595,1595,100,55917,0.00010000000000000005,0.0,618.5557861328125,367.52191162109375
1596,1596,100,55930,0.00010000000000000005,0.0,392.62396240234375,332.4847717285156
1597,1597,100,55962,0.00010000000000000005,0.0,423.845703125,400.96929931640625
1598,1598,100,56007,0.00010000000000000005,0.0,380.98828125,288.9921875
1599,1599,100,56035,0.00010000000000000005,0.0,797.5732421875,372.1993408203125
1600,1600,100,56044,0.00010000000000000005,0.0,1710.475341796875,396.8465881347656
1601,1601,100,56076,0.00010000000000000005,0.0,498.3231506347656,353.03607177734375
1602,1602,100,56127,0.00010000000000000005,0.0,448.8980712890625,390.41009521484375
1603,1603,100,56155,0.00010000000000000005,0.0,747.84228515625,375.14984130859375
1604,1604,100,56175,0.00010000000000000005,0.0,1926.3851318359375,425.1328125
1605,1605,100,56201,0.00010000000000000005,0.0,299.52716064453125,349.87445068359375
1606,1606,100,56240,0.00010000000000000005,0.0,422.2569580078125,361.77313232421875
1607,1607,100,56279,0.00010000000000000005,0.0,648.1216430664062,377.89385986328125
1608,1608,100,56284,0.00010000000000000005,0.0,504.8046875,337.8963623046875
1609,1609,100,56308,0.00010000000000000005,0.0,593.9887084960938,375.0821533203125
1610,1610,100,56344,0.00010000000000000005,0.0,284.550537109375,401.5096740722656
1611,1611,100,56362,0.00010000000000000005,0.0,445.399169921875,400.40045166015625
1612,1612,100,56388,0.00010000000000000005,0.0,585.0369873046875,411.46710205078125
1613,1613,100,56402,0.00010000000000000005,0.0,478.711181640625,343.5622863769531
1614,1614,100,56418,0.00010000000000000005,0.0,1461.5555419921875,320.291748046875
1615,1615,100,56424,0.00010000000000000005,0.0,3612.60791015625,372.63189697265625
1616,1616,100,56454,0.00010000000000000005,0.0,608.9556884765625,341.6287841796875
1617,1617,100,56504,0.00010000000000000005,0.0,466.86614990234375,319.19189453125
1618,1618,100,56525,0.00010000000000000005,0.0,441.98028564453125,386.8699645996094
1619,1619,100,56561,0.00010000000000000005,0.0,586.6116943359375,362.345458984375
1620,1620,100,56581,0.00010000000000000005,0.0,974.5501098632812,394.01031494140625
1621,1621,100,56624,0.00010000000000000005,0.0,228.14767456054688,354.61029052734375
1622,1622,100,56648,0.00010000000000000005,0.0,770.91259765625,371.45465087890625
1623,1623,100,56661,0.00010000000000000005,0.0,3941.0986328125,391.66912841796875
1624,1624,100,56671,0.00010000000000000005,0.0,457.98248291015625,346.5611877441406
1625,1625,100,56682,0.00010000000000000005,0.0,929.57080078125,365.46484375
1626,1626,100,56708,0.00010000000000000005,0.0,143.9860076904297,363.0274963378906
1627,1627,100,56734,0.00010000000000000005,0.0,3016.28955078125,369.60906982421875
1628,1628,100,56786,0.00010000000000000005,0.0,836.5360107421875,373.33837890625
1629,1629,100,56803,0.00010000000000000005,0.0,902.3043823242188,353.685791015625
1630,1630,100,56819,0.00010000000000000005,0.0,207.8954620361328,404.5983581542969
1631,1631,100,56836,0.00010000000000000005,0.0,379.2999572753906,336.37420654296875
1632,1632,100,56856,0.00010000000000000005,0.0,659.7633666992188,392.08807373046875
1633,1633,100,56877,0.00010000000000000005,0.0,278.3210754394531,375.50567626953125
1634,1634,100,56901,0.00010000000000000005,0.0,688.0958251953125,364.9508056640625
1635,1635,100,56937,0.00010000000000000005,0.0,555.2070922851562,367.8040771484375
1636,1636,100,56974,0.00010000000000000005,0.0,637.4826049804688,370.45916748046875
1637,1637,100,56992,0.00010000000000000005,0.0,313.41802978515625,349.51068115234375
1638,1638,100,57033,0.00010000000000000005,0.0,365.55767822265625,341.348388671875
1639,1639,100,57062,0.00010000000000000005,0.0,473.0465087890625,400.7308349609375
1640,1640,100,57094,0.00010000000000000005,0.0,530.0830688476562,357.3097229003906
1641,1641,100,57126,0.00010000000000000005,0.0,414.34234619140625,369.8204345703125
1642,1642,100,57153,0.00010000000000000005,0.0,2078.318603515625,322.76043701171875
1643,1643,100,57187,0.00010000000000000005,0.0,737.5645141601562,350.858642578125
1644,1644,100,57214,0.00010000000000000005,0.0,433.40234375,357.622314453125
1645,1645,100,57240,0.00010000000000000005,0.0,504.148681640625,363.7347106933594
1646,1646,100,57289,0.00010000000000000005,0.0,287.8565368652344,351.747314453125
1647,1647,100,57315,0.00010000000000000005,0.0,832.6870727539062,347.0475158691406
1648,1648,100,57340,0.00010000000000000005,0.0,809.8276977539062,405.76239013671875
1649,1649,100,57390,0.00010000000000000005,0.0,1245.880859375,356.12420654296875
1650,1650,100,57426,0.00010000000000000005,0.0,615.4552001953125,310.2838439941406
1651,1651,100,57457,0.00010000000000000005,0.0,4394.81396484375,410.9501953125
1652,1652,100,57475,0.00010000000000000005,0.0,1687.935791015625,334.3230285644531
1653,1653,100,57514,0.00010000000000000005,0.0,248.34503173828125,344.6790771484375
1654,1654,100,57525,0.00010000000000000005,0.0,668.898681640625,347.79815673828125
1655,1655,100,57542,0.00010000000000000005,0.0,354.0999755859375,367.9513854980469
1656,1656,100,57568,0.00010000000000000005,0.0,484.12469482421875,363.02862548828125
1657,1657,100,57606,0.00010000000000000005,0.0,272.3753662109375,339.0946044921875
1658,1658,100,57646,0.00010000000000000005,0.0,427.2157897949219,362.07879638671875
1659,1659,100,57665,0.00010000000000000005,0.0,956.7879638671875,404.64862060546875
1660,1660,100,57712,0.00010000000000000005,0.0,717.745849609375,380.7630310058594
1661,1661,100,57717,0.00010000000000000005,0.0,875.3222045898438,352.8719482421875
1662,1662,100,57739,0.00010000000000000005,0.0,308.3706970214844,393.37969970703125
1663,1663,100,57781,0.00010000000000000005,0.0,1282.929931640625,305.3175048828125
1664,1664,100,57811,0.00010000000000000005,0.0,1683.593017578125,357.04217529296875
1665,1665,100,57841,0.00010000000000000005,0.0,507.73345947265625,408.1288146972656
1666,1666,100,57884,0.00010000000000000005,0.0,306.5494384765625,362.850341796875
1667,1667,100,57897,0.00010000000000000005,0.0,1007.3944091796875,421.75250244140625
1668,1668,100,57907,0.00010000000000000005,0.0,413.9772644042969,356.70489501953125
1669,1669,100,57946,0.00010000000000000005,0.0,797.0384521484375,386.465087890625
1670,1670,100,57964,0.00010000000000000005,0.0,277.0121154785156,340.02276611328125
1671,1671,100,57980,0.00010000000000000005,0.0,222.67330932617188,389.203125
1672,1672,100,58016,0.00010000000000000005,0.0,644.2213134765625,397.705810546875
1673,1673,100,58024,0.00010000000000000005,0.0,2009.078125,390.387451171875
1674,1674,100,58055,0.00010000000000000005,0.0,910.5712280273438,389.30487060546875
1675,1675,100,58088,0.00010000000000000005,0.0,982.2250366210938,393.62518310546875
1676,1676,100,58113,0.00010000000000000005,0.0,369.1163635253906,347.6273193359375
1677,1677,100,58143,0.00010000000000000005,0.0,596.7276611328125,345.7054443359375
1678,1678,100,58166,0.00010000000000000005,0.0,298.7080383300781,392.5377197265625
1679,1679,100,58186,0.00010000000000000005,0.0,412.44769287109375,372.87969970703125
1680,1680,100,58195,0.00010000000000000005,0.0,671.8157958984375,351.24896240234375
1681,1681,100,58232,0.00010000000000000005,0.0,778.7125244140625,391.9224853515625
1682,1682,100,58256,0.00010000000000000005,0.0,5888.64697265625,350.2398681640625
1683,1683,100,58276,0.00010000000000000005,0.0,850.3448486328125,357.8624267578125
1684,1684,100,58300,0.00010000000000000005,0.0,418.2340087890625,360.0643310546875
1685,1685,100,58324,0.00010000000000000005,0.0,1471.8311767578125,376.040283203125
1686,1686,100,58350,0.00010000000000000005,0.0,851.8390502929688,389.30523681640625
1687,1687,100,58357,0.00010000000000000005,0.0,538.7627563476562,421.6142578125
1688,1688,100,58389,0.00010000000000000005,0.0,4275.30859375,381.50030517578125
1689,1689,100,58410,0.00010000000000000005,0.0,3375.3125,365.2696228027344
1690,1690,100,58419,0.00010000000000000005,0.0,643.7451782226562,387.3712158203125
1691,1691,100,58457,0.00010000000000000005,0.0,327.989013671875,358.7333068847656
1692,1692,100,58469,0.00010000000000000005,0.0,499.2725830078125,369.9316101074219
1693,1693,100,58488,0.00010000000000000005,0.0,2409.73779296875,351.66827392578125
1694,1694,100,58512,0.00010000000000000005,0.0,2176.96533203125,381.68353271484375
1695,1695,100,58533,0.00010000000000000005,0.0,323.53338623046875,306.6713562011719
1696,1696,100,58572,0.00010000000000000005,0.0,3125.470703125,344.85369873046875
1697,1697,100,58605,0.00010000000000000005,0.0,730.11279296875,402.9725646972656
1698,1698,100,58654,0.00010000000000000005,0.0,466.56585693359375,365.6290283203125
1699,1699,100,58697,0.00010000000000000005,0.0,1249.56298828125,413.4378662109375
1700,1700,100,58729,0.00010000000000000005,0.0,253.23171997070312,390.69158935546875
1701,1701,100,58747,0.00010000000000000005,0.0,468.72601318359375,379.53509521484375
1702,1702,100,58767,0.00010000000000000005,0.0,372.12945556640625,328.4081726074219
1703,1703,100,58819,0.00010000000000000005,0.0,694.2622680664062,381.233642578125
1704,1704,100,58844,0.00010000000000000005,0.0,273.5916442871094,380.0169677734375
1705,1705,100,58862,0.00010000000000000005,0.0,374.9509582519531,365.44232177734375
1706,1706,100,58912,0.00010000000000000005,0.0,550.875,378.9772644042969
1707,1707,100,58933,0.00010000000000000005,0.0,755.4742431640625,385.81689453125
1708,1708,100,58963,0.00010000000000000005,0.0,760.6273193359375,407.7279052734375
1709,1709,100,58987,0.00010000000000000005,0.0,859.3274536132812,360.387451171875
1710,1710,100,59011,0.00010000000000000005,0.0,1145.92529296875,389.4903869628906
1711,1711,100,59048,0.00010000000000000005,0.0,670.7767333984375,391.17535400390625
1712,1712,100,59084,0.00010000000000000005,0.0,960.475830078125,431.4016418457031
1713,1713,100,59112,0.00010000000000000005,0.0,273.07025146484375,365.08270263671875
1714,1714,100,59155,0.00010000000000000005,0.0,1120.171630859375,365.51043701171875
1715,1715,100,59203,0.00010000000000000005,0.0,362.4985046386719,355.8846435546875
1716,1716,100,59220,0.00010000000000000005,0.0,320.3174133300781,369.1122741699219
1717,1717,100,59252,0.00010000000000000005,0.0,3441.6201171875,374.96820068359375
1718,1718,100,59273,0.00010000000000000005,0.0,416.8213195800781,411.8580322265625
1719,1719,100,59314,0.00010000000000000005,0.0,210.80999755859375,398.1207580566406
1720,1720,100,59351,0.00010000000000000005,0.0,162.52586364746094,381.0357666015625
1721,1721,100,59374,0.00010000000000000005,0.0,962.72900390625,299.20233154296875
1722,1722,100,59403,0.00010000000000000005,0.0,431.4173278808594,374.262451171875
1723,1723,100,59416,0.00010000000000000005,0.0,3603.471435546875,374.7328186035156
1724,1724,100,59439,0.00010000000000000005,0.0,526.4981079101562,376.3692626953125
1725,1725,100,59462,0.00010000000000000005,0.0,1020.7798461914062,355.0249938964844
1726,1726,100,59488,0.00010000000000000005,0.0,662.5535888671875,367.3154296875
1727,1727,100,59513,0.00010000000000000005,0.0,493.65985107421875,325.7612609863281
1728,1728,100,59527,0.00010000000000000005,0.0,753.66943359375,329.18048095703125
1729,1729,100,59563,0.00010000000000000005,0.0,1101.53271484375,373.4881591796875
1730,1730,100,59593,0.00010000000000000005,0.0,601.6898193359375,380.4154968261719
1731,1731,100,59611,0.00010000000000000005,0.0,270.6396789550781,380.2774963378906
1732,1732,100,59639,0.00010000000000000005,0.0,2973.86572265625,358.6361999511719
1733,1733,100,59665,0.00010000000000000005,0.0,436.7838134765625,392.43695068359375
1734,1734,100,59692,0.00010000000000000005,0.0,327.97100830078125,394.7607116699219
1735,1735,100,59723,0.00010000000000000005,0.0,250.25924682617188,384.12371826171875
1736,1736,100,59734,0.00010000000000000005,0.0,476.72998046875,330.65142822265625
1737,1737,100,59745,0.00010000000000000005,0.0,445.1044921875,405.44586181640625
1738,1738,100,59772,0.00010000000000000005,0.0,404.2298278808594,363.0881042480469
1739,1739,100,59781,0.00010000000000000005,0.0,525.84814453125,409.78973388671875
1740,1740,100,59797,0.00010000000000000005,0.0,432.78875732421875,345.43035888671875
1741,1741,100,59843,0.00010000000000000005,0.0,345.5146789550781,370.4794921875
1742,1742,100,59875,0.00010000000000000005,0.0,314.6645812988281,389.79840087890625
1743,1743,100,59882,0.00010000000000000005,0.0,452.90478515625,360.2627258300781
1744,1744,100,59896,0.00010000000000000005,0.0,295.1743469238281,340.8049011230469
1745,1745,100,59927,0.00010000000000000005,0.0,387.5531921386719,374.2967529296875
1746,1746,100,59945,0.00010000000000000005,0.0,1001.377197265625,393.3522644042969
1747,1747,100,59968,0.00010000000000000005,0.0,390.71441650390625,347.632080078125
1748,1748,100,59994,0.00010000000000000005,0.0,1449.8975830078125,366.78253173828125
1749,1749,100,60012,0.00010000000000000005,0.0,1182.5784912109375,332.74322509765625
1750,1750,100,60042,0.00010000000000000005,0.0,3034.128662109375,394.11468505859375
1751,1751,100,60086,0.00010000000000000005,0.0,455.0940246582031,362.6046142578125
1752,1752,100,60109,0.00010000000000000005,0.0,546.4603271484375,355.5885925292969
1753,1753,100,60133,0.00010000000000000005,0.0,566.6128540039062,404.1327819824219
1754,1754,100,60157,0.00010000000000000005,0.0,249.5487060546875,338.14788818359375
1755,1755,100,60181,0.00010000000000000005,0.0,1705.360107421875,304.5511169433594
1756,1756,100,60196,0.00010000000000000005,0.0,684.0960693359375,379.87664794921875
1757,1757,100,60236,0.00010000000000000005,0.0,3042.730712890625,436.0455627441406
1758,1758,100,60262,0.00010000000000000005,0.0,585.9466552734375,403.1109313964844
1759,1759,100,60309,0.00010000000000000005,0.0,713.958740234375,382.5124816894531
1760,1760,100,60319,0.00010000000000000005,0.0,693.0851440429688,394.50177001953125
1761,1761,100,60337,0.00010000000000000005,0.0,1447.79443359375,410.73992919921875
1762,1762,100,60361,0.00010000000000000005,0.0,418.6256408691406,390.12115478515625
1763,1763,100,60390,0.00010000000000000005,0.0,471.0739440917969,333.6811218261719
1764,1764,100,60426,0.00010000000000000005,0.0,587.4739379882812,407.04595947265625
1765,1765,100,60431,0.00010000000000000005,0.0,173.44586181640625,377.1400146484375
1766,1766,100,60449,0.00010000000000000005,0.0,323.1519470214844,339.7620849609375
1767,1767,100,60470,0.00010000000000000005,0.0,413.98248291015625,349.0133056640625
1768,1768,100,60487,0.00010000000000000005,0.0,247.51991271972656,349.2862243652344
1769,1769,100,60515,0.00010000000000000005,0.0,373.3223876953125,352.91717529296875
1770,1770,100,60538,0.00010000000000000005,0.0,337.51220703125,390.388916015625
1771,1771,100,60554,0.00010000000000000005,0.0,834.3442993164062,335.4302673339844
1772,1772,100,60595,0.00010000000000000005,0.0,3791.989013671875,365.33990478515625
1773,1773,100,60634,0.00010000000000000005,0.0,420.8636474609375,355.5945739746094
1774,1774,100,60655,0.00010000000000000005,0.0,465.6776123046875,391.4794921875
1775,1775,100,60671,0.00010000000000000005,0.0,446.8505859375,301.1185302734375
1776,1776,100,60690,0.00010000000000000005,0.0,430.38262939453125,361.06292724609375
1777,1777,100,60711,0.00010000000000000005,0.0,242.66795349121094,375.76708984375
1778,1778,100,60732,0.00010000000000000005,0.0,2382.86181640625,373.60491943359375
1779,1779,100,60761,0.00010000000000000005,0.0,302.0404968261719,338.82647705078125
1780,1780,100,60775,0.00010000000000000005,0.0,587.766845703125,402.75054931640625
1781,1781,100,60786,0.00010000000000000005,0.0,430.9782409667969,355.1898498535156
1782,1782,100,60812,0.00010000000000000005,0.0,308.8934326171875,403.5037841796875
1783,1783,100,60852,0.00010000000000000005,0.0,313.03070068359375,374.1975402832031
1784,1784,100,60876,0.00010000000000000005,0.0,292.5236511230469,315.1171875
1785,1785,100,60902,0.00010000000000000005,0.0,447.60015869140625,353.98699951171875
1786,1786,100,60903,0.00010000000000000005,0.0,436.3638916015625,387.31011962890625
1787,1787,100,60927,0.00010000000000000005,0.0,226.01222229003906,355.19677734375
1788,1788,100,60940,0.00010000000000000005,0.0,431.847412109375,367.33245849609375
1789,1789,100,60979,0.00010000000000000005,0.0,711.8634643554688,385.0525207519531
1790,1790,100,61000,0.00010000000000000005,0.0,959.66552734375,368.6971130371094
1791,1791,100,61082,0.00010000000000000005,0.0,2927.3408203125,397.29541015625
1792,1792,100,61112,0.00010000000000000005,0.0,637.51806640625,365.9813232421875
1793,1793,100,61127,0.00010000000000000005,0.0,531.524169921875,360.1871337890625
1794,1794,100,61158,0.00010000000000000005,0.0,309.0397033691406,361.8056640625
1795,1795,100,61181,0.00010000000000000005,0.0,404.7884521484375,385.6546325683594
1796,1796,100,61206,0.00010000000000000005,0.0,388.1583557128906,413.2113952636719
1797,1797,100,61219,0.00010000000000000005,0.0,3614.668212890625,399.2550048828125
1798,1798,100,61238,0.00010000000000000005,0.0,692.9068603515625,350.79248046875
1799,1799,100,61262,0.00010000000000000005,0.0,719.802490234375,376.65838623046875
1800,1800,100,61278,0.00010000000000000005,0.0,956.9644775390625,343.40582275390625
1801,1801,100,61289,0.00010000000000000005,0.0,320.5498046875,355.48907470703125
1802,1802,100,61318,0.00010000000000000005,0.0,663.71923828125,363.45782470703125
1803,1803,100,61341,0.00010000000000000005,0.0,3247.52978515625,393.1532897949219
1804,1804,100,61361,0.00010000000000000005,0.0,438.9476318359375,367.46697998046875
1805,1805,100,61371,0.00010000000000000005,0.0,289.571044921875,402.25726318359375
1806,1806,100,61409,0.00010000000000000005,0.0,325.71807861328125,393.1005554199219
1807,1807,100,61410,0.00010000000000000005,0.0,387.7833251953125,356.21734619140625
1808,1808,100,61416,0.00010000000000000005,0.0,258.6741638183594,364.303955078125
1809,1809,100,61435,0.00010000000000000005,0.0,524.0413818359375,376.5814208984375
1810,1810,100,61468,0.00010000000000000005,0.0,345.9042663574219,445.4860534667969
1811,1811,100,61480,0.00010000000000000005,0.0,1656.710205078125,308.40704345703125
1812,1812,100,61523,0.00010000000000000005,0.0,387.4501647949219,373.656005859375
1813,1813,100,61539,0.00010000000000000005,0.0,468.0574035644531,378.1312255859375
1814,1814,100,61558,0.00010000000000000005,0.0,666.298828125,334.11712646484375
1815,1815,100,61587,0.00010000000000000005,0.0,680.9194946289062,393.136962890625
1816,1816,100,61604,0.00010000000000000005,0.0,362.59246826171875,337.720458984375
1817,1817,100,61637,0.00010000000000000005,0.0,774.5509033203125,345.9376220703125
1818,1818,100,61685,0.00010000000000000005,0.0,371.4914245605469,372.5098571777344
1819,1819,100,61726,0.00010000000000000005,0.0,299.13623046875,374.6573486328125
1820,1820,100,61746,0.00010000000000000005,0.0,324.871337890625,372.90570068359375
1821,1821,100,61755,0.00010000000000000005,0.0,956.8353271484375,397.96954345703125
1822,1822,100,61790,0.00010000000000000005,0.0,406.31134033203125,376.5118408203125
1823,1823,100,61806,0.00010000000000000005,0.0,519.4798583984375,343.107421875
1824,1824,100,61829,0.00010000000000000005,0.0,686.7764282226562,366.64947509765625
1825,1825,100,61860,0.00010000000000000005,0.0,468.88580322265625,329.05987548828125
1826,1826,100,61883,0.00010000000000000005,0.0,265.89361572265625,369.45703125
1827,1827,100,61909,0.00010000000000000005,0.0,362.72607421875,379.94415283203125
1828,1828,100,61947,0.00010000000000000005,0.0,700.614013671875,365.746826171875
1829,1829,100,61968,0.00010000000000000005,0.0,1386.666748046875,384.801513671875
1830,1830,100,61993,0.00010000000000000005,0.0,582.0855102539062,393.17364501953125
1831,1831,100,62002,0.00010000000000000005,0.0,1658.470458984375,427.08099365234375
1832,1832,100,62012,0.00010000000000000005,0.0,363.88739013671875,399.71539306640625
1833,1833,100,62027,0.00010000000000000005,0.0,933.1094970703125,368.94830322265625
1834,1834,100,62049,0.00010000000000000005,0.0,340.2955017089844,357.5897216796875
1835,1835,100,62084,0.00010000000000000005,0.0,997.10205078125,376.4986877441406
1836,1836,100,62118,0.00010000000000000005,0.0,498.53546142578125,399.46728515625
1837,1837,-10,62618,0.00010000000000000005,0.0,379.2299499511719,390.7171325683594
1838,1838,100,62619,0.00010000000000000005,0.0,476.29022216796875,385.10540771484375
1839,1839,100,62664,0.00010000000000000005,0.0,254.11962890625,359.07952880859375
1840,1840,100,62696,0.00010000000000000005,0.0,1829.94775390625,375.51812744140625
1841,1841,100,62715,0.00010000000000000005,0.0,3137.49462890625,374.0470275878906
1842,1842,100,62751,0.00010000000000000005,0.0,526.76513671875,327.8138427734375
1843,1843,100,62797,0.00010000000000000005,0.0,276.98681640625,311.8206787109375
1844,1844,100,62805,0.00010000000000000005,0.0,485.97528076171875,371.98077392578125
1845,1845,100,62806,0.00010000000000000005,0.0,1485.31689453125,328.87091064453125
1846,1846,100,62832,0.00010000000000000005,0.0,522.6957397460938,347.2417907714844
1847,1847,100,62859,0.00010000000000000005,0.0,613.9356689453125,317.40008544921875
1848,1848,100,62895,0.00010000000000000005,0.0,410.85546875,356.5404052734375
1849,1849,100,62896,0.00010000000000000005,0.0,413.96319580078125,394.23699951171875
1850,1850,100,62918,0.00010000000000000005,0.0,570.0377197265625,397.2686767578125
1851,1851,100,62950,0.0012000000000000014,-2.200000000000003,452.3037109375,313.7041015625
1852,1852,100,62979,0.0012000000000000014,-2.200000000000003,674.5180053710938,359.3934326171875
1853,1853,100,63017,0.0012000000000000014,-2.200000000000003,2033.49951171875,389.3187255859375
1854,1854,100,63046,0.0012000000000000014,-2.200000000000003,1580.960205078125,373.4488220214844
1855,1855,100,63074,0.0012000000000000014,-2.200000000000003,793.44384765625,390.768798828125
1856,1856,100,63121,0.0012000000000000014,-2.200000000000003,713.783935546875,372.4734191894531
1857,1857,100,63146,0.0012000000000000014,-2.200000000000003,396.75787353515625,353.4945068359375
1858,1858,100,63152,0.0012000000000000014,-2.200000000000003,420.97418212890625,362.3486022949219
1859,1859,100,63174,0.0012000000000000014,-2.200000000000003,408.0587463378906,399.43438720703125
1860,1860,100,63205,0.0012000000000000014,-2.200000000000003,557.6947021484375,400.9556884765625
1861,1861,100,63225,0.0012000000000000014,-2.200000000000003,398.14544677734375,419.3079833984375
1862,1862,100,63239,0.0012000000000000014,-2.200000000000003,379.165771484375,409.3822937011719
1863,1863,100,63263,0.0012000000000000014,-2.200000000000003,489.596923828125,358.01654052734375
1864,1864,100,63290,0.0012000000000000014,-2.200000000000003,429.4209899902344,344.24017333984375
1865,1865,100,63316,0.0012000000000000014,-2.200000000000003,245.57110595703125,394.423583984375
1866,1866,100,63339,0.0012000000000000014,-2.200000000000003,971.3006591796875,358.1103515625
1867,1867,100,63364,0.0012000000000000014,-2.200000000000003,424.4085693359375,377.0048828125
1868,1868,100,63405,0.0012000000000000014,-2.200000000000003,360.02655029296875,346.7019348144531
1869,1869,100,63431,0.0012000000000000014,-2.200000000000003,391.51141357421875,359.1510925292969
1870,1870,100,63473,0.0012000000000000014,-2.200000000000003,374.2608947753906,399.93035888671875
1871,1871,100,63494,0.0012000000000000014,-2.200000000000003,828.7323608398438,361.94134521484375
1872,1872,100,63519,0.0012000000000000014,-2.200000000000003,338.54541015625,396.56915283203125
1873,1873,100,63534,0.0012000000000000014,-2.200000000000003,2443.927734375,387.1956787109375
1874,1874,100,63559,0.0012000000000000014,-2.200000000000003,586.0548095703125,329.94659423828125
1875,1875,100,63582,0.0012000000000000014,-2.200000000000003,312.084716796875,360.48406982421875
1876,1876,100,63601,0.0012000000000000014,-2.200000000000003,807.432373046875,415.424072265625
1877,1877,100,63624,0.0012000000000000014,-2.200000000000003,573.4391479492188,380.1496887207031
1878,1878,100,63665,0.0012000000000000014,-2.200000000000003,383.7181396484375,320.66424560546875
1879,1879,100,63677,0.0012000000000000014,-2.200000000000003,226.62130737304688,356.65081787109375
1880,1880,100,63692,0.0012000000000000014,-2.200000000000003,486.58843994140625,346.2274475097656
1881,1881,100,63725,0.0012000000000000014,-2.200000000000003,274.65447998046875,374.958740234375
1882,1882,100,63729,0.0012000000000000014,-2.200000000000003,267.4132080078125,322.5225830078125
1883,1883,100,63776,0.0012000000000000014,-2.200000000000003,458.5242919921875,343.5832824707031
1884,1884,100,63787,0.0012000000000000014,-2.200000000000003,468.785888671875,387.3203430175781
1885,1885,100,63800,0.0012000000000000014,-2.200000000000003,611.3875732421875,376.8425598144531
1886,1886,100,63811,0.0012000000000000014,-2.200000000000003,1560.5101318359375,367.2470397949219
1887,1887,100,63857,0.0012000000000000014,-2.200000000000003,317.99090576171875,361.26171875
1888,1888,100,63899,0.0012000000000000014,-2.200000000000003,658.3042602539062,365.5618896484375
1889,1889,100,63929,0.0012000000000000014,-2.200000000000003,583.8201293945312,417.577880859375
1890,1890,100,63940,0.0012000000000000014,-2.200000000000003,659.6370849609375,379.6124267578125
1891,1891,100,63968,0.0012000000000000014,-2.200000000000003,419.9482421875,344.1944580078125
1892,1892,100,63969,0.0012000000000000014,-2.200000000000003,303.07196044921875,388.3594665527344
1893,1893,100,64007,0.0012000000000000014,-2.200000000000003,353.6617431640625,353.27667236328125
1894,1894,100,64019,0.0012000000000000014,-2.200000000000003,676.8451538085938,366.94677734375
1895,1895,100,64046,0.0012000000000000014,-2.200000000000003,213.40457153320312,365.04364013671875
1896,1896,100,64068,0.0012000000000000014,-2.200000000000003,758.6064453125,335.85394287109375
1897,1897,100,64084,0.0012000000000000014,-2.200000000000003,390.745849609375,363.87799072265625
1898,1898,100,64117,0.0012000000000000014,-2.200000000000003,504.15191650390625,265.252197265625
1899,1899,100,64118,0.0012000000000000014,-2.200000000000003,312.3074951171875,395.1056823730469
1900,1900,100,64159,0.0012000000000000014,-2.200000000000003,578.6849365234375,355.40374755859375
1901,1901,100,64160,0.00010000000000000005,2.200000000000003,337.052490234375,371.8793640136719
1902,1902,100,64182,0.00010000000000000005,2.200000000000003,228.18255615234375,374.103759765625
1903,1903,100,64204,0.00010000000000000005,2.200000000000003,1027.306396484375,370.0453186035156
1904,1904,100,64235,0.00010000000000000005,2.200000000000003,382.816162109375,311.48956298828125
1905,1905,100,64239,0.00010000000000000005,2.200000000000003,1512.8359375,407.07275390625
1906,1906,100,64274,0.00010000000000000005,2.200000000000003,207.24168395996094,352.21282958984375
1907,1907,100,64294,0.00010000000000000005,2.200000000000003,578.833740234375,354.71893310546875
1908,1908,100,64330,0.00010000000000000005,2.200000000000003,1353.4615478515625,376.32025146484375
1909,1909,100,64353,0.00010000000000000005,2.200000000000003,500.12762451171875,371.28253173828125
1910,1910,100,64385,0.00010000000000000005,2.200000000000003,621.99658203125,423.63421630859375
1911,1911,100,64386,0.00010000000000000005,2.200000000000003,286.60882568359375,354.86083984375
1912,1912,100,64418,0.00010000000000000005,2.200000000000003,255.40786743164062,343.26953125
1913,1913,100,64460,0.00010000000000000005,2.200000000000003,908.052978515625,372.15484619140625
1914,1914,100,64480,0.00010000000000000005,2.200000000000003,573.9423828125,368.44219970703125
1915,1915,100,64522,0.00010000000000000005,2.200000000000003,233.40011596679688,382.5951232910156
1916,1916,100,64569,0.00010000000000000005,2.200000000000003,1748.82958984375,408.81329345703125
1917,1917,100,64588,0.00010000000000000005,2.200000000000003,390.4166564941406,299.16558837890625
1918,1918,100,64618,0.00010000000000000005,2.200000000000003,462.6631164550781,357.66436767578125
1919,1919,100,64651,0.00010000000000000005,2.200000000000003,700.633056640625,357.4285888671875
1920,1920,100,64658,0.00010000000000000005,2.200000000000003,389.00738525390625,350.2135009765625
1921,1921,100,64690,0.00010000000000000005,2.200000000000003,1175.9788818359375,350.77484130859375
1922,1922,100,64733,0.00010000000000000005,2.200000000000003,644.9083251953125,352.154296875
1923,1923,100,64771,0.00010000000000000005,2.200000000000003,440.213134765625,374.49700927734375
1924,1924,100,64795,0.00010000000000000005,2.200000000000003,386.8160400390625,338.0762939453125
1925,1925,100,64834,0.00010000000000000005,2.200000000000003,727.6671752929688,351.78326416015625
1926,1926,100,64850,0.00010000000000000005,2.200000000000003,349.3515625,377.2655944824219
1927,1927,100,64876,0.00010000000000000005,2.200000000000003,4245.50439453125,328.2274475097656
1928,1928,100,64894,0.00010000000000000005,2.200000000000003,339.4612121582031,349.37432861328125
1929,1929,100,64913,0.00010000000000000005,2.200000000000003,353.3357849121094,370.9224853515625
1930,1930,100,64936,0.00010000000000000005,2.200000000000003,392.5757141113281,407.81500244140625
1931,1931,100,64951,0.00010000000000000005,2.200000000000003,1845.846923828125,347.9048767089844
1932,1932,100,64978,0.00010000000000000005,2.200000000000003,407.07080078125,288.2507629394531
1933,1933,100,65021,0.00010000000000000005,2.200000000000003,460.1370849609375,363.9371337890625
1934,1934,100,65047,0.00010000000000000005,2.200000000000003,638.3743896484375,392.1462707519531
1935,1935,100,65050,0.00010000000000000005,2.200000000000003,670.872802734375,363.0455322265625
1936,1936,100,65073,0.00010000000000000005,2.200000000000003,410.13055419921875,352.5889587402344
1937,1937,100,65074,0.00010000000000000005,2.200000000000003,566.5271606445312,379.30181884765625
1938,1938,100,65096,0.00010000000000000005,2.200000000000003,462.0204162597656,357.78369140625
1939,1939,100,65108,0.00010000000000000005,2.200000000000003,752.8172607421875,378.1175537109375
1940,1940,100,65143,0.00010000000000000005,2.200000000000003,667.7841796875,377.4818115234375
1941,1941,100,65156,0.00010000000000000005,2.200000000000003,243.00039672851562,334.95196533203125
1942,1942,100,65157,0.00010000000000000005,2.200000000000003,324.89385986328125,357.915771484375
1943,1943,100,65191,0.00010000000000000005,2.200000000000003,300.8043212890625,365.4051818847656
1944,1944,100,65209,0.00010000000000000005,2.200000000000003,511.1871337890625,374.0152893066406
1945,1945,100,65222,0.00010000000000000005,2.200000000000003,468.8273010253906,332.03875732421875
1946,1946,100,65265,0.00010000000000000005,2.200000000000003,440.7119140625,334.12554931640625
1947,1947,100,65286,0.00010000000000000005,2.200000000000003,640.5693359375,315.1950378417969
1948,1948,100,65307,0.00010000000000000005,2.200000000000003,367.20831298828125,344.6173095703125
1949,1949,100,65331,0.00010000000000000005,2.200000000000003,318.27093505859375,337.14593505859375
1950,1950,-10,65831,0.00010000000000000005,2.200000000000003,1079.959228515625,358.36859130859375
1951,1951,100,65868,0.0012000000000000014,-2.200000000000003,648.066162109375,307.5375061035156
1952,1952,100,65910,0.0012000000000000014,-2.200000000000003,776.7675170898438,325.8988037109375
1953,1953,100,65952,0.0012000000000000014,-2.200000000000003,762.1569213867188,368.929931640625
1954,1954,100,65971,0.0012000000000000014,-2.200000000000003,617.384521484375,416.2584228515625
1955,1955,100,65972,0.0012000000000000014,-2.200000000000003,552.4240112304688,360.32098388671875
1956,1956,100,66020,0.0012000000000000014,-2.200000000000003,316.32684326171875,301.943359375
1957,1957,100,66046,0.0012000000000000014,-2.200000000000003,398.8397521972656,356.49505615234375
1958,1958,100,66066,0.0012000000000000014,-2.200000000000003,405.8809814453125,319.74676513671875
1959,1959,100,66084,0.0012000000000000014,-2.200000000000003,304.1043701171875,385.2677001953125
1960,1960,100,66102,0.0012000000000000014,-2.200000000000003,365.0816650390625,362.4486083984375
1961,1961,100,66109,0.0012000000000000014,-2.200000000000003,224.00567626953125,356.64007568359375
1962,1962,100,66127,0.0012000000000000014,-2.200000000000003,2090.14794921875,337.56463623046875
1963,1963,-10,66627,0.0012000000000000014,-2.200000000000003,695.8536376953125,390.4121398925781
1964,1964,100,66644,0.0012000000000000014,-2.200000000000003,310.3185119628906,296.40814208984375
1965,1965,100,66672,0.0012000000000000014,-2.200000000000003,288.76544189453125,348.030517578125
1966,1966,100,66673,0.0012000000000000014,-2.200000000000003,215.6988525390625,367.8942565917969
1967,1967,100,66674,0.0012000000000000014,-2.200000000000003,252.7786102294922,394.8785400390625
1968,1968,100,66711,0.0012000000000000014,-2.200000000000003,265.2994384765625,359.71234130859375
1969,1969,100,66758,0.0012000000000000014,-2.200000000000003,251.38563537597656,357.286376953125
1970,1970,100,66791,0.0012000000000000014,-2.200000000000003,316.2864074707031,415.353759765625
1971,1971,100,66821,0.0012000000000000014,-2.200000000000003,276.75506591796875,304.34521484375
1972,1972,100,66859,0.0012000000000000014,-2.200000000000003,446.2548828125,364.494384765625
1973,1973,100,66875,0.0012000000000000014,-2.200000000000003,292.11077880859375,384.28167724609375
1974,1974,100,66876,0.0012000000000000014,-2.200000000000003,725.2033081054688,371.7652587890625
1975,1975,100,66909,0.0012000000000000014,-2.200000000000003,333.8271484375,330.2308349609375
1976,1976,100,66937,0.0012000000000000014,-2.200000000000003,387.0533752441406,337.32861328125
1977,1977,100,66989,0.0012000000000000014,-2.200000000000003,607.9239501953125,351.8399963378906
1978,1978,100,67029,0.0012000000000000014,-2.200000000000003,349.4786071777344,336.6443786621094
1979,1979,100,67080,0.0012000000000000014,-2.200000000000003,627.10986328125,370.5714111328125
1980,1980,100,67121,0.0012000000000000014,-2.200000000000003,504.85174560546875,321.3389892578125
1981,1981,100,67162,0.0012000000000000014,-2.200000000000003,299.0578918457031,343.09527587890625
1982,1982,100,67164,0.0012000000000000014,-2.200000000000003,223.9357147216797,338.7403564453125
1983,1983,100,67210,0.0012000000000000014,-2.200000000000003,860.9354248046875,381.4673156738281
1984,1984,100,67222,0.0012000000000000014,-2.200000000000003,826.75732421875,326.96600341796875
1985,1985,100,67264,0.0012000000000000014,-2.200000000000003,286.4910888671875,374.4776306152344
1986,1986,100,67293,0.0012000000000000014,-2.200000000000003,540.0115356445312,322.6439514160156
1987,1987,100,67339,0.0012000000000000014,-2.200000000000003,623.931884765625,358.2185974121094
1988,1988,100,67355,0.0012000000000000014,-2.200000000000003,595.34326171875,347.4836730957031
1989,1989,100,67375,0.0012000000000000014,-2.200000000000003,711.85107421875,357.3151550292969
1990,1990,100,67387,0.0012000000000000014,-2.200000000000003,506.66876220703125,369.7288818359375
1991,1991,100,67398,0.0012000000000000014,-2.200000000000003,465.98773193359375,354.2152404785156
1992,1992,100,67399,0.0012000000000000014,-2.200000000000003,624.979248046875,384.20416259765625
1993,1993,100,67433,0.0012000000000000014,-2.200000000000003,754.2434692382812,325.1566162109375
1994,1994,100,67471,0.0012000000000000014,-2.200000000000003,820.6023559570312,359.4697265625
1995,1995,100,67486,0.0012000000000000014,-2.200000000000003,354.3587951660156,405.7751770019531
1996,1996,100,67510,0.0012000000000000014,-2.200000000000003,573.695068359375,388.74407958984375
1997,1997,100,67552,0.0012000000000000014,-2.200000000000003,277.98516845703125,376.32684326171875
1998,1998,100,67576,0.0012000000000000014,-2.200000000000003,363.1402587890625,342.986083984375
1999,1999,100,67587,0.0012000000000000014,-2.200000000000003,779.441650390625,390.4643249511719
2000,2000,100,67629,0.0012000000000000014,-2.200000000000003,993.0223388671875,357.0220642089844
2001,2001,100,67669,0.0012000000000000014,0.0,365.9830322265625,329.0722961425781
2002,2002,100,67693,0.0012000000000000014,0.0,1484.6207275390625,351.91845703125
2003,2003,100,67705,0.0012000000000000014,0.0,399.3677673339844,375.55523681640625
2004,2004,-10,68205,0.0012000000000000014,0.0,2182.6005859375,380.8486328125
2005,2005,100,68258,0.0012000000000000014,0.0,538.1785888671875,337.01385498046875
2006,2006,100,68290,0.0012000000000000014,0.0,372.14630126953125,331.08489990234375
2007,2007,100,68302,0.0012000000000000014,0.0,441.788818359375,307.20123291015625
2008,2008,100,68315,0.0012000000000000014,0.0,569.4532470703125,332.63446044921875
2009,2009,100,68328,0.0012000000000000014,0.0,321.7118225097656,358.2291259765625
2010,2010,100,68367,0.0012000000000000014,0.0,576.8388671875,341.24932861328125
2011,2011,100,68386,0.0012000000000000014,0.0,296.760009765625,369.9212646484375
2012,2012,100,68404,0.0012000000000000014,0.0,780.9915771484375,368.3883972167969
2013,2013,100,68420,0.0012000000000000014,0.0,571.051025390625,316.6979675292969
2014,2014,100,68452,0.0012000000000000014,0.0,331.55462646484375,316.98260498046875
2015,2015,100,68464,0.0012000000000000014,0.0,762.6525268554688,346.8450927734375
2016,2016,100,68505,0.0012000000000000014,0.0,252.02667236328125,349.2593994140625
2017,2017,100,68515,0.0012000000000000014,0.0,308.0540771484375,345.7657470703125
2018,2018,100,68545,0.0012000000000000014,0.0,405.887451171875,347.1309814453125
2019,2019,100,68586,0.0012000000000000014,0.0,480.2535705566406,340.765380859375
2020,2020,100,68619,0.0012000000000000014,0.0,400.8878173828125,328.06805419921875
2021,2021,100,68646,0.0012000000000000014,0.0,394.46636962890625,369.9189453125
2022,2022,100,68676,0.0012000000000000014,0.0,275.160400390625,385.4034118652344
2023,2023,100,68686,0.0012000000000000014,0.0,255.01589965820312,345.38739013671875
2024,2024,100,68697,0.0012000000000000014,0.0,312.4945373535156,330.569091796875
2025,2025,100,68735,0.0012000000000000014,0.0,2242.4384765625,340.5577697753906
2026,2026,100,68766,0.0012000000000000014,0.0,531.4454345703125,359.1964111328125
2027,2027,100,68795,0.0012000000000000014,0.0,332.63629150390625,309.2769775390625
2028,2028,100,68815,0.0012000000000000014,0.0,307.3825988769531,362.9158020019531
2029,2029,100,68828,0.0012000000000000014,0.0,291.10772705078125,321.3114929199219
2030,2030,100,68932,0.0012000000000000014,0.0,500.6654968261719,374.5826416015625
2031,2031,100,68968,0.0012000000000000014,0.0,361.7044677734375,371.21868896484375
2032,2032,100,68994,0.0012000000000000014,0.0,1137.6531982421875,305.407958984375
2033,2033,-10,69032,0.0012000000000000014,0.0,288.13067626953125,379.37841796875
2034,2034,100,69050,0.0012000000000000014,0.0,733.9625244140625,359.6627502441406
2035,2035,100,69082,0.0012000000000000014,0.0,647.177978515625,270.88531494140625
2036,2036,100,69121,0.0012000000000000014,0.0,192.2052459716797,319.02410888671875
2037,2037,100,69139,0.0012000000000000014,0.0,907.8843383789062,362.57373046875
2038,2038,100,69179,0.0012000000000000014,0.0,190.98345947265625,357.8724060058594
2039,2039,100,69221,0.0012000000000000014,0.0,222.6038818359375,369.05682373046875
2040,2040,100,69252,0.0012000000000000014,0.0,761.007080078125,321.1435546875
2041,2041,100,69254,0.0012000000000000014,0.0,652.6524658203125,273.55206298828125
2042,2042,100,69262,0.0012000000000000014,0.0,448.97052001953125,366.7252197265625
2043,2043,100,69287,0.0012000000000000014,0.0,323.9935302734375,386.5982666015625
2044,2044,100,69291,0.0012000000000000014,0.0,2399.58203125,299.83551025390625
2045,2045,100,69322,0.0012000000000000014,0.0,2761.075927734375,313.1761169433594
2046,2046,100,69338,0.0012000000000000014,0.0,618.7493286132812,411.9844055175781
2047,2047,-10,69384,0.0012000000000000014,0.0,2606.44091796875,337.7064208984375
2048,2048,100,69401,0.0012000000000000014,0.0,741.5381469726562,321.750732421875
2049,2049,100,69439,0.0012000000000000014,0.0,325.1173095703125,383.4957275390625
2050,2050,100,69475,0.0012000000000000014,0.0,471.38079833984375,345.1184997558594
2051,2051,100,69516,0.003399999999999997,-4.3999999999999915,681.6940307617188,312.1419677734375
2052,2052,100,69529,0.003399999999999997,-4.3999999999999915,746.2294921875,401.55010986328125
2053,2053,-10,69570,0.003399999999999997,-4.3999999999999915,651.193115234375,324.53033447265625
2054,2054,100,69589,0.003399999999999997,-4.3999999999999915,590.0919189453125,338.5240173339844
2055,2055,100,69630,0.003399999999999997,-4.3999999999999915,431.9022216796875,376.63751220703125
2056,2056,100,69658,0.003399999999999997,-4.3999999999999915,749.7398071289062,348.99957275390625
2057,2057,100,69677,0.003399999999999997,-4.3999999999999915,583.1412353515625,332.06134033203125
2058,2058,100,69700,0.003399999999999997,-4.3999999999999915,3191.69287109375,306.9821472167969
2059,2059,100,69716,0.003399999999999997,-4.3999999999999915,1009.196044921875,372.0158996582031
2060,2060,100,69735,0.003399999999999997,-4.3999999999999915,263.96356201171875,354.70953369140625
2061,2061,100,69768,0.003399999999999997,-4.3999999999999915,340.0986328125,352.04803466796875
2062,2062,100,69807,0.003399999999999997,-4.3999999999999915,480.1609802246094,340.7130126953125
2063,2063,100,69839,0.003399999999999997,-4.3999999999999915,356.7077941894531,316.0743713378906
2064,2064,100,69865,0.003399999999999997,-4.3999999999999915,766.5333862304688,343.8462829589844
2065,2065,100,69887,0.003399999999999997,-4.3999999999999915,678.5814819335938,367.38018798828125
2066,2066,-10,69925,0.003399999999999997,-4.3999999999999915,1902.18798828125,310.8392639160156
2067,2067,100,69945,0.003399999999999997,-4.3999999999999915,313.2069091796875,306.94720458984375
2068,2068,100,69961,0.003399999999999997,-4.3999999999999915,261.47027587890625,382.8226013183594
2069,2069,100,69981,0.003399999999999997,-4.3999999999999915,395.1579284667969,354.84527587890625
2070,2070,100,69982,0.003399999999999997,-4.3999999999999915,551.583251953125,347.8846740722656
2071,2071,100,70025,0.003399999999999997,-4.3999999999999915,460.7410583496094,334.8499450683594
2072,2072,100,70077,0.003399999999999997,-4.3999999999999915,396.0376892089844,358.2462158203125
2073,2073,100,70100,0.003399999999999997,-4.3999999999999915,594.5900268554688,361.75787353515625
2074,2074,100,70132,0.003399999999999997,-4.3999999999999915,426.26983642578125,269.0538024902344
2075,2075,100,70152,0.003399999999999997,-4.3999999999999915,288.1500244140625,360.01458740234375
2076,2076,100,70195,0.003399999999999997,-4.3999999999999915,552.819091796875,348.20977783203125
2077,2077,100,70228,0.003399999999999997,-4.3999999999999915,309.33978271484375,323.6805419921875
2078,2078,100,70245,0.003399999999999997,-4.3999999999999915,337.0153503417969,318.1975402832031
2079,2079,100,70287,0.003399999999999997,-4.3999999999999915,432.0262451171875,308.6511535644531
2080,2080,100,70315,0.003399999999999997,-4.3999999999999915,277.78033447265625,346.66754150390625
2081,2081,100,70335,0.003399999999999997,-4.3999999999999915,288.9292297363281,347.5030517578125
2082,2082,100,70356,0.003399999999999997,-4.3999999999999915,962.9473876953125,311.25714111328125
2083,2083,100,70373,0.003399999999999997,-4.3999999999999915,543.0751953125,337.4792785644531
2084,2084,100,70406,0.003399999999999997,-4.3999999999999915,614.3480224609375,339.3740234375
2085,2085,100,70428,0.003399999999999997,-4.3999999999999915,296.2438049316406,271.8504943847656
2086,2086,100,70462,0.003399999999999997,-4.3999999999999915,920.2906494140625,301.33026123046875
2087,2087,100,70483,0.003399999999999997,-4.3999999999999915,1745.1875,325.6689758300781
2088,2088,100,70527,0.003399999999999997,-4.3999999999999915,345.32916259765625,349.8703918457031
2089,2089,100,70537,0.003399999999999997,-4.3999999999999915,1178.0751953125,322.6654052734375
2090,2090,100,70552,0.003399999999999997,-4.3999999999999915,476.3559875488281,320.193359375
2091,2091,100,70577,0.003399999999999997,-4.3999999999999915,382.30120849609375,326.15863037109375
2092,2092,100,70619,0.003399999999999997,-4.3999999999999915,697.3834228515625,398.3053894042969
2093,2093,100,70646,0.003399999999999997,-4.3999999999999915,586.738525390625,365.9390869140625
2094,2094,100,70671,0.003399999999999997,-4.3999999999999915,568.6796875,343.623046875
2095,2095,100,70698,0.003399999999999997,-4.3999999999999915,328.7342529296875,357.52520751953125
2096,2096,100,70719,0.003399999999999997,-4.3999999999999915,2246.853271484375,339.36834716796875
2097,2097,100,70755,0.003399999999999997,-4.3999999999999915,973.0498657226562,373.6271667480469
2098,2098,100,70797,0.003399999999999997,-4.3999999999999915,275.1839599609375,342.22198486328125
2099,2099,100,70798,0.003399999999999997,-4.3999999999999915,399.90545654296875,320.939453125
2100,2100,100,71054,0.003399999999999997,-4.3999999999999915,745.3914184570312,371.6144104003906
2101,2101,100,71071,0.0023000000000000026,2.1999999999999886,457.7785339355469,338.42431640625
2102,2102,100,71094,0.0023000000000000026,2.1999999999999886,399.50469970703125,325.0520324707031
2103,2103,100,71172,0.0023000000000000026,2.1999999999999886,491.4200744628906,343.89459228515625
2104,2104,100,71215,0.0023000000000000026,2.1999999999999886,532.7705078125,287.1405944824219
2105,2105,100,71225,0.0023000000000000026,2.1999999999999886,546.3424072265625,388.8590087890625
2106,2106,100,71238,0.0023000000000000026,2.1999999999999886,1405.325439453125,351.53765869140625
2107,2107,100,71253,0.0023000000000000026,2.1999999999999886,608.3323364257812,297.8444519042969
2108,2108,100,71298,0.0023000000000000026,2.1999999999999886,305.7650146484375,346.42510986328125
2109,2109,100,71341,0.0023000000000000026,2.1999999999999886,228.43438720703125,354.68463134765625
2110,2110,100,71371,0.0023000000000000026,2.1999999999999886,282.6021423339844,303.86907958984375
2111,2111,100,71397,0.0023000000000000026,2.1999999999999886,259.40594482421875,320.79986572265625
2112,2112,100,71426,0.0023000000000000026,2.1999999999999886,465.11126708984375,344.9288024902344
2113,2113,100,71462,0.0023000000000000026,2.1999999999999886,3030.310546875,358.51898193359375
2114,2114,100,71495,0.0023000000000000026,2.1999999999999886,479.9494323730469,344.277587890625
2115,2115,100,71525,0.0023000000000000026,2.1999999999999886,617.80029296875,318.92437744140625
2116,2116,100,71554,0.0023000000000000026,2.1999999999999886,720.7777709960938,327.73822021484375
2117,2117,100,71594,0.0023000000000000026,2.1999999999999886,804.9918212890625,354.64788818359375
2118,2118,100,71629,0.0023000000000000026,2.1999999999999886,638.3097534179688,268.85528564453125
2119,2119,100,71667,0.0023000000000000026,2.1999999999999886,516.8880004882812,364.7692565917969
2120,2120,100,71695,0.0023000000000000026,2.1999999999999886,302.9454345703125,352.9991149902344
2121,2121,-10,71731,0.0023000000000000026,2.1999999999999886,330.2409362792969,307.4250793457031
2122,2122,100,71746,0.0023000000000000026,2.1999999999999886,504.281005859375,318.747314453125
2123,2123,100,71747,0.0023000000000000026,2.1999999999999886,440.9169006347656,346.10723876953125
2124,2124,100,71779,0.0023000000000000026,2.1999999999999886,645.4356689453125,306.6590576171875
2125,2125,100,71821,0.0023000000000000026,2.1999999999999886,332.5848388671875,321.8292236328125
2126,2126,100,71867,0.0023000000000000026,2.1999999999999886,299.851806640625,346.0714111328125
2127,2127,100,71891,0.0023000000000000026,2.1999999999999886,970.5501098632812,397.6693115234375
2128,2128,100,71926,0.0023000000000000026,2.1999999999999886,904.4027099609375,352.62640380859375
2129,2129,100,71948,0.0023000000000000026,2.1999999999999886,406.40667724609375,369.8239440917969
2130,2130,100,71991,0.0023000000000000026,2.1999999999999886,420.2079772949219,377.4739990234375
2131,2131,100,72019,0.0023000000000000026,2.1999999999999886,3020.93994140625,355.6427001953125
2132,2132,100,72057,0.0023000000000000026,2.1999999999999886,230.95660400390625,327.36175537109375
2133,2133,100,72074,0.0023000000000000026,2.1999999999999886,257.0723876953125,300.74951171875
2134,2134,100,72087,0.0023000000000000026,2.1999999999999886,374.3853759765625,318.094970703125
2135,2135,100,72092,0.0023000000000000026,2.1999999999999886,787.56103515625,366.82708740234375
2136,2136,100,72113,0.0023000000000000026,2.1999999999999886,414.06536865234375,322.211181640625
2137,2137,100,72137,0.0023000000000000026,2.1999999999999886,935.7452392578125,322.87677001953125
2138,2138,100,72155,0.0023000000000000026,2.1999999999999886,440.8377380371094,324.97802734375
2139,2139,100,72190,0.0023000000000000026,2.1999999999999886,279.0411376953125,389.93780517578125
2140,2140,100,72227,0.0023000000000000026,2.1999999999999886,233.31381225585938,337.0579833984375
2141,2141,100,72247,0.0023000000000000026,2.1999999999999886,539.2699584960938,322.21136474609375
2142,2142,100,72290,0.0023000000000000026,2.1999999999999886,361.46087646484375,323.31597900390625
2143,2143,100,72325,0.0023000000000000026,2.1999999999999886,394.4527587890625,310.41839599609375
2144,2144,100,72355,0.0023000000000000026,2.1999999999999886,389.2633056640625,306.4580383300781
2145,2145,100,72368,0.0023000000000000026,2.1999999999999886,525.74853515625,321.0068054199219
2146,2146,100,72393,0.0023000000000000026,2.1999999999999886,306.57489013671875,331.46051025390625
2147,2147,100,72430,0.0023000000000000026,2.1999999999999886,495.5993957519531,350.2406311035156
2148,2148,100,72450,0.0023000000000000026,2.1999999999999886,300.57171630859375,345.19488525390625
2149,2149,100,72487,0.0023000000000000026,2.1999999999999886,311.5216979980469,350.5
2150,2150,100,72498,0.0023000000000000026,2.1999999999999886,343.554931640625,338.42083740234375
2151,2151,100,72519,0.0012000000000000012,2.200000000000003,1343.561279296875,372.81231689453125
2152,2152,100,72559,0.0012000000000000012,2.200000000000003,340.5015869140625,347.6305236816406
2153,2153,100,72599,0.0012000000000000012,2.200000000000003,615.19140625,356.18756103515625
2154,2154,100,72615,0.0012000000000000012,2.200000000000003,550.2056274414062,311.9900207519531
2155,2155,100,72659,0.0012000000000000012,2.200000000000003,2942.44580078125,321.1872863769531
2156,2156,100,72682,0.0012000000000000012,2.200000000000003,806.515625,350.77899169921875
2157,2157,100,72713,0.0012000000000000012,2.200000000000003,434.28778076171875,350.6496276855469
2158,2158,100,72733,0.0012000000000000012,2.200000000000003,420.26763916015625,335.62664794921875
2159,2159,100,72761,0.0012000000000000012,2.200000000000003,438.8310546875,303.25177001953125
2160,2160,100,72794,0.0012000000000000012,2.200000000000003,426.62744140625,342.1785888671875
2161,2161,100,72831,0.0012000000000000012,2.200000000000003,413.73529052734375,314.44390869140625
2162,2162,100,72872,0.0012000000000000012,2.200000000000003,568.2599487304688,306.8252258300781
2163,2163,100,72889,0.0012000000000000012,2.200000000000003,683.3108520507812,313.8355712890625
2164,2164,100,72916,0.0012000000000000012,2.200000000000003,304.9877014160156,385.8603515625
2165,2165,100,72931,0.0012000000000000012,2.200000000000003,412.88385009765625,363.36474609375
2166,2166,100,72958,0.0012000000000000012,2.200000000000003,273.8338317871094,363.77410888671875
2167,2167,100,72976,0.0012000000000000012,2.200000000000003,645.0433959960938,373.528564453125
2168,2168,100,72982,0.0012000000000000012,2.200000000000003,386.1033020019531,310.488525390625
2169,2169,100,72986,0.0012000000000000012,2.200000000000003,590.5245361328125,339.6739501953125
2170,2170,-10,73025,0.0012000000000000012,2.200000000000003,845.4103393554688,299.8180236816406
2171,2171,100,73054,0.0012000000000000012,2.200000000000003,615.346435546875,311.0594787597656
2172,2172,100,73072,0.0012000000000000012,2.200000000000003,292.956787109375,363.82305908203125
2173,2173,100,73099,0.0012000000000000012,2.200000000000003,1102.142578125,311.7987365722656
2174,2174,100,73129,0.0012000000000000012,2.200000000000003,301.842041015625,318.8009033203125
2175,2175,100,73172,0.0012000000000000012,2.200000000000003,253.73297119140625,331.2405090332031
2176,2176,100,73188,0.0012000000000000012,2.200000000000003,945.1971435546875,345.029541015625
2177,2177,100,73216,0.0012000000000000012,2.200000000000003,601.0480346679688,379.9164123535156
2178,2178,100,73245,0.0012000000000000012,2.200000000000003,328.5050048828125,326.1966552734375
2179,2179,100,73273,0.0012000000000000012,2.200000000000003,257.3082275390625,346.99700927734375
2180,2180,100,73295,0.0012000000000000012,2.200000000000003,271.9211730957031,315.63800048828125
2181,2181,100,73330,0.0012000000000000012,2.200000000000003,819.977294921875,324.76385498046875
2182,2182,100,73361,0.0012000000000000012,2.200000000000003,600.5648193359375,306.7051086425781
2183,2183,100,73364,0.0012000000000000012,2.200000000000003,829.331787109375,333.6595458984375
2184,2184,100,73399,0.0012000000000000012,2.200000000000003,354.72552490234375,355.54718017578125
2185,2185,100,73427,0.0012000000000000012,2.200000000000003,241.57794189453125,308.8514709472656
2186,2186,100,73460,0.0012000000000000012,2.200000000000003,1367.0745849609375,371.865478515625
2187,2187,100,73493,0.0012000000000000012,2.200000000000003,362.07562255859375,337.0376892089844
2188,2188,100,73516,0.0012000000000000012,2.200000000000003,218.06497192382812,323.1933898925781
2189,2189,100,73528,0.0012000000000000012,2.200000000000003,324.8739013671875,310.6175537109375
2190,2190,100,73545,0.0012000000000000012,2.200000000000003,502.62640380859375,335.8550109863281
2191,2191,100,73569,0.0012000000000000012,2.200000000000003,281.52166748046875,327.30133056640625
2192,2192,100,73604,0.0012000000000000012,2.200000000000003,392.1194152832031,260.4855651855469
2193,2193,100,73610,0.0012000000000000012,2.200000000000003,574.364013671875,285.6210632324219
2194,2194,100,73639,0.0012000000000000012,2.200000000000003,450.8643798828125,331.23858642578125
2195,2195,100,73677,0.0012000000000000012,2.200000000000003,576.097900390625,338.75115966796875
2196,2196,100,73718,0.0012000000000000012,2.200000000000003,474.405517578125,328.0205078125
2197,2197,100,73754,0.0012000000000000012,2.200000000000003,396.88140869140625,310.8653259277344
2198,2198,100,73783,0.0012000000000000012,2.200000000000003,322.8453369140625,321.96441650390625
2199,2199,100,73798,0.0012000000000000012,2.200000000000003,2462.3154296875,386.08343505859375
2200,2200,100,73838,0.0012000000000000012,2.200000000000003,1467.837890625,282.67608642578125
2201,2201,100,73865,0.0012000000000000012,0.0,830.6844482421875,271.2979736328125
2202,2202,100,73893,0.0012000000000000012,0.0,640.7252197265625,326.66827392578125
2203,2203,100,73914,0.0012000000000000012,0.0,813.285888671875,314.72967529296875
2204,2204,100,73942,0.0012000000000000012,0.0,310.33807373046875,343.30133056640625
2205,2205,100,73971,0.0012000000000000012,0.0,666.4395141601562,335.03387451171875
2206,2206,100,73995,0.0012000000000000012,0.0,1175.5504150390625,362.58074951171875
2207,2207,100,74015,0.0012000000000000012,0.0,1390.852783203125,304.201416015625
2208,2208,100,74036,0.0012000000000000012,0.0,1439.2913818359375,381.9880676269531
2209,2209,100,74059,0.0012000000000000012,0.0,308.6823425292969,314.98431396484375
2210,2210,100,74075,0.0012000000000000012,0.0,271.66876220703125,364.0968017578125
2211,2211,100,74085,0.0012000000000000012,0.0,1118.92578125,309.3716735839844
2212,2212,100,74110,0.0012000000000000012,0.0,510.1824035644531,302.83282470703125
2213,2213,100,74131,0.0012000000000000012,0.0,329.4936218261719,373.477783203125
2214,2214,100,74157,0.0012000000000000012,0.0,438.6182861328125,309.558349609375
2215,2215,-10,74194,0.0012000000000000012,0.0,361.5565185546875,341.8780822753906
2216,2216,100,74222,0.0012000000000000012,0.0,564.3575439453125,321.38946533203125
2217,2217,100,74246,0.0012000000000000012,0.0,2665.4873046875,344.62939453125
2218,2218,100,74265,0.0012000000000000012,0.0,468.0179443359375,319.1507263183594
2219,2219,100,74297,0.0012000000000000012,0.0,250.7794952392578,340.35809326171875
2220,2220,100,74330,0.0012000000000000012,0.0,537.5614013671875,314.28753662109375
2221,2221,100,74350,0.0012000000000000012,0.0,1948.7763671875,370.72442626953125
2222,2222,100,74389,0.0012000000000000012,0.0,2586.306884765625,313.22564697265625
2223,2223,100,74416,0.0012000000000000012,0.0,335.66192626953125,366.7659912109375
2224,2224,100,74447,0.0012000000000000012,0.0,326.6111755371094,367.01202392578125
2225,2225,100,74474,0.0012000000000000012,0.0,357.2332763671875,341.9921875
2226,2226,100,74514,0.0012000000000000012,0.0,1552.97314453125,306.7784423828125
2227,2227,100,74515,0.0012000000000000012,0.0,433.8790283203125,355.7707824707031
2228,2228,100,74543,0.0012000000000000012,0.0,680.0596923828125,304.78485107421875
2229,2229,100,74580,0.0012000000000000012,0.0,2060.624755859375,318.0103759765625
2230,2230,100,74602,0.0012000000000000012,0.0,583.0513916015625,338.96063232421875
2231,2231,100,74625,0.0012000000000000012,0.0,386.09783935546875,272.1936340332031
2232,2232,100,74663,0.0012000000000000012,0.0,235.0155792236328,333.281494140625
2233,2233,100,74679,0.0012000000000000012,0.0,459.43060302734375,339.253662109375
2234,2234,100,74716,0.0012000000000000012,0.0,2080.20556640625,322.804443359375
2235,2235,100,74741,0.0012000000000000012,0.0,295.1195068359375,336.64984130859375
2236,2236,100,74759,0.0012000000000000012,0.0,375.45037841796875,291.03765869140625
2237,2237,100,74781,0.0012000000000000012,0.0,458.1636962890625,322.9371643066406
2238,2238,100,74790,0.0012000000000000012,0.0,616.81640625,346.33251953125
2239,2239,100,74827,0.0012000000000000012,0.0,551.2449951171875,408.9763488769531
2240,2240,100,74828,0.0012000000000000012,0.0,767.93408203125,347.1009826660156
2241,2241,100,74858,0.0012000000000000012,0.0,1994.100341796875,331.45758056640625
2242,2242,100,74892,0.0012000000000000012,0.0,1054.244384765625,383.1719970703125
2243,2243,100,74918,0.0012000000000000012,0.0,356.5121154785156,299.4029541015625
2244,2244,100,74947,0.0012000000000000012,0.0,306.0702819824219,303.1524658203125
2245,2245,100,74965,0.0012000000000000012,0.0,382.7841796875,291.4030456542969
2246,2246,100,75006,0.0012000000000000012,0.0,357.36676025390625,340.67498779296875
2247,2247,100,75035,0.0012000000000000012,0.0,359.8485412597656,417.61663818359375
2248,2248,100,75066,0.0012000000000000012,0.0,1866.277587890625,338.84918212890625
2249,2249,100,75072,0.0012000000000000012,0.0,304.5306396484375,317.823974609375
2250,2250,100,75109,0.0012000000000000012,0.0,550.95068359375,329.5960693359375
2251,2251,100,75129,0.0012000000000000012,0.0,465.43310546875,318.761474609375
2252,2252,100,75160,0.0012000000000000012,0.0,617.52392578125,353.04437255859375
2253,2253,100,75164,0.0012000000000000012,0.0,728.873779296875,338.8656921386719
2254,2254,100,75203,0.0012000000000000012,0.0,352.107666015625,308.28369140625
2255,2255,100,75204,0.0012000000000000012,0.0,319.603759765625,309.52520751953125
2256,2256,100,75213,0.0012000000000000012,0.0,225.05450439453125,362.67059326171875
2257,2257,100,75233,0.0012000000000000012,0.0,817.34765625,277.98565673828125
2258,2258,100,75257,0.0012000000000000012,0.0,275.70513916015625,310.9351806640625
2259,2259,100,75280,0.0012000000000000012,0.0,904.9408569335938,245.1623992919922
2260,2260,100,75301,0.0012000000000000012,0.0,2375.4482421875,318.0284423828125
2261,2261,100,75324,0.0012000000000000012,0.0,442.4914245605469,316.8856506347656
2262,2262,100,75343,0.0012000000000000012,0.0,317.1048278808594,341.3231201171875
2263,2263,100,75347,0.0012000000000000012,0.0,689.1857299804688,295.99432373046875
2264,2264,100,75361,0.0012000000000000012,0.0,253.93870544433594,356.0635070800781
2265,2265,100,75398,0.0012000000000000012,0.0,868.7706909179688,391.37408447265625
2266,2266,100,75439,0.0012000000000000012,0.0,468.91522216796875,297.18701171875
2267,2267,100,75477,0.0012000000000000012,0.0,1049.9700927734375,298.7698974609375
2268,2268,100,75504,0.0012000000000000012,0.0,663.4908447265625,289.1539306640625
2269,2269,100,75529,0.0012000000000000012,0.0,2521.27587890625,283.10833740234375
2270,2270,100,75552,0.0012000000000000012,0.0,311.91949462890625,294.3367614746094
2271,2271,100,75580,0.0012000000000000012,0.0,408.9230041503906,288.72088623046875
2272,2272,100,75598,0.0012000000000000012,0.0,290.8577880859375,324.38201904296875
2273,2273,100,75631,0.0012000000000000012,0.0,766.3643798828125,313.045654296875
2274,2274,100,75671,0.0012000000000000012,0.0,238.5435791015625,315.0878601074219
2275,2275,100,75701,0.0012000000000000012,0.0,676.3082275390625,341.1890869140625
2276,2276,100,75735,0.0012000000000000012,0.0,2512.51025390625,344.3126220703125
2277,2277,100,75753,0.0012000000000000012,0.0,268.30059814453125,340.9167175292969
2278,2278,100,75769,0.0012000000000000012,0.0,299.2286376953125,320.39031982421875
2279,2279,100,75786,0.0012000000000000012,0.0,275.9571533203125,287.8878173828125
2280,2280,100,75796,0.0012000000000000012,0.0,5067.107421875,352.5094299316406
2281,2281,100,75832,0.0012000000000000012,0.0,833.201171875,301.4162902832031
2282,2282,100,75865,0.0012000000000000012,0.0,409.9389953613281,381.57330322265625
2283,2283,100,75885,0.0012000000000000012,0.0,634.807373046875,297.3860168457031
2284,2284,100,75920,0.0012000000000000012,0.0,353.1101989746094,379.4177551269531
2285,2285,100,75946,0.0012000000000000012,0.0,620.3961181640625,356.8336486816406
2286,2286,100,75986,0.0012000000000000012,0.0,2071.666015625,349.42645263671875
2287,2287,100,76012,0.0012000000000000012,0.0,1270.96484375,337.6298828125
2288,2288,100,76045,0.0012000000000000012,0.0,841.231201171875,284.7203369140625
2289,2289,100,76075,0.0012000000000000012,0.0,329.4422607421875,325.1568298339844
2290,2290,100,76085,0.0012000000000000012,0.0,293.7825622558594,308.2807312011719
2291,2291,100,76094,0.0012000000000000012,0.0,305.2993469238281,301.9613952636719
2292,2292,100,76110,0.0012000000000000012,0.0,388.84478759765625,316.8848876953125
2293,2293,100,76134,0.0012000000000000012,0.0,5244.3203125,362.1478576660156
2294,2294,100,76168,0.0012000000000000012,0.0,313.4381103515625,334.8048400878906
2295,2295,100,76199,0.0012000000000000012,0.0,403.5943603515625,346.0176086425781
2296,2296,100,76225,0.0012000000000000012,0.0,338.10064697265625,264.9282531738281
2297,2297,100,76226,0.0012000000000000012,0.0,442.9411315917969,309.93310546875
2298,2298,100,76250,0.0012000000000000012,0.0,562.8018798828125,370.3924560546875
2299,2299,100,76279,0.0012000000000000012,0.0,325.6431884765625,314.01300048828125
2300,2300,100,76307,0.0012000000000000012,0.0,301.3482971191406,310.53680419921875
2301,2301,100,76323,0.0001,2.200000000000003,433.40484619140625,333.700439453125
2302,2302,100,76357,0.0001,2.200000000000003,432.1216125488281,324.3128356933594
2303,2303,100,76380,0.0001,2.200000000000003,306.96673583984375,306.435791015625
2304,2304,100,76418,0.0001,2.200000000000003,626.3507080078125,307.1446533203125
2305,2305,100,76445,0.0001,2.200000000000003,437.11419677734375,336.71343994140625
2306,2306,100,76480,0.0001,2.200000000000003,1040.809814453125,391.515869140625
2307,2307,100,76512,0.0001,2.200000000000003,284.8194885253906,311.50396728515625
2308,2308,100,76553,0.0001,2.200000000000003,3519.4990234375,299.38421630859375
2309,2309,100,76574,0.0001,2.200000000000003,3118.65380859375,335.331787109375
2310,2310,100,76590,0.0001,2.200000000000003,920.1136474609375,287.6283264160156
2311,2311,100,76624,0.0001,2.200000000000003,437.42828369140625,398.19207763671875
2312,2312,100,76631,0.0001,2.200000000000003,515.7449951171875,318.86004638671875
2313,2313,100,76649,0.0001,2.200000000000003,362.96881103515625,315.0838623046875
2314,2314,100,76677,0.0001,2.200000000000003,437.1466979980469,298.1778259277344
2315,2315,100,76699,0.0001,2.200000000000003,2301.669677734375,303.28656005859375
2316,2316,100,76740,0.0001,2.200000000000003,311.5146484375,295.98211669921875
2317,2317,100,76766,0.0001,2.200000000000003,1618.9254150390625,296.763427734375
2318,2318,100,76790,0.0001,2.200000000000003,653.0533447265625,286.07763671875
2319,2319,100,76810,0.0001,2.200000000000003,306.54754638671875,274.7860107421875
2320,2320,100,76816,0.0001,2.200000000000003,524.95361328125,332.660888671875
2321,2321,100,76856,0.0001,2.200000000000003,866.956298828125,267.6732177734375
2322,2322,100,76881,0.0001,2.200000000000003,7396.0703125,304.8646240234375
2323,2323,100,76925,0.0001,2.200000000000003,487.6373596191406,332.90777587890625
2324,2324,100,76964,0.0001,2.200000000000003,277.2677917480469,318.3052673339844
2325,2325,100,76999,0.0001,2.200000000000003,1025.686279296875,307.16204833984375
2326,2326,100,77008,0.0001,2.200000000000003,634.380126953125,263.8903503417969
2327,2327,100,77049,0.0001,2.200000000000003,603.91748046875,323.13165283203125
2328,2328,100,77067,0.0001,2.200000000000003,263.40130615234375,365.50689697265625
2329,2329,100,77098,0.0001,2.200000000000003,374.9649963378906,339.6081848144531
2330,2330,100,77136,0.0001,2.200000000000003,367.86431884765625,373.8770446777344
2331,2331,100,77160,0.0001,2.200000000000003,327.4208068847656,324.34478759765625
2332,2332,100,77186,0.0001,2.200000000000003,697.095458984375,314.06182861328125
2333,2333,100,77205,0.0001,2.200000000000003,265.1798400878906,307.63531494140625
2334,2334,100,77243,0.0001,2.200000000000003,679.0341796875,317.796875
2335,2335,100,77244,0.0001,2.200000000000003,508.07574462890625,294.8774719238281
2336,2336,100,77260,0.0001,2.200000000000003,883.416259765625,300.2130126953125
2337,2337,100,77273,0.0001,2.200000000000003,573.030517578125,346.329833984375
2338,2338,100,77306,0.0001,2.200000000000003,400.9483947753906,292.0458984375
2339,2339,100,77319,0.0001,2.200000000000003,151.03268432617188,310.7571716308594
2340,2340,100,77346,0.0001,2.200000000000003,348.3814697265625,312.04754638671875
2341,2341,100,77352,0.0001,2.200000000000003,329.88885498046875,348.79315185546875
2342,2342,100,77379,0.0001,2.200000000000003,226.7303466796875,305.2708435058594
2343,2343,100,77404,0.0001,2.200000000000003,543.35107421875,293.34619140625
2344,2344,100,77437,0.0001,2.200000000000003,548.2323608398438,309.9045715332031
2345,2345,100,77463,0.0001,2.200000000000003,1584.88330078125,379.91461181640625
2346,2346,100,77489,0.0001,2.200000000000003,780.5580444335938,312.49005126953125
2347,2347,100,77532,0.0001,2.200000000000003,410.8936767578125,315.2022705078125
2348,2348,100,77571,0.0001,2.200000000000003,323.1860656738281,302.6501770019531
2349,2349,100,77592,0.0001,2.200000000000003,203.6951141357422,316.781982421875
2350,2350,100,77635,0.0001,2.200000000000003,650.7982177734375,287.21630859375
2351,2351,100,77666,0.0001,0.0,514.23974609375,305.3798828125
2352,2352,100,77689,0.0001,0.0,364.1607360839844,325.10418701171875
2353,2353,100,77732,0.0001,0.0,418.9263916015625,272.2290344238281
2354,2354,100,77773,0.0001,0.0,345.14715576171875,305.0587158203125
2355,2355,100,77815,0.0001,0.0,269.809814453125,343.503173828125
2356,2356,100,77832,0.0001,0.0,296.45947265625,304.84765625
2357,2357,100,77848,0.0001,0.0,522.6175537109375,303.9613952636719
2358,2358,-10,77884,0.0001,0.0,415.5711669921875,344.5357666015625
2359,2359,100,77919,0.0001,0.0,420.75177001953125,322.4697570800781
2360,2360,100,77961,0.0001,0.0,250.47015380859375,326.426025390625
2361,2361,100,77985,0.0001,0.0,620.104248046875,322.3397216796875
2362,2362,100,78020,0.0001,0.0,339.0543212890625,299.14605712890625
2363,2363,100,78032,0.0001,0.0,275.5932922363281,287.03955078125
2364,2364,100,78071,0.0001,0.0,379.6644592285156,358.2607421875
2365,2365,100,78115,0.0001,0.0,257.1287841796875,335.5169677734375
2366,2366,100,78145,0.0001,0.0,367.4361572265625,348.42205810546875
2367,2367,100,78164,0.0001,0.0,330.1365966796875,272.6610107421875
2368,2368,100,78206,0.0001,0.0,440.45013427734375,344.4625549316406
2369,2369,100,78220,0.0001,0.0,325.27227783203125,336.32720947265625
2370,2370,100,78249,0.0001,0.0,459.78228759765625,327.5218505859375
2371,2371,100,78288,0.0001,0.0,370.0484619140625,342.27862548828125
2372,2372,100,78303,0.0001,0.0,2343.5244140625,370.003173828125
2373,2373,100,78342,0.0001,0.0,678.090576171875,308.6212158203125
2374,2374,100,78367,0.0001,0.0,381.73193359375,347.32952880859375
2375,2375,100,78410,0.0001,0.0,1959.23388671875,299.3433532714844
2376,2376,100,78424,0.0001,0.0,266.4609375,302.83770751953125
2377,2377,100,78448,0.0001,0.0,277.19415283203125,310.1653137207031
2378,2378,100,78476,0.0001,0.0,398.1675109863281,341.4097900390625
2379,2379,100,78490,0.0001,0.0,385.7059326171875,344.04632568359375
2380,2380,100,78511,0.0001,0.0,1191.31884765625,297.3970947265625
2381,2381,100,78525,0.0001,0.0,504.4743957519531,282.91607666015625
2382,2382,100,78550,0.0001,0.0,530.3930053710938,328.9580993652344
2383,2383,100,78577,0.0001,0.0,453.5552673339844,349.404052734375
2384,2384,100,78590,0.0001,0.0,375.5378112792969,332.1780090332031
2385,2385,100,78626,0.0001,0.0,507.01336669921875,296.33367919921875
2386,2386,100,78648,0.0001,0.0,569.662841796875,298.8144226074219
2387,2387,100,78677,0.0001,0.0,569.8936157226562,288.8829345703125
2388,2388,100,78683,0.0001,0.0,865.974609375,297.534423828125
2389,2389,100,78715,0.0001,0.0,289.1769714355469,309.7368469238281
2390,2390,100,78754,0.0001,0.0,994.368408203125,305.00762939453125
2391,2391,100,78773,0.0001,0.0,254.60531616210938,292.01226806640625
2392,2392,100,78790,0.0001,0.0,348.7789001464844,361.4936218261719
2393,2393,100,78825,0.0001,0.0,199.81675720214844,322.96124267578125
2394,2394,100,78846,0.0001,0.0,442.0869140625,287.01953125
2395,2395,100,78875,0.0001,0.0,474.6873474121094,328.3497619628906
2396,2396,100,78896,0.0001,0.0,463.35888671875,329.2588806152344
2397,2397,100,78928,0.0001,0.0,367.0675964355469,329.3427734375
2398,2398,100,78965,0.0001,0.0,782.5123901367188,322.0948791503906
2399,2399,100,78984,0.0001,0.0,386.25482177734375,340.0050354003906
2400,2400,100,79008,0.0001,0.0,298.688232421875,368.5453186035156
2401,2401,100,79046,0.0012000000000000014,-2.200000000000003,348.86895751953125,319.3766784667969
2402,2402,100,79065,0.0012000000000000014,-2.200000000000003,326.4737548828125,317.5516357421875
2403,2403,100,79086,0.0012000000000000014,-2.200000000000003,1035.9735107421875,304.2733154296875
2404,2404,100,79117,0.0012000000000000014,-2.200000000000003,349.8587341308594,367.08038330078125
2405,2405,100,79143,0.0012000000000000014,-2.200000000000003,426.6816101074219,239.606689453125
2406,2406,100,79170,0.0012000000000000014,-2.200000000000003,974.9888916015625,339.1997985839844
2407,2407,100,79198,0.0012000000000000014,-2.200000000000003,432.8704833984375,308.3072814941406
2408,2408,100,79236,0.0012000000000000014,-2.200000000000003,1112.296875,311.8069763183594
2409,2409,100,79247,0.0012000000000000014,-2.200000000000003,344.0162658691406,329.3470458984375
2410,2410,100,79283,0.0012000000000000014,-2.200000000000003,613.7006225585938,363.945556640625
2411,2411,100,79315,0.0012000000000000014,-2.200000000000003,389.8968200683594,348.8294982910156
2412,2412,100,79324,0.0012000000000000014,-2.200000000000003,1663.488525390625,337.28521728515625
2413,2413,100,79330,0.0012000000000000014,-2.200000000000003,286.9933166503906,322.68292236328125
2414,2414,100,79331,0.0012000000000000014,-2.200000000000003,375.14056396484375,358.6734619140625
2415,2415,100,79340,0.0012000000000000014,-2.200000000000003,313.1878662109375,336.22723388671875
2416,2416,100,79354,0.0012000000000000014,-2.200000000000003,2957.47705078125,277.7409362792969
2417,2417,100,79390,0.0012000000000000014,-2.200000000000003,1469.171630859375,255.35348510742188
2418,2418,100,79431,0.0012000000000000014,-2.200000000000003,371.76617431640625,313.961669921875
2419,2419,100,79474,0.0012000000000000014,-2.200000000000003,454.963623046875,303.082275390625
2420,2420,100,79502,0.0012000000000000014,-2.200000000000003,463.3279724121094,316.9339599609375
2421,2421,100,79526,0.0012000000000000014,-2.200000000000003,1863.823974609375,293.34954833984375
2422,2422,100,79567,0.0012000000000000014,-2.200000000000003,468.3001708984375,262.911865234375
2423,2423,100,79595,0.0012000000000000014,-2.200000000000003,335.39898681640625,316.57769775390625
2424,2424,100,79615,0.0012000000000000014,-2.200000000000003,331.58575439453125,298.46746826171875
2425,2425,100,79634,0.0012000000000000014,-2.200000000000003,437.1329345703125,263.2113037109375
2426,2426,100,79662,0.0012000000000000014,-2.200000000000003,815.4010009765625,249.79856872558594
2427,2427,100,79672,0.0012000000000000014,-2.200000000000003,285.527587890625,300.7684326171875
2428,2428,100,79705,0.0012000000000000014,-2.200000000000003,503.8378601074219,360.0968017578125
2429,2429,100,79714,0.0012000000000000014,-2.200000000000003,3040.38525390625,361.7040710449219
2430,2430,100,79735,0.0012000000000000014,-2.200000000000003,350.7640075683594,308.0815124511719
2431,2431,100,79746,0.0012000000000000014,-2.200000000000003,335.7598876953125,268.9226989746094
2432,2432,100,79768,0.0012000000000000014,-2.200000000000003,1291.431884765625,308.6494445800781
2433,2433,100,79813,0.0012000000000000014,-2.200000000000003,426.27099609375,283.7678527832031
2434,2434,100,79815,0.0012000000000000014,-2.200000000000003,2306.5732421875,281.47576904296875
2435,2435,100,79824,0.0012000000000000014,-2.200000000000003,855.8072509765625,313.53680419921875
2436,2436,-10,79862,0.0012000000000000014,-2.200000000000003,963.8758544921875,349.4140930175781
2437,2437,100,79903,0.0012000000000000014,-2.200000000000003,1598.3955078125,305.73199462890625
2438,2438,100,79927,0.0012000000000000014,-2.200000000000003,330.24932861328125,280.5748596191406
2439,2439,100,79940,0.0012000000000000014,-2.200000000000003,370.6842041015625,306.7892150878906
2440,2440,100,79978,0.0012000000000000014,-2.200000000000003,288.2075500488281,332.005615234375
2441,2441,100,80022,0.0012000000000000014,-2.200000000000003,776.01416015625,294.7105712890625
2442,2442,100,80057,0.0012000000000000014,-2.200000000000003,299.2816467285156,310.1028747558594
2443,2443,-10,80095,0.0012000000000000014,-2.200000000000003,1230.7755126953125,311.76666259765625
2444,2444,100,80130,0.0012000000000000014,-2.200000000000003,401.367919921875,299.518798828125
2445,2445,100,80151,0.0012000000000000014,-2.200000000000003,317.55340576171875,342.9074401855469
2446,2446,100,80190,0.0012000000000000014,-2.200000000000003,988.8148193359375,327.2314453125
2447,2447,100,80211,0.0012000000000000014,-2.200000000000003,295.474609375,326.7183532714844
2448,2448,100,80223,0.0012000000000000014,-2.200000000000003,346.83795166015625,279.1685485839844
2449,2449,100,80260,0.0012000000000000014,-2.200000000000003,333.943603515625,302.1758117675781
2450,2450,100,80291,0.0012000000000000014,-2.200000000000003,916.71142578125,366.939208984375
2451,2451,100,80313,0.0023000000000000026,-2.200000000000003,579.3394165039062,301.42041015625
2452,2452,100,80333,0.0023000000000000026,-2.200000000000003,403.0865783691406,304.3233337402344
2453,2453,100,80374,0.0023000000000000026,-2.200000000000003,294.48651123046875,317.3741149902344
2454,2454,100,80414,0.0023000000000000026,-2.200000000000003,273.9132385253906,287.8123779296875
2455,2455,100,80438,0.0023000000000000026,-2.200000000000003,384.6888122558594,265.99560546875
2456,2456,100,80462,0.0023000000000000026,-2.200000000000003,335.5831604003906,348.4271240234375
2457,2457,100,80490,0.0023000000000000026,-2.200000000000003,322.0976867675781,368.0807189941406
2458,2458,100,80513,0.0023000000000000026,-2.200000000000003,275.8750305175781,265.64019775390625
2459,2459,-10,80550,0.0023000000000000026,-2.200000000000003,368.19268798828125,375.03521728515625
2460,2460,100,80586,0.0023000000000000026,-2.200000000000003,381.29754638671875,316.0831298828125
2461,2461,100,80620,0.0023000000000000026,-2.200000000000003,586.8306884765625,267.6436767578125
2462,2462,100,80643,0.0023000000000000026,-2.200000000000003,275.1152038574219,294.9204406738281
2463,2463,100,80653,0.0023000000000000026,-2.200000000000003,266.69134521484375,264.0565185546875
2464,2464,100,80673,0.0023000000000000026,-2.200000000000003,285.35443115234375,337.33953857421875
2465,2465,100,80709,0.0023000000000000026,-2.200000000000003,270.3673095703125,302.34771728515625
2466,2466,100,80722,0.0023000000000000026,-2.200000000000003,2072.6201171875,341.1329345703125
2467,2467,100,80745,0.0023000000000000026,-2.200000000000003,2552.12109375,346.0512390136719
2468,2468,100,80771,0.0023000000000000026,-2.200000000000003,763.4594116210938,289.48333740234375
2469,2469,100,80791,0.0023000000000000026,-2.200000000000003,282.4855651855469,320.0450439453125
2470,2470,100,80792,0.0023000000000000026,-2.200000000000003,213.4835205078125,300.7537841796875
2471,2471,100,80818,0.0023000000000000026,-2.200000000000003,529.43017578125,330.6879577636719
2472,2472,100,80832,0.0023000000000000026,-2.200000000000003,260.38201904296875,303.36212158203125
2473,2473,-10,80872,0.0023000000000000026,-2.200000000000003,768.4119873046875,280.7444152832031
2474,2474,100,80890,0.0023000000000000026,-2.200000000000003,693.7996826171875,318.8887939453125
2475,2475,100,80932,0.0023000000000000026,-2.200000000000003,856.43798828125,318.3265380859375
2476,2476,100,80956,0.0023000000000000026,-2.200000000000003,553.6177978515625,338.2607421875
2477,2477,100,80972,0.0023000000000000026,-2.200000000000003,950.2049560546875,287.3927001953125
2478,2478,100,80989,0.0023000000000000026,-2.200000000000003,2362.253173828125,292.00830078125
2479,2479,100,81018,0.0023000000000000026,-2.200000000000003,278.5609436035156,330.0274963378906
2480,2480,100,81041,0.0023000000000000026,-2.200000000000003,337.931640625,293.3262634277344
2481,2481,100,81048,0.0023000000000000026,-2.200000000000003,352.70965576171875,311.71240234375
2482,2482,100,81055,0.0023000000000000026,-2.200000000000003,289.16259765625,322.55517578125
2483,2483,100,81074,0.0023000000000000026,-2.200000000000003,1137.32666015625,259.3299255371094
2484,2484,100,81075,0.0023000000000000026,-2.200000000000003,904.9261474609375,343.1288146972656
2485,2485,100,81102,0.0023000000000000026,-2.200000000000003,382.76513671875,344.42547607421875
2486,2486,100,81132,0.0023000000000000026,-2.200000000000003,220.02902221679688,278.74114990234375
2487,2487,100,81160,0.0023000000000000026,-2.200000000000003,469.1364440917969,257.50738525390625
2488,2488,100,81161,0.0023000000000000026,-2.200000000000003,302.39617919921875,270.92962646484375
2489,2489,100,81191,0.0023000000000000026,-2.200000000000003,1858.8504638671875,321.7998962402344
2490,2490,100,81204,0.0023000000000000026,-2.200000000000003,438.08636474609375,297.66033935546875
2491,2491,100,81205,0.0023000000000000026,-2.200000000000003,272.16156005859375,314.8406982421875
2492,2492,100,81213,0.0023000000000000026,-2.200000000000003,595.61279296875,318.0248107910156
2493,2493,100,81250,0.0023000000000000026,-2.200000000000003,378.39923095703125,283.95916748046875
2494,2494,100,81275,0.0023000000000000026,-2.200000000000003,575.0089111328125,291.544921875
2495,2495,-10,81311,0.0023000000000000026,-2.200000000000003,558.3525390625,314.01458740234375
2496,2496,100,81341,0.0023000000000000026,-2.200000000000003,1010.8328247070312,312.4766845703125
2497,2497,100,81373,0.0023000000000000026,-2.200000000000003,834.554443359375,302.7581787109375
2498,2498,100,81409,0.0023000000000000026,-2.200000000000003,255.23919677734375,336.9117126464844
2499,2499,100,81432,0.0023000000000000026,-2.200000000000003,1525.4354248046875,293.5894470214844
2500,2500,100,81477,0.0003,-2.200000000000003,0.0,0.0
2501,2501,100,81478,0.0003,-2.200000000000003,0.0,0.0
2502,2502,-10,81575,0.0003,-2.200000000000003,154.46890258789062,102.4361801147461
2503,2503,-10,81599,0.0003,-2.200000000000003,132.12191772460938,83.08113861083984
2504,2504,-10,81678,0.0003,-2.200000000000003,96.39167785644531,94.95403289794922
2505,2505,-10,81875,0.0003,-2.200000000000003,84.83271026611328,111.15213012695312
2506,2506,-10,81899,0.0003,-2.200000000000003,93.4858169555664,104.46158599853516
2507,2507,-10,82335,0.0003,-2.200000000000003,35.169376373291016,119.48455810546875
2508,2508,100,82336,0.0003,-2.200000000000003,33.627723693847656,115.47732543945312
2509,2509,-10,82510,0.0003,-2.200000000000003,41.63595962524414,120.32012939453125
2510,2510,-10,82555,0.0003,-2.200000000000003,41.309017181396484,127.75019073486328
2511,2511,-10,82647,0.0003,-2.200000000000003,63.74966812133789,128.7136993408203
2512,2512,-10,82923,0.0003,-2.200000000000003,150.37319946289062,127.57535552978516
2513,2513,-10,83158,0.0003,-2.200000000000003,54.35641860961914,137.06051635742188
2514,2514,-10,83205,0.0003,-2.200000000000003,60.30064392089844,137.716796875
2515,2515,-10,83233,0.0003,-2.200000000000003,96.06413269042969,135.77670288085938
2516,2516,-10,83254,0.0003,-2.200000000000003,263.841552734375,137.58477783203125
2517,2517,100,83330,0.0003,-2.200000000000003,183.20144653320312,143.00015258789062
2518,2518,100,83339,0.0003,-2.200000000000003,51.267913818359375,140.21444702148438
2519,2519,100,83467,0.0003,-2.200000000000003,109.30288696289062,138.83474731445312
2520,2520,-10,83494,0.0003,-2.200000000000003,51.34892654418945,147.8408203125
2521,2521,-10,83521,0.0003,-2.200000000000003,61.900352478027344,142.10519409179688
2522,2522,100,83551,0.0003,-2.200000000000003,74.09312438964844,134.2607421875
2523,2523,100,83552,0.0003,-2.200000000000003,284.3727722167969,139.8260040283203
2524,2524,-10,83574,0.0003,-2.200000000000003,60.220157623291016,140.63870239257812
2525,2525,-10,83704,0.0003,-2.200000000000003,185.75559997558594,135.940185546875
2526,2526,-10,83804,0.0003,-2.200000000000003,63.963165283203125,147.32284545898438
2527,2527,-10,83827,0.0003,-2.200000000000003,89.75706481933594,147.8531494140625
2528,2528,-10,83881,0.0003,-2.200000000000003,142.85813903808594,147.26632690429688
2529,2529,-10,83991,0.0003,-2.200000000000003,138.09120178222656,148.876953125
2530,2530,-10,84491,0.0003,-2.200000000000003,50.97984313964844,165.03079223632812
2531,2531,-10,84516,0.0003,-2.200000000000003,93.9087142944336,153.9376220703125
2532,2532,100,84517,0.0003,-2.200000000000003,55.038238525390625,160.19931030273438
2533,2533,-10,84539,0.0003,-2.200000000000003,341.2004699707031,160.23220825195312
2534,2534,-10,84563,0.0003,-2.200000000000003,41.123138427734375,159.36892700195312
2535,2535,-10,85063,0.0003,-2.200000000000003,34.253013610839844,165.39065551757812
2536,2536,100,85064,0.0003,-2.200000000000003,49.295623779296875,165.4003143310547
2537,2537,-10,85090,0.0003,-2.200000000000003,57.52742004394531,164.65985107421875
2538,2538,-10,85109,0.0003,-2.200000000000003,85.14012908935547,165.7484130859375
2539,2539,-10,85136,0.0003,-2.200000000000003,276.9825134277344,168.68963623046875
2540,2540,100,85140,0.0003,-2.200000000000003,79.52226257324219,178.10409545898438
2541,2541,-10,85166,0.0003,-2.200000000000003,79.07843017578125,170.82974243164062
2542,2542,-10,85189,0.0003,-2.200000000000003,86.71944427490234,166.1819305419922
2543,2543,-10,85208,0.0003,-2.200000000000003,128.71792602539062,171.65919494628906
2544,2544,100,85213,0.0003,-2.200000000000003,179.2769775390625,168.10353088378906
2545,2545,100,85399,0.0003,-2.200000000000003,52.96438217163086,172.82275390625
2546,2546,100,85572,0.0003,-2.200000000000003,58.154537200927734,176.05316162109375
2547,2547,-10,85592,0.0003,-2.200000000000003,133.369384765625,181.46043395996094
2548,2548,-10,85612,0.0003,-2.200000000000003,233.31793212890625,178.55917358398438
2549,2549,100,85633,0.0003,-2.200000000000003,154.71380615234375,174.10903930664062
2550,2550,100,85634,0.0003,-2.200000000000003,82.63496398925781,172.37562561035156
2551,2551,100,85827,0.01,-70.4,120.26933288574219,179.6260223388672
2552,2552,100,85828,0.01,-70.4,253.56785583496094,178.55743408203125
2553,2553,100,86003,0.01,-70.4,254.94351196289062,179.31320190429688
2554,2554,-10,86053,0.01,-70.4,106.81812286376953,187.12277221679688
2555,2555,-10,86072,0.01,-70.4,48.08306121826172,183.60601806640625
2556,2556,-10,86093,0.01,-70.4,372.0860595703125,184.60586547851562
2557,2557,-10,86119,0.01,-70.4,71.21670532226562,188.00921630859375
2558,2558,-10,86142,0.01,-70.4,201.43856811523438,184.22561645507812
2559,2559,-10,86162,0.01,-70.4,352.047607421875,186.68768310546875
2560,2560,-10,86210,0.01,-70.4,66.2271728515625,196.96890258789062
2561,2561,-10,86230,0.01,-70.4,284.3499755859375,182.79739379882812
2562,2562,100,86462,0.01,-70.4,156.49806213378906,186.48101806640625
2563,2563,100,86639,0.01,-70.4,93.47734832763672,182.27687072753906
2564,2564,100,87089,0.01,-70.4,110.75395965576172,176.41285705566406
2565,2565,-10,87110,0.01,-70.4,57.49264907836914,177.02545166015625
2566,2566,-10,87135,0.01,-70.4,58.966766357421875,185.3165740966797
2567,2567,-10,87159,0.01,-70.4,100.20155334472656,179.7374267578125
2568,2568,-10,87181,0.01,-70.4,246.43331909179688,187.9666290283203
2569,2569,-10,87204,0.01,-70.4,100.65898132324219,182.51974487304688
2570,2570,-10,87228,0.01,-70.4,115.10382080078125,178.9396209716797
2571,2571,100,87439,0.01,-70.4,269.8688659667969,178.68177795410156
2572,2572,-10,87480,0.01,-70.4,174.58506774902344,171.13160705566406
2573,2573,-10,87515,0.01,-70.4,59.65278625488281,185.14544677734375
2574,2574,-10,87538,0.01,-70.4,309.3824768066406,195.087158203125
2575,2575,-10,87561,0.01,-70.4,66.79544067382812,182.535888671875
2576,2576,-10,87585,0.01,-70.4,328.2160949707031,186.85284423828125
2577,2577,-10,87610,0.01,-70.4,337.6519775390625,191.93603515625
2578,2578,-10,87633,0.01,-70.4,82.72020721435547,180.45849609375
2579,2579,-10,87655,0.01,-70.4,46.23501205444336,203.01499938964844
2580,2580,100,87656,0.01,-70.4,68.60523986816406,195.71893310546875
2581,2581,-10,87684,0.01,-70.4,79.39228820800781,190.0789794921875
2582,2582,-10,87705,0.01,-70.4,126.86587524414062,185.32542419433594
2583,2583,-10,88039,0.01,-70.4,106.76824188232422,182.56378173828125
2584,2584,100,88050,0.01,-70.4,363.65582275390625,184.65579223632812
2585,2585,100,88051,0.01,-70.4,212.93685913085938,182.2957763671875
2586,2586,100,88054,0.01,-70.4,101.74185180664062,177.4185028076172
2587,2587,-10,88074,0.01,-70.4,220.00070190429688,179.928466796875
2588,2588,-10,88094,0.01,-70.4,377.3727722167969,190.92181396484375
2589,2589,-10,88117,0.01,-70.4,56.28474426269531,193.18768310546875
2590,2590,-10,88141,0.01,-70.4,197.7901611328125,183.2588348388672
2591,2591,-10,88164,0.01,-70.4,107.9352035522461,195.05645751953125
2592,2592,-10,88208,0.01,-70.4,206.92959594726562,173.69500732421875
2593,2593,-10,88263,0.01,-70.4,296.103515625,186.68006896972656
2594,2594,100,88266,0.01,-70.4,298.17730712890625,175.35731506347656
2595,2595,100,88267,0.01,-70.4,211.56056213378906,190.694091796875
2596,2596,-10,88293,0.01,-70.4,120.35279846191406,185.52890014648438
2597,2597,-10,88354,0.01,-70.4,321.8729553222656,179.15811157226562
2598,2598,-10,88376,0.01,-70.4,164.31146240234375,184.4875946044922
2599,2599,-10,88398,0.01,-70.4,202.2306365966797,185.82723999023438
2600,2600,100,88399,0.01,-70.4,96.07456970214844,184.05873107910156
2601,2601,-10,88421,0.01,-2.1999999999999993,78.58451843261719,187.50265502929688
2602,2602,-10,88441,0.01,-2.1999999999999993,73.12635040283203,182.93722534179688
2603,2603,-10,88481,0.01,-2.1999999999999993,71.17163848876953,176.78131103515625
2604,2604,-10,88501,0.01,-2.1999999999999993,84.51087951660156,195.052490234375
2605,2605,-10,88521,0.01,-2.1999999999999993,283.8524169921875,190.431884765625
2606,2606,-10,88551,0.01,-2.1999999999999993,71.84677124023438,184.83334350585938
2607,2607,-10,88576,0.01,-2.1999999999999993,121.66980743408203,180.80711364746094
2608,2608,-10,88596,0.01,-2.1999999999999993,97.29639434814453,189.1634063720703
2609,2609,-10,88616,0.01,-2.1999999999999993,128.7936248779297,178.0361328125
2610,2610,100,88690,0.01,-2.1999999999999993,200.96829223632812,190.5655517578125
2611,2611,100,88702,0.01,-2.1999999999999993,198.5770263671875,181.24476623535156
2612,2612,-10,88722,0.01,-2.1999999999999993,397.4000549316406,183.37997436523438
2613,2613,-10,88745,0.01,-2.1999999999999993,358.0699157714844,189.54840087890625
2614,2614,-10,88773,0.01,-2.1999999999999993,112.04275512695312,177.36672973632812
2615,2615,-10,88794,0.01,-2.1999999999999993,338.26470947265625,175.26229858398438
2616,2616,-10,88815,0.01,-2.1999999999999993,194.97607421875,186.09573364257812
2617,2617,-10,88839,0.01,-2.1999999999999993,84.29876708984375,187.59207153320312
2618,2618,-10,88861,0.01,-2.1999999999999993,181.95645141601562,183.02093505859375
2619,2619,-10,88882,0.01,-2.1999999999999993,364.7656555175781,185.40402221679688
2620,2620,100,88906,0.01,-2.1999999999999993,59.79936599731445,185.22808837890625
2621,2621,-10,88928,0.01,-2.1999999999999993,106.90782165527344,183.05078125
2622,2622,-10,88950,0.01,-2.1999999999999993,54.913780212402344,195.56146240234375
2623,2623,-10,88970,0.01,-2.1999999999999993,153.18264770507812,177.52365112304688
2624,2624,-10,89005,0.01,-2.1999999999999993,105.32785034179688,181.90744018554688
2625,2625,-10,89027,0.01,-2.1999999999999993,114.63261413574219,188.4255828857422
2626,2626,-10,89052,0.01,-2.1999999999999993,60.00499725341797,186.93161010742188
2627,2627,-10,89071,0.01,-2.1999999999999993,76.26688385009766,190.97567749023438
2628,2628,-10,89093,0.01,-2.1999999999999993,115.63712310791016,177.91717529296875
2629,2629,-10,89116,0.01,-2.1999999999999993,76.44134521484375,175.91798400878906
2630,2630,-10,89137,0.01,-2.1999999999999993,146.01051330566406,184.3936767578125
2631,2631,-10,89179,0.01,-2.1999999999999993,214.1072998046875,180.1012725830078
2632,2632,-10,89220,0.01,-2.1999999999999993,232.3413848876953,183.72842407226562
2633,2633,-10,89243,0.01,-2.1999999999999993,67.37866973876953,196.03057861328125
2634,2634,-10,89267,0.01,-2.1999999999999993,158.1690673828125,192.06146240234375
2635,2635,-10,89286,0.01,-2.1999999999999993,142.07611083984375,181.14324951171875
2636,2636,-10,89311,0.01,-2.1999999999999993,250.806884765625,183.33535766601562
2637,2637,-10,89361,0.01,-2.1999999999999993,49.78800964355469,180.24609375
2638,2638,-10,89383,0.01,-2.1999999999999993,129.3408203125,181.29403686523438
2639,2639,100,89384,0.01,-2.1999999999999993,112.55047607421875,181.0375518798828
2640,2640,-10,89404,0.01,-2.1999999999999993,318.0479736328125,187.7434844970703
2641,2641,-10,89425,0.01,-2.1999999999999993,393.09454345703125,186.15484619140625
2642,2642,-10,89447,0.01,-2.1999999999999993,130.55325317382812,186.56878662109375
2643,2643,-10,89467,0.01,-2.1999999999999993,81.33499145507812,184.1695556640625
2644,2644,-10,89488,0.01,-2.1999999999999993,90.73584747314453,194.1270751953125
2645,2645,-10,89511,0.01,-2.1999999999999993,146.71102905273438,187.43292236328125
2646,2646,-10,89532,0.01,-2.1999999999999993,63.29066848754883,191.0279083251953
2647,2647,-10,89552,0.01,-2.1999999999999993,85.52259826660156,188.29168701171875
2648,2648,-10,89571,0.01,-2.1999999999999993,48.597389221191406,194.59767150878906
2649,2649,-10,89592,0.01,-2.1999999999999993,118.05797576904297,201.97463989257812
2650,2650,100,89593,0.01,-2.1999999999999993,280.28265380859375,184.75450134277344
2651,2651,100,89598,0.01,-19.8,419.9892578125,177.94296264648438
2652,2652,-10,89616,0.01,-19.8,63.442955017089844,177.739013671875
2653,2653,-10,89635,0.01,-19.8,64.96952056884766,189.3405303955078
2654,2654,-10,89656,0.01,-19.8,161.01425170898438,180.7854461669922
2655,2655,-10,89676,0.01,-19.8,324.4004211425781,191.14505004882812
2656,2656,100,89700,0.01,-19.8,175.056884765625,195.68833923339844
2657,2657,-10,89741,0.01,-19.8,97.37881469726562,188.95111083984375
2658,2658,-10,89761,0.01,-19.8,63.2200813293457,196.96865844726562
2659,2659,-10,89795,0.01,-19.8,86.96795654296875,189.73623657226562
2660,2660,-10,89817,0.01,-19.8,124.80174255371094,187.28469848632812
2661,2661,-10,89835,0.01,-19.8,72.80743408203125,186.51527404785156
2662,2662,-10,89858,0.01,-19.8,72.73428344726562,184.3020477294922
2663,2663,100,89859,0.01,-19.8,245.1880340576172,185.08169555664062
2664,2664,-10,89883,0.01,-19.8,137.5535125732422,198.36907958984375
2665,2665,100,89884,0.01,-19.8,80.38214111328125,175.69290161132812
2666,2666,-10,89904,0.01,-19.8,160.90676879882812,180.09024047851562
2667,2667,-10,89923,0.01,-19.8,230.0736541748047,190.49008178710938
2668,2668,-10,89942,0.01,-19.8,101.28651428222656,186.12149047851562
2669,2669,-10,89963,0.01,-19.8,153.2850341796875,179.53024291992188
2670,2670,-10,89983,0.01,-19.8,85.60005187988281,188.0321044921875
2671,2671,-10,90024,0.01,-19.8,81.08955383300781,188.99282836914062
2672,2672,-10,90042,0.01,-19.8,71.71625518798828,183.68310546875
2673,2673,100,90071,0.01,-19.8,122.37413024902344,178.54791259765625
2674,2674,-10,90114,0.01,-19.8,327.54620361328125,186.38316345214844
2675,2675,-10,90133,0.01,-19.8,153.748291015625,189.95819091796875
2676,2676,-10,90178,0.01,-19.8,229.09622192382812,190.15817260742188
2677,2677,-10,90197,0.01,-19.8,103.57276916503906,195.51742553710938
2678,2678,-10,90240,0.01,-19.8,80.34477233886719,191.60906982421875
2679,2679,-10,90259,0.01,-19.8,109.02029418945312,183.3646697998047
2680,2680,-10,90319,0.01,-19.8,149.82061767578125,185.87303161621094
2681,2681,-10,90346,0.01,-19.8,118.65686798095703,187.6630096435547
2682,2682,-10,90389,0.01,-19.8,157.13795471191406,183.27825927734375
2683,2683,100,90421,0.01,-19.8,311.474609375,184.477783203125
2684,2684,-10,90439,0.01,-19.8,96.00218963623047,192.4458465576172
2685,2685,-10,90458,0.01,-19.8,76.77203369140625,202.4571533203125
2686,2686,-10,90477,0.01,-19.8,74.1689453125,197.37191772460938
2687,2687,-10,90494,0.01,-19.8,286.3864440917969,194.91372680664062
2688,2688,100,90495,0.01,-19.8,96.3471908569336,185.2716064453125
2689,2689,-10,90513,0.01,-19.8,100.34623718261719,188.528076171875
2690,2690,100,90514,0.01,-19.8,81.81051635742188,184.0613555908203
2691,2691,-10,90534,0.01,-19.8,426.0210876464844,178.79786682128906
2692,2692,-10,90554,0.01,-19.8,127.13626098632812,185.97174072265625
2693,2693,100,90584,0.01,-19.8,139.01510620117188,184.03529357910156
2694,2694,-10,90609,0.01,-19.8,188.96217346191406,187.1133575439453
2695,2695,-10,90627,0.01,-19.8,117.13862609863281,197.96121215820312
2696,2696,-10,90650,0.01,-19.8,84.54341125488281,190.35302734375
2697,2697,-10,90668,0.01,-19.8,171.35305786132812,194.28439331054688
2698,2698,-10,90686,0.01,-19.8,252.09326171875,179.67092895507812
2699,2699,-10,90707,0.01,-19.8,117.23722839355469,192.99234008789062
2700,2700,-10,90748,0.01,-19.8,155.1381072998047,179.98573303222656
2701,2701,100,90753,0.0056,8.8,86.66683959960938,192.057861328125
2702,2702,100,90783,0.0056,8.8,198.30703735351562,199.5416259765625
2703,2703,-10,90803,0.0056,8.8,115.09701538085938,181.99752807617188
2704,2704,-10,90827,0.0056,8.8,593.9240112304688,192.0572509765625
2705,2705,-10,90852,0.0056,8.8,76.61900329589844,189.87173461914062
2706,2706,-10,90879,0.0056,8.8,138.33984375,182.3612060546875
2707,2707,100,90882,0.0056,8.8,117.80719757080078,195.76583862304688
2708,2708,-10,90903,0.0056,8.8,214.0044708251953,193.2200469970703
2709,2709,100,90904,0.0056,8.8,89.22721862792969,191.67843627929688
2710,2710,-10,90924,0.0056,8.8,69.90890502929688,186.4623565673828
2711,2711,-10,90942,0.0056,8.8,354.220703125,193.79110717773438
2712,2712,-10,90960,0.0056,8.8,101.71168518066406,185.70867919921875
2713,2713,-10,90988,0.0056,8.8,111.87554168701172,191.25506591796875
2714,2714,-10,91008,0.0056,8.8,115.5618667602539,196.87814331054688
2715,2715,-10,91027,0.0056,8.8,101.50169372558594,184.2087860107422
2716,2716,-10,91047,0.0056,8.8,94.22142028808594,186.6998748779297
2717,2717,-10,91066,0.0056,8.8,82.81748962402344,204.0377960205078
2718,2718,100,91071,0.0056,8.8,359.6654052734375,194.5159912109375
2719,2719,-10,91090,0.0056,8.8,118.06837463378906,195.621826171875
2720,2720,-10,91108,0.0056,8.8,245.3236541748047,191.92739868164062
2721,2721,-10,91130,0.0056,8.8,386.0960388183594,198.12966918945312
2722,2722,100,91144,0.0056,8.8,408.188232421875,187.37478637695312
2723,2723,-10,91162,0.0056,8.8,144.91004943847656,192.40545654296875
2724,2724,-10,91189,0.0056,8.8,125.99807739257812,191.83975219726562
2725,2725,-10,91207,0.0056,8.8,92.72743225097656,180.82681274414062
2726,2726,-10,91228,0.0056,8.8,438.5517272949219,181.1393585205078
2727,2727,-10,91247,0.0056,8.8,96.87010955810547,196.71636962890625
2728,2728,-10,91266,0.0056,8.8,208.84869384765625,190.2418670654297
2729,2729,-10,91285,0.0056,8.8,241.6307373046875,182.10975646972656
2730,2730,-10,91303,0.0056,8.8,67.38369750976562,196.2295379638672
2731,2731,-10,91322,0.0056,8.8,137.04364013671875,192.8100128173828
2732,2732,-10,91342,0.0056,8.8,119.7731704711914,182.026123046875
2733,2733,-10,91361,0.0056,8.8,110.42000579833984,186.4464874267578
2734,2734,-10,91381,0.0056,8.8,95.28245544433594,204.0787353515625
2735,2735,-10,91402,0.0056,8.8,114.16761779785156,189.65447998046875
2736,2736,-10,91423,0.0056,8.8,184.2349853515625,179.79022216796875
2737,2737,-10,91444,0.0056,8.8,93.73998260498047,189.01235961914062
2738,2738,-10,91470,0.0056,8.8,250.405517578125,200.39273071289062
2739,2739,-10,91498,0.0056,8.8,189.095947265625,186.84828186035156
2740,2740,-10,91518,0.0056,8.8,310.65606689453125,174.62997436523438
2741,2741,-10,91537,0.0056,8.8,85.84182739257812,182.4488525390625
2742,2742,-10,91562,0.0056,8.8,167.91848754882812,196.25894165039062
2743,2743,-10,91581,0.0056,8.8,112.9771957397461,192.85073852539062
2744,2744,-10,91598,0.0056,8.8,80.97821044921875,189.5393524169922
2745,2745,-10,91618,0.0056,8.8,130.31541442871094,188.3927001953125
2746,2746,-10,91638,0.0056,8.8,173.1459503173828,186.98031616210938
2747,2747,-10,91657,0.0056,8.8,757.6676025390625,189.94430541992188
2748,2748,-10,91677,0.0056,8.8,191.978271484375,181.65966796875
2749,2749,100,91678,0.0056,8.8,259.7562561035156,189.33941650390625
2750,2750,-10,91702,0.0056,8.8,408.320556640625,187.42347717285156
2751,2751,-10,91720,0.0078,-4.4,82.35633087158203,186.4164276123047
2752,2752,-10,91747,0.0078,-4.4,655.9876708984375,190.89251708984375
2753,2753,100,91748,0.0078,-4.4,47.72654724121094,191.67904663085938
2754,2754,-10,91770,0.0078,-4.4,126.69422149658203,173.84786987304688
2755,2755,-10,91789,0.0078,-4.4,169.2957305908203,189.03221130371094
2756,2756,100,91806,0.0078,-4.4,128.68698120117188,193.36660766601562
2757,2757,-10,91829,0.0078,-4.4,138.14761352539062,194.70196533203125
2758,2758,-10,91849,0.0078,-4.4,129.54837036132812,189.6143035888672
2759,2759,-10,91869,0.0078,-4.4,76.89653015136719,189.00341796875
2760,2760,-10,91889,0.0078,-4.4,97.80762481689453,188.42694091796875
2761,2761,-10,91907,0.0078,-4.4,158.17762756347656,174.8729248046875
2762,2762,-10,91927,0.0078,-4.4,124.1884765625,177.21871948242188
2763,2763,-10,91953,0.0078,-4.4,55.53837585449219,192.53030395507812
2764,2764,-10,91971,0.0078,-4.4,280.0227355957031,195.63278198242188
2765,2765,-10,91989,0.0078,-4.4,113.8602294921875,180.62734985351562
2766,2766,-10,92012,0.0078,-4.4,167.95858764648438,188.33839416503906
2767,2767,-10,92033,0.0078,-4.4,98.78634643554688,188.86175537109375
2768,2768,-10,92055,0.0078,-4.4,135.4586944580078,176.22494506835938
2769,2769,-10,92087,0.0078,-4.4,244.225341796875,189.65158081054688
2770,2770,-10,92104,0.0078,-4.4,107.49839782714844,183.1268310546875
2771,2771,-10,92129,0.0078,-4.4,101.05729675292969,174.53350830078125
2772,2772,-10,92151,0.0078,-4.4,80.01710510253906,196.7462615966797
2773,2773,-10,92170,0.0078,-4.4,94.74412536621094,188.7151641845703
2774,2774,-10,92190,0.0078,-4.4,167.1154022216797,191.93344116210938
2775,2775,-10,92208,0.0078,-4.4,179.9366455078125,180.69154357910156
2776,2776,100,92220,0.0078,-4.4,113.68023681640625,189.50344848632812
2777,2777,-10,92241,0.0078,-4.4,172.30474853515625,184.5732421875
2778,2778,-10,92293,0.0078,-4.4,115.47486877441406,192.04885864257812
2779,2779,-10,92311,0.0078,-4.4,100.26519012451172,194.29713439941406
2780,2780,-10,92329,0.0078,-4.4,161.89915466308594,196.1312713623047
2781,2781,-10,92348,0.0078,-4.4,246.0091552734375,185.91793823242188
2782,2782,-10,92370,0.0078,-4.4,132.17791748046875,189.13253784179688
2783,2783,-10,92388,0.0078,-4.4,174.58258056640625,195.65411376953125
2784,2784,-10,92410,0.0078,-4.4,92.64739990234375,185.59495544433594
2785,2785,-10,92431,0.0078,-4.4,74.20184326171875,190.65524291992188
2786,2786,-10,92450,0.0078,-4.4,359.1053466796875,188.184814453125
2787,2787,-10,92468,0.0078,-4.4,178.56643676757812,189.6258087158203
2788,2788,-10,92489,0.0078,-4.4,75.22969818115234,185.092529296875
2789,2789,-10,92509,0.0078,-4.4,131.280517578125,168.90650939941406
2790,2790,100,92514,0.0078,-4.4,111.77120971679688,189.1783447265625
2791,2791,-10,92535,0.0078,-4.4,150.987060546875,180.45318603515625
2792,2792,-10,92557,0.0078,-4.4,77.3240966796875,192.57742309570312
2793,2793,100,92558,0.0078,-4.4,134.4535675048828,194.67897033691406
2794,2794,-10,92576,0.0078,-4.4,179.73837280273438,180.92398071289062
2795,2795,-10,92594,0.0078,-4.4,222.02850341796875,189.80010986328125
2796,2796,100,92619,0.0078,-4.4,80.60617065429688,200.42819213867188
2797,2797,-10,92640,0.0078,-4.4,84.77430725097656,188.67269897460938
2798,2798,-10,92663,0.0078,-4.4,267.48065185546875,192.91293334960938
2799,2799,-10,92681,0.0078,-4.4,241.7498016357422,189.20281982421875
2800,2800,-10,92702,0.0078,-4.4,269.11279296875,195.85110473632812
2801,2801,-10,92722,0.0089,-2.2,96.79765319824219,182.83526611328125
2802,2802,-10,92744,0.0089,-2.2,108.30937194824219,175.26510620117188
2803,2803,-10,92762,0.0089,-2.2,116.69819641113281,197.1032257080078
2804,2804,-10,92780,0.0089,-2.2,105.4607162475586,192.4462890625
2805,2805,-10,92798,0.0089,-2.2,82.73507690429688,196.33453369140625
2806,2806,-10,92816,0.0089,-2.2,314.7802734375,195.11773681640625
2807,2807,100,92840,0.0089,-2.2,114.32667541503906,190.12579345703125
2808,2808,-10,92858,0.0089,-2.2,97.05831909179688,191.16546630859375
2809,2809,-10,92878,0.0089,-2.2,100.91104125976562,180.55126953125
2810,2810,-10,92896,0.0089,-2.2,91.31240844726562,180.49281311035156
2811,2811,-10,92914,0.0089,-2.2,125.60371398925781,186.70468139648438
2812,2812,-10,92933,0.0089,-2.2,100.21783447265625,185.76333618164062
2813,2813,-10,92954,0.0089,-2.2,111.65144348144531,185.70082092285156
2814,2814,-10,92976,0.0089,-2.2,93.66863250732422,191.4084930419922
2815,2815,-10,92995,0.0089,-2.2,239.29661560058594,194.4850311279297
2816,2816,-10,93013,0.0089,-2.2,81.18445587158203,185.2683563232422
2817,2817,-10,93031,0.0089,-2.2,204.52378845214844,189.2752685546875
2818,2818,-10,93052,0.0089,-2.2,54.080322265625,205.691650390625
2819,2819,-10,93070,0.0089,-2.2,353.878173828125,188.68307495117188
2820,2820,-10,93087,0.0089,-2.2,172.37033081054688,194.50762939453125
2821,2821,-10,93105,0.0089,-2.2,304.6243896484375,202.81033325195312
2822,2822,-10,93123,0.0089,-2.2,104.85496520996094,180.64315795898438
2823,2823,-10,93141,0.0089,-2.2,255.07943725585938,186.17958068847656
2824,2824,-10,93161,0.0089,-2.2,103.50411224365234,182.1498260498047
2825,2825,-10,93180,0.0089,-2.2,241.57896423339844,181.35044860839844
2826,2826,-10,93198,0.0089,-2.2,193.99038696289062,180.28257751464844
2827,2827,-10,93216,0.0089,-2.2,267.22674560546875,187.39019775390625
2828,2828,-10,93234,0.0089,-2.2,242.40994262695312,194.63775634765625
2829,2829,-10,93252,0.0089,-2.2,75.23754119873047,187.30068969726562
2830,2830,-10,93272,0.0089,-2.2,136.24969482421875,191.13671875
2831,2831,-10,93290,0.0089,-2.2,559.794189453125,180.78591918945312
2832,2832,-10,93308,0.0089,-2.2,334.2142639160156,181.76898193359375
2833,2833,-10,93329,0.0089,-2.2,486.3526611328125,181.75808715820312
2834,2834,-10,93348,0.0089,-2.2,119.84412384033203,198.02294921875
2835,2835,-10,93371,0.0089,-2.2,101.66061401367188,187.28427124023438
2836,2836,-10,93390,0.0089,-2.2,272.66259765625,186.00660705566406
2837,2837,-10,93411,0.0089,-2.2,156.67971801757812,193.43453979492188
2838,2838,-10,93429,0.0089,-2.2,110.4147720336914,191.6030731201172
2839,2839,-10,93447,0.0089,-2.2,156.7236785888672,189.50099182128906
2840,2840,-10,93466,0.0089,-2.2,83.82089233398438,194.75071716308594
2841,2841,-10,93484,0.0089,-2.2,137.42352294921875,172.45208740234375
2842,2842,-10,93502,0.0089,-2.2,169.1179962158203,192.78482055664062
2843,2843,-10,93521,0.0089,-2.2,172.17337036132812,190.0240020751953
2844,2844,-10,93540,0.0089,-2.2,116.58502960205078,177.2411346435547
2845,2845,-10,93559,0.0089,-2.2,177.181640625,189.1632080078125
2846,2846,-10,93577,0.0089,-2.2,97.51856994628906,183.909423828125
2847,2847,-10,93595,0.0089,-2.2,135.0170135498047,179.88644409179688
2848,2848,-10,93613,0.0089,-2.2,77.97854614257812,196.45327758789062
2849,2849,-10,93632,0.0089,-2.2,81.01875305175781,176.8217010498047
2850,2850,100,93635,0.0089,-2.2,286.7476806640625,189.12149047851562
2851,2851,-10,93658,0.01,-8.8,103.97830200195312,178.49095153808594
2852,2852,-10,93677,0.01,-8.8,715.7716064453125,189.6612091064453
2853,2853,-10,93695,0.01,-8.8,242.62144470214844,174.66049194335938
2854,2854,-10,93713,0.01,-8.8,75.12016296386719,188.4210205078125
2855,2855,-10,93731,0.01,-8.8,175.59164428710938,182.55575561523438
2856,2856,-10,93751,0.01,-8.8,129.23452758789062,197.6129150390625
2857,2857,-10,93769,0.01,-8.8,166.59434509277344,185.51914978027344
2858,2858,-10,93787,0.01,-8.8,148.32272338867188,190.09632873535156
2859,2859,-10,93810,0.01,-8.8,151.015380859375,195.7986297607422
2860,2860,-10,93830,0.01,-8.8,90.29110717773438,197.05154418945312
2861,2861,-10,93850,0.01,-8.8,143.15936279296875,184.6968536376953
2862,2862,-10,93868,0.01,-8.8,86.55193328857422,191.04925537109375
2863,2863,-10,93887,0.01,-8.8,114.12300109863281,185.06460571289062
2864,2864,-10,93905,0.01,-8.8,515.6080322265625,185.0368194580078
2865,2865,-10,93924,0.01,-8.8,120.89385223388672,189.61468505859375
2866,2866,-10,93946,0.01,-8.8,238.5037384033203,177.808837890625
2867,2867,-10,93969,0.01,-8.8,77.44715881347656,185.77139282226562
2868,2868,-10,93990,0.01,-8.8,133.82554626464844,194.08956909179688
2869,2869,-10,94011,0.01,-8.8,204.00286865234375,181.2630615234375
2870,2870,-10,94032,0.01,-8.8,191.1280975341797,184.54534912109375
2871,2871,-10,94051,0.01,-8.8,132.27883911132812,179.60377502441406
2872,2872,-10,94070,0.01,-8.8,266.7316589355469,200.64822387695312
2873,2873,-10,94089,0.01,-8.8,105.47209167480469,188.0443115234375
2874,2874,100,94096,0.01,-8.8,161.85693359375,187.4644317626953
2875,2875,-10,94116,0.01,-8.8,133.365966796875,171.8448028564453
2876,2876,-10,94134,0.01,-8.8,94.29983520507812,204.4434814453125
2877,2877,-10,94152,0.01,-8.8,95.34911346435547,188.83209228515625
2878,2878,-10,94173,0.01,-8.8,116.11058807373047,189.4640655517578
2879,2879,100,94178,0.01,-8.8,81.44022369384766,175.51556396484375
2880,2880,-10,94199,0.01,-8.8,340.9684143066406,180.49057006835938
2881,2881,-10,94218,0.01,-8.8,150.19094848632812,187.95840454101562
2882,2882,-10,94240,0.01,-8.8,144.39593505859375,197.7259521484375
2883,2883,-10,94259,0.01,-8.8,138.938232421875,195.3330078125
2884,2884,-10,94278,0.01,-8.8,181.0999755859375,178.17071533203125
2885,2885,-10,94298,0.01,-8.8,79.329345703125,186.51321411132812
2886,2886,-10,94319,0.01,-8.8,206.4880828857422,177.92225646972656
2887,2887,-10,94337,0.01,-8.8,86.8994140625,178.5020751953125
2888,2888,-10,94356,0.01,-8.8,103.14691925048828,196.55035400390625
2889,2889,-10,94375,0.01,-8.8,86.41942596435547,171.78103637695312
2890,2890,100,94380,0.01,-8.8,251.86668395996094,180.90826416015625
2891,2891,100,94387,0.01,-8.8,95.83930969238281,184.8619384765625
2892,2892,-10,94407,0.01,-8.8,145.64834594726562,193.99795532226562
2893,2893,-10,94427,0.01,-8.8,98.83392333984375,199.43496704101562
2894,2894,-10,94446,0.01,-8.8,163.05508422851562,187.4351806640625
2895,2895,-10,94466,0.01,-8.8,124.11868286132812,185.00714111328125
2896,2896,-10,94488,0.01,-8.8,77.49270629882812,191.50540161132812
2897,2897,-10,94508,0.01,-8.8,107.85387420654297,186.66354370117188
2898,2898,100,94509,0.01,-8.8,103.11875915527344,188.3733367919922
2899,2899,100,94510,0.01,-8.8,123.47152709960938,188.572021484375
2900,2900,-10,94529,0.01,-8.8,153.328125,175.39219665527344
2901,2901,-10,94548,0.0056,8.8,157.76524353027344,175.208251953125
2902,2902,-10,94565,0.0056,8.8,56.84554672241211,192.5958251953125
2903,2903,-10,94589,0.0056,8.8,77.40717315673828,191.8180389404297
2904,2904,-10,94607,0.0056,8.8,565.1000366210938,185.55458068847656
2905,2905,-10,94625,0.0056,8.8,146.20379638671875,180.8634490966797
2906,2906,100,94661,0.0056,8.8,81.05377197265625,190.55282592773438
2907,2907,-10,95021,0.0056,8.8,223.12777709960938,180.73300170898438
2908,2908,-10,95042,0.0056,8.8,86.98194885253906,192.01882934570312
2909,2909,-10,95062,0.0056,8.8,79.17926025390625,186.1332244873047
2910,2910,-10,95080,0.0056,8.8,307.4110107421875,188.849609375
2911,2911,100,95100,0.0056,8.8,164.9094696044922,183.7287139892578
2912,2912,100,95101,0.0056,8.8,113.84171295166016,194.25509643554688
2913,2913,-10,95121,0.0056,8.8,101.34837341308594,197.62042236328125
2914,2914,-10,95140,0.0056,8.8,679.0922241210938,182.80157470703125
2915,2915,-10,95158,0.0056,8.8,276.3873291015625,169.0182342529297
2916,2916,-10,95180,0.0056,8.8,139.22836303710938,181.69515991210938
2917,2917,-10,95199,0.0056,8.8,126.30862426757812,188.16082763671875
2918,2918,-10,95220,0.0056,8.8,226.36865234375,178.06829833984375
2919,2919,100,95221,0.0056,8.8,83.61768341064453,174.71591186523438
2920,2920,-10,95241,0.0056,8.8,82.64148712158203,188.91258239746094
2921,2921,-10,95260,0.0056,8.8,185.1639404296875,174.34262084960938
2922,2922,-10,95282,0.0056,8.8,567.5711669921875,191.9505615234375
2923,2923,-10,95304,0.0056,8.8,108.39620971679688,190.1150360107422
2924,2924,100,95305,0.0056,8.8,92.2252197265625,181.07241821289062
2925,2925,-10,95322,0.0056,8.8,254.29554748535156,184.07276916503906
2926,2926,-10,95339,0.0056,8.8,103.03716278076172,186.52755737304688
2927,2927,-10,95360,0.0056,8.8,108.7573471069336,184.43748474121094
2928,2928,-10,95382,0.0056,8.8,375.5428161621094,173.92605590820312
2929,2929,-10,95399,0.0056,8.8,206.8481903076172,198.3690643310547
2930,2930,-10,95418,0.0056,8.8,131.88223266601562,177.48321533203125
2931,2931,-10,95436,0.0056,8.8,327.37811279296875,197.62159729003906
2932,2932,-10,95456,0.0056,8.8,229.6824951171875,183.8865966796875
2933,2933,-10,95474,0.0056,8.8,75.06487274169922,182.10409545898438
2934,2934,100,95475,0.0056,8.8,107.47659301757812,182.0090789794922
2935,2935,-10,95493,0.0056,8.8,105.29991149902344,189.80654907226562
2936,2936,-10,95510,0.0056,8.8,146.83847045898438,176.00759887695312
2937,2937,-10,95528,0.0056,8.8,900.541748046875,185.5800018310547
2938,2938,-10,95546,0.0056,8.8,72.64328002929688,176.2279510498047
2939,2939,-10,95565,0.0056,8.8,258.8580322265625,186.3009490966797
2940,2940,-10,95586,0.0056,8.8,153.98306274414062,179.56434631347656
2941,2941,-10,95607,0.0056,8.8,89.2075424194336,198.0220947265625
2942,2942,100,95608,0.0056,8.8,86.78573608398438,185.34988403320312
2943,2943,-10,95629,0.0056,8.8,114.7708511352539,193.6961669921875
2944,2944,-10,95648,0.0056,8.8,189.2545166015625,185.80838012695312
2945,2945,-10,95669,0.0056,8.8,370.2684020996094,196.45803833007812
2946,2946,-10,95688,0.0056,8.8,252.80078125,177.01678466796875
2947,2947,100,95695,0.0056,8.8,116.38430786132812,176.90951538085938
2948,2948,-10,95716,0.0056,8.8,233.90277099609375,177.1282196044922
2949,2949,-10,95736,0.0056,8.8,81.2723617553711,182.77597045898438
2950,2950,-10,95757,0.0056,8.8,87.0965805053711,183.40225219726562
2951,2951,-10,95775,0.0034000000000000002,4.3999999999999995,196.74893188476562,180.80120849609375
2952,2952,100,95776,0.0034000000000000002,4.3999999999999995,137.20626831054688,177.2050018310547
2953,2953,-10,95796,0.0034000000000000002,4.3999999999999995,175.77117919921875,179.45126342773438
2954,2954,-10,95816,0.0034000000000000002,4.3999999999999995,133.80337524414062,198.90188598632812
2955,2955,100,95837,0.0034000000000000002,4.3999999999999995,339.67132568359375,173.79400634765625
2956,2956,-10,95855,0.0034000000000000002,4.3999999999999995,211.30184936523438,162.85850524902344
2957,2957,-10,95873,0.0034000000000000002,4.3999999999999995,131.4821319580078,175.15682983398438
2958,2958,-10,95893,0.0034000000000000002,4.3999999999999995,114.55545043945312,190.5789794921875
2959,2959,-10,95913,0.0034000000000000002,4.3999999999999995,576.392822265625,173.7996826171875
2960,2960,-10,95931,0.0034000000000000002,4.3999999999999995,292.63409423828125,177.9766845703125
2961,2961,-10,95949,0.0034000000000000002,4.3999999999999995,543.619873046875,185.30780029296875
2962,2962,-10,95967,0.0034000000000000002,4.3999999999999995,267.5486755371094,187.036865234375
2963,2963,-10,95988,0.0034000000000000002,4.3999999999999995,154.22412109375,194.22772216796875
2964,2964,-10,96007,0.0034000000000000002,4.3999999999999995,121.37777709960938,174.94769287109375
2965,2965,-10,96025,0.0034000000000000002,4.3999999999999995,123.84254455566406,186.4427490234375
2966,2966,-10,96044,0.0034000000000000002,4.3999999999999995,127.9581298828125,177.45848083496094
2967,2967,-10,96063,0.0034000000000000002,4.3999999999999995,83.59747314453125,190.25157165527344
2968,2968,-10,96083,0.0034000000000000002,4.3999999999999995,206.76861572265625,181.95521545410156
2969,2969,-10,96100,0.0034000000000000002,4.3999999999999995,1002.7628173828125,185.3251495361328
2970,2970,-10,96118,0.0034000000000000002,4.3999999999999995,133.86073303222656,190.7274932861328
2971,2971,-10,96139,0.0034000000000000002,4.3999999999999995,341.757080078125,178.10696411132812
2972,2972,-10,96160,0.0034000000000000002,4.3999999999999995,130.45416259765625,177.75137329101562
2973,2973,-10,96181,0.0034000000000000002,4.3999999999999995,84.33769226074219,174.20114135742188
2974,2974,-10,96199,0.0034000000000000002,4.3999999999999995,118.49029541015625,187.85488891601562
2975,2975,-10,96217,0.0034000000000000002,4.3999999999999995,77.7113037109375,176.28973388671875
2976,2976,100,96218,0.0034000000000000002,4.3999999999999995,180.25245666503906,181.97787475585938
2977,2977,-10,96236,0.0034000000000000002,4.3999999999999995,128.15020751953125,192.19436645507812
2978,2978,-10,96254,0.0034000000000000002,4.3999999999999995,171.52310180664062,167.63778686523438
2979,2979,-10,96278,0.0034000000000000002,4.3999999999999995,76.89608764648438,185.99786376953125
2980,2980,-10,96295,0.0034000000000000002,4.3999999999999995,106.96702575683594,187.1582489013672
2981,2981,100,96299,0.0034000000000000002,4.3999999999999995,443.4835205078125,190.65550231933594
2982,2982,100,96321,0.0034000000000000002,4.3999999999999995,281.55035400390625,180.2100067138672
2983,2983,-10,96339,0.0034000000000000002,4.3999999999999995,264.964599609375,179.86451721191406
2984,2984,-10,96357,0.0034000000000000002,4.3999999999999995,587.360595703125,173.97793579101562
2985,2985,-10,96375,0.0034000000000000002,4.3999999999999995,248.42074584960938,187.25112915039062
2986,2986,100,96383,0.0034000000000000002,4.3999999999999995,120.09100341796875,171.2268524169922
2987,2987,-10,96406,0.0034000000000000002,4.3999999999999995,176.39022827148438,187.75662231445312
2988,2988,-10,96424,0.0034000000000000002,4.3999999999999995,224.5475616455078,197.03518676757812
2989,2989,-10,96442,0.0034000000000000002,4.3999999999999995,155.34417724609375,183.22378540039062
2990,2990,100,96452,0.0034000000000000002,4.3999999999999995,118.63871002197266,188.66769409179688
2991,2991,-10,96476,0.0034000000000000002,4.3999999999999995,95.47789001464844,195.3101806640625
2992,2992,-10,96496,0.0034000000000000002,4.3999999999999995,102.21672058105469,172.24842834472656
2993,2993,-10,96515,0.0034000000000000002,4.3999999999999995,108.60977172851562,193.8748016357422
2994,2994,100,96523,0.0034000000000000002,4.3999999999999995,182.6561279296875,177.0980224609375
2995,2995,-10,96545,0.0034000000000000002,4.3999999999999995,240.40145874023438,185.8211669921875
2996,2996,-10,96563,0.0034000000000000002,4.3999999999999995,98.91944885253906,199.01708984375
2997,2997,-10,96581,0.0034000000000000002,4.3999999999999995,116.44435119628906,168.63113403320312
2998,2998,100,96588,0.0034000000000000002,4.3999999999999995,170.99237060546875,187.21737670898438
2999,2999,-10,96607,0.0034000000000000002,4.3999999999999995,263.501953125,175.08738708496094
3000,3000,-10,96628,0.0034000000000000002,4.3999999999999995,240.01235961914062,182.39578247070312
3001,3001,-10,96646,0.0023,2.200000000000001,121.8155517578125,174.49267578125
3002,3002,-10,96664,0.0023,2.200000000000001,235.14968872070312,182.71511840820312
3003,3003,-10,96683,0.0023,2.200000000000001,271.5779724121094,174.9140167236328
3004,3004,-10,96700,0.0023,2.200000000000001,134.68492126464844,190.43943786621094
3005,3005,100,96701,0.0023,2.200000000000001,140.41323852539062,195.32101440429688
3006,3006,-10,96720,0.0023,2.200000000000001,148.5788116455078,178.42575073242188
3007,3007,-10,96739,0.0023,2.200000000000001,183.1872100830078,187.02090454101562
3008,3008,100,96740,0.0023,2.200000000000001,127.88948059082031,183.66485595703125
3009,3009,-10,96761,0.0023,2.200000000000001,98.9699935913086,187.07679748535156
3010,3010,-10,96779,0.0023,2.200000000000001,103.53886413574219,183.94256591796875
3011,3011,-10,96799,0.0023,2.200000000000001,156.11883544921875,180.06796264648438
3012,3012,-10,96817,0.0023,2.200000000000001,162.61996459960938,185.43447875976562
3013,3013,-10,96835,0.0023,2.200000000000001,136.73504638671875,184.3609619140625
3014,3014,-10,96853,0.0023,2.200000000000001,91.5826416015625,185.2569580078125
3015,3015,-10,96873,0.0023,2.200000000000001,98.31758117675781,183.2470703125
3016,3016,-10,96892,0.0023,2.200000000000001,491.91754150390625,177.8585205078125
3017,3017,-10,96911,0.0023,2.200000000000001,187.52960205078125,184.06185913085938
3018,3018,-10,96931,0.0023,2.200000000000001,122.67931365966797,178.91587829589844
3019,3019,-10,96949,0.0023,2.200000000000001,102.78199768066406,173.59292602539062
3020,3020,-10,96969,0.0023,2.200000000000001,101.30162048339844,193.987060546875
3021,3021,-10,96987,0.0023,2.200000000000001,215.47105407714844,194.64208984375
3022,3022,100,97007,0.0023,2.200000000000001,89.7137451171875,183.59548950195312
3023,3023,-10,97028,0.0023,2.200000000000001,235.42694091796875,162.70211791992188
3024,3024,-10,97047,0.0023,2.200000000000001,105.0457763671875,193.16632080078125
3025,3025,-10,97066,0.0023,2.200000000000001,159.31813049316406,168.92544555664062
3026,3026,-10,97086,0.0023,2.200000000000001,121.55110168457031,170.26113891601562
3027,3027,-10,97106,0.0023,2.200000000000001,369.6673583984375,169.6345977783203
3028,3028,-10,97124,0.0023,2.200000000000001,357.381591796875,182.06576538085938
3029,3029,-10,97141,0.0023,2.200000000000001,137.78826904296875,186.6549072265625
3030,3030,-10,97159,0.0023,2.200000000000001,118.46780395507812,175.08224487304688
3031,3031,-10,97178,0.0023,2.200000000000001,143.8271942138672,173.44235229492188
3032,3032,-10,97196,0.0023,2.200000000000001,212.5228271484375,187.50010681152344
3033,3033,-10,97213,0.0023,2.200000000000001,182.19970703125,205.77503967285156
3034,3034,100,97214,0.0023,2.200000000000001,122.36917877197266,182.72134399414062
3035,3035,-10,97231,0.0023,2.200000000000001,388.02886962890625,173.32716369628906
3036,3036,-10,97249,0.0023,2.200000000000001,223.7950439453125,182.44561767578125
3037,3037,-10,97268,0.0023,2.200000000000001,91.7461166381836,184.44415283203125
3038,3038,-10,97288,0.0023,2.200000000000001,126.885498046875,175.89791870117188
3039,3039,-10,97308,0.0023,2.200000000000001,136.0224151611328,174.33447265625
3040,3040,-10,97327,0.0023,2.200000000000001,487.13299560546875,175.76959228515625
3041,3041,-10,97346,0.0023,2.200000000000001,753.394287109375,186.8618621826172
3042,3042,100,97355,0.0023,2.200000000000001,608.1417236328125,185.00625610351562
3043,3043,-10,97373,0.0023,2.200000000000001,125.23377990722656,190.30172729492188
3044,3044,-10,97392,0.0023,2.200000000000001,111.1756591796875,169.95333862304688
3045,3045,-10,97412,0.0023,2.200000000000001,74.55296325683594,183.9561767578125
3046,3046,-10,97435,0.0023,2.200000000000001,138.40982055664062,171.98080444335938
3047,3047,-10,97453,0.0023,2.200000000000001,177.5242462158203,181.45309448242188
3048,3048,-10,97473,0.0023,2.200000000000001,109.4237060546875,183.36569213867188
3049,3049,100,97477,0.0023,2.200000000000001,166.2952117919922,176.61329650878906
3050,3050,-10,97498,0.0023,2.200000000000001,171.6639862060547,190.72222900390625
3051,3051,-10,97516,0.005600000000000001,-6.6000000000000005,110.73326110839844,196.58889770507812
3052,3052,100,97517,0.005600000000000001,-6.6000000000000005,287.6690368652344,182.6224365234375
3053,3053,-10,97537,0.005600000000000001,-6.6000000000000005,134.40455627441406,184.89439392089844
3054,3054,100,97544,0.005600000000000001,-6.6000000000000005,396.3634948730469,178.31671142578125
3055,3055,-10,97562,0.005600000000000001,-6.6000000000000005,126.5582275390625,187.35037231445312
3056,3056,-10,97581,0.005600000000000001,-6.6000000000000005,81.87939453125,187.62649536132812
3057,3057,-10,97599,0.005600000000000001,-6.6000000000000005,171.38137817382812,168.5028076171875
3058,3058,-10,97617,0.005600000000000001,-6.6000000000000005,139.85952758789062,193.45074462890625
3059,3059,-10,97636,0.005600000000000001,-6.6000000000000005,137.51478576660156,201.25320434570312
3060,3060,-10,97659,0.005600000000000001,-6.6000000000000005,229.72903442382812,167.32528686523438
3061,3061,-10,97676,0.005600000000000001,-6.6000000000000005,176.94924926757812,185.2608184814453
3062,3062,-10,97694,0.005600000000000001,-6.6000000000000005,102.8123779296875,180.53366088867188
3063,3063,-10,97712,0.005600000000000001,-6.6000000000000005,165.69248962402344,198.9057159423828
3064,3064,-10,97732,0.005600000000000001,-6.6000000000000005,123.10063171386719,190.14007568359375
3065,3065,-10,97750,0.005600000000000001,-6.6000000000000005,243.17236328125,185.02740478515625
3066,3066,-10,97768,0.005600000000000001,-6.6000000000000005,80.25205993652344,194.08648681640625
3067,3067,-10,97786,0.005600000000000001,-6.6000000000000005,127.93135070800781,167.45443725585938
3068,3068,-10,97804,0.005600000000000001,-6.6000000000000005,357.100830078125,168.02096557617188
3069,3069,-10,97823,0.005600000000000001,-6.6000000000000005,124.6276626586914,197.25546264648438
3070,3070,-10,97841,0.005600000000000001,-6.6000000000000005,307.427490234375,175.79495239257812
3071,3071,100,97842,0.005600000000000001,-6.6000000000000005,133.50611877441406,197.13113403320312
3072,3072,-10,97860,0.005600000000000001,-6.6000000000000005,96.03713989257812,192.57632446289062
3073,3073,-10,97881,0.005600000000000001,-6.6000000000000005,126.95774841308594,182.02548217773438
3074,3074,-10,97899,0.005600000000000001,-6.6000000000000005,254.25570678710938,188.1503143310547
3075,3075,-10,97917,0.005600000000000001,-6.6000000000000005,376.78875732421875,184.95286560058594
3076,3076,-10,97938,0.005600000000000001,-6.6000000000000005,579.484375,182.19183349609375
3077,3077,-10,97956,0.005600000000000001,-6.6000000000000005,85.03389739990234,187.89683532714844
3078,3078,-10,97975,0.005600000000000001,-6.6000000000000005,141.25906372070312,181.50186157226562
3079,3079,-10,97993,0.005600000000000001,-6.6000000000000005,135.86758422851562,180.4734344482422
3080,3080,-10,98011,0.005600000000000001,-6.6000000000000005,368.3446044921875,188.04196166992188
3081,3081,-10,98029,0.005600000000000001,-6.6000000000000005,174.69833374023438,192.74671936035156
3082,3082,100,98030,0.005600000000000001,-6.6000000000000005,345.0747985839844,176.89743041992188
3083,3083,-10,98049,0.005600000000000001,-6.6000000000000005,140.10919189453125,177.71746826171875
3084,3084,-10,98067,0.005600000000000001,-6.6000000000000005,677.6790771484375,194.9608154296875
3085,3085,-10,98087,0.005600000000000001,-6.6000000000000005,257.475830078125,176.87213134765625
3086,3086,-10,98104,0.005600000000000001,-6.6000000000000005,120.9090576171875,184.45001220703125
3087,3087,100,98105,0.005600000000000001,-6.6000000000000005,109.47837829589844,188.15692138671875
3088,3088,-10,98123,0.005600000000000001,-6.6000000000000005,294.40411376953125,169.99002075195312
3089,3089,-10,98141,0.005600000000000001,-6.6000000000000005,221.4493865966797,196.65313720703125
3090,3090,-10,98159,0.005600000000000001,-6.6000000000000005,155.8953399658203,175.95230102539062
3091,3091,-10,98177,0.005600000000000001,-6.6000000000000005,107.1135482788086,204.35232543945312
3092,3092,-10,98197,0.005600000000000001,-6.6000000000000005,148.24465942382812,185.31939697265625
3093,3093,-10,98215,0.005600000000000001,-6.6000000000000005,203.7918243408203,178.74530029296875
3094,3094,-10,98234,0.005600000000000001,-6.6000000000000005,250.35433959960938,174.11183166503906
3095,3095,100,98239,0.005600000000000001,-6.6000000000000005,516.320556640625,180.75941467285156
3096,3096,100,98240,0.005600000000000001,-6.6000000000000005,126.2008056640625,176.0685577392578
3097,3097,-10,98258,0.005600000000000001,-6.6000000000000005,182.49639892578125,197.47723388671875
3098,3098,-10,98277,0.005600000000000001,-6.6000000000000005,89.43922424316406,195.51126098632812
3099,3099,-10,98296,0.005600000000000001,-6.6000000000000005,690.1793212890625,171.99656677246094
3100,3100,-10,98313,0.005600000000000001,-6.6000000000000005,131.20065307617188,174.10804748535156
3101,3101,-10,98332,0.0045000000000000005,2.2,427.3771667480469,185.40383911132812
3102,3102,100,98333,0.0045000000000000005,2.2,803.2705078125,187.6366424560547
3103,3103,-10,98352,0.0045000000000000005,2.2,231.0247802734375,189.4716796875
3104,3104,-10,98371,0.0045000000000000005,2.2,190.62838745117188,183.64529418945312
3105,3105,100,98372,0.0045000000000000005,2.2,115.09152221679688,186.6782684326172
3106,3106,-10,98390,0.0045000000000000005,2.2,836.66943359375,191.77772521972656
3107,3107,-10,98408,0.0045000000000000005,2.2,177.44732666015625,187.38870239257812
3108,3108,-10,98430,0.0045000000000000005,2.2,119.77715301513672,181.3971710205078
3109,3109,-10,98452,0.0045000000000000005,2.2,467.13800048828125,182.63296508789062
3110,3110,-10,98469,0.0045000000000000005,2.2,209.85836791992188,172.38626098632812
3111,3111,-10,98488,0.0045000000000000005,2.2,200.27230834960938,175.31591796875
3112,3112,-10,98506,0.0045000000000000005,2.2,156.23170471191406,169.273193359375
3113,3113,100,98507,0.0045000000000000005,2.2,112.02399444580078,191.29013061523438
3114,3114,-10,98525,0.0045000000000000005,2.2,807.5493774414062,172.2825469970703
3115,3115,-10,98543,0.0045000000000000005,2.2,82.61653137207031,196.08624267578125
3116,3116,100,98546,0.0045000000000000005,2.2,120.16366577148438,187.10018920898438
3117,3117,100,98556,0.0045000000000000005,2.2,160.72543334960938,188.90292358398438
3118,3118,100,98560,0.0045000000000000005,2.2,189.442138671875,175.3800048828125
3119,3119,-10,98578,0.0045000000000000005,2.2,137.58749389648438,194.1598663330078
3120,3120,100,98579,0.0045000000000000005,2.2,83.37718963623047,183.02391052246094
3121,3121,-10,98598,0.0045000000000000005,2.2,161.5605010986328,185.6607666015625
3122,3122,100,98599,0.0045000000000000005,2.2,139.74908447265625,174.2764129638672
3123,3123,100,98608,0.0045000000000000005,2.2,92.41021728515625,178.440673828125
3124,3124,-10,98627,0.0045000000000000005,2.2,171.2806396484375,155.41778564453125
3125,3125,-10,98645,0.0045000000000000005,2.2,258.7254638671875,168.0657196044922
3126,3126,-10,98663,0.0045000000000000005,2.2,120.43984985351562,187.85653686523438
3127,3127,-10,98681,0.0045000000000000005,2.2,483.5597229003906,170.33377075195312
3128,3128,-10,98699,0.0045000000000000005,2.2,289.0456237792969,182.50955200195312
3129,3129,-10,98717,0.0045000000000000005,2.2,346.19561767578125,192.82022094726562
3130,3130,-10,98736,0.0045000000000000005,2.2,130.4844970703125,184.3883819580078
3131,3131,-10,98754,0.0045000000000000005,2.2,454.41925048828125,171.532470703125
3132,3132,-10,98772,0.0045000000000000005,2.2,106.87857055664062,182.302001953125
3133,3133,100,98773,0.0045000000000000005,2.2,142.35092163085938,182.8651885986328
3134,3134,-10,98792,0.0045000000000000005,2.2,152.53665161132812,177.447265625
3135,3135,100,98813,0.0045000000000000005,2.2,91.60978698730469,173.99996948242188
3136,3136,-10,98838,0.0045000000000000005,2.2,178.54241943359375,185.6687774658203
3137,3137,-10,98856,0.0045000000000000005,2.2,98.42681884765625,180.41238403320312
3138,3138,-10,98875,0.0045000000000000005,2.2,92.78819274902344,186.27967834472656
3139,3139,-10,98896,0.0045000000000000005,2.2,176.16656494140625,158.75733947753906
3140,3140,-10,98914,0.0045000000000000005,2.2,102.78218078613281,194.37753295898438
3141,3141,-10,98934,0.0045000000000000005,2.2,136.88720703125,176.04176330566406
3142,3142,-10,98954,0.0045000000000000005,2.2,118.35225677490234,183.39816284179688
3143,3143,-10,98972,0.0045000000000000005,2.2,151.05801391601562,173.12509155273438
3144,3144,-10,98990,0.0045000000000000005,2.2,217.99981689453125,182.45791625976562
3145,3145,-10,99008,0.0045000000000000005,2.2,122.99880981445312,186.8657989501953
3146,3146,-10,99027,0.0045000000000000005,2.2,175.50241088867188,174.64794921875
3147,3147,-10,99046,0.0045000000000000005,2.2,889.8287353515625,187.9510498046875
3148,3148,-10,99064,0.0045000000000000005,2.2,91.9346923828125,190.365966796875
3149,3149,-10,99082,0.0045000000000000005,2.2,255.1240234375,180.88223266601562
3150,3150,100,99083,0.0045000000000000005,2.2,114.24674224853516,175.33596801757812
3151,3151,-10,99101,0.0001,10.999999999999998,145.20147705078125,189.39312744140625
3152,3152,-10,99120,0.0001,10.999999999999998,106.17503356933594,183.24765014648438
3153,3153,-10,99138,0.0001,10.999999999999998,985.0468139648438,172.34849548339844
3154,3154,-10,99157,0.0001,10.999999999999998,127.16262817382812,162.37796020507812
3155,3155,-10,99177,0.0001,10.999999999999998,417.8171691894531,165.06982421875
3156,3156,-10,99195,0.0001,10.999999999999998,126.95921325683594,173.63815307617188
3157,3157,-10,99213,0.0001,10.999999999999998,100.13485717773438,184.72122192382812
3158,3158,-10,99232,0.0001,10.999999999999998,153.10877990722656,191.03895568847656
3159,3159,-10,99255,0.0001,10.999999999999998,549.44970703125,190.30923461914062
3160,3160,-10,99273,0.0001,10.999999999999998,317.10247802734375,167.72592163085938
3161,3161,-10,99291,0.0001,10.999999999999998,97.02864074707031,184.76089477539062
3162,3162,100,99292,0.0001,10.999999999999998,225.15261840820312,184.95294189453125
3163,3163,-10,99311,0.0001,10.999999999999998,163.98046875,173.61801147460938
3164,3164,-10,99331,0.0001,10.999999999999998,106.7607421875,182.27523803710938
3165,3165,-10,99349,0.0001,10.999999999999998,156.39312744140625,193.86456298828125
3166,3166,-10,99367,0.0001,10.999999999999998,291.7408142089844,176.05404663085938
3167,3167,100,99387,0.0001,10.999999999999998,453.3251647949219,184.29148864746094
3168,3168,-10,99406,0.0001,10.999999999999998,110.27934265136719,186.60128784179688
3169,3169,-10,99424,0.0001,10.999999999999998,100.00360107421875,194.44418334960938
3170,3170,100,99425,0.0001,10.999999999999998,107.85580444335938,179.335205078125
3171,3171,100,99426,0.0001,10.999999999999998,394.28741455078125,161.82444763183594
3172,3172,-10,99445,0.0001,10.999999999999998,122.40767669677734,190.92745971679688
3173,3173,-10,99463,0.0001,10.999999999999998,116.87258911132812,193.83692932128906
3174,3174,100,99466,0.0001,10.999999999999998,122.08638000488281,189.40090942382812
3175,3175,-10,99485,0.0001,10.999999999999998,100.50900268554688,188.32008361816406
3176,3176,100,99490,0.0001,10.999999999999998,254.7064971923828,183.2569580078125
3177,3177,-10,99509,0.0001,10.999999999999998,349.6805114746094,170.125244140625
3178,3178,-10,99530,0.0001,10.999999999999998,163.75692749023438,169.68789672851562
3179,3179,100,99537,0.0001,10.999999999999998,208.9263916015625,183.71778869628906
3180,3180,-10,99558,0.0001,10.999999999999998,354.59588623046875,186.62132263183594
3181,3181,-10,99576,0.0001,10.999999999999998,320.4785461425781,184.8887176513672
3182,3182,-10,99594,0.0001,10.999999999999998,365.875244140625,186.024658203125
3183,3183,-10,99612,0.0001,10.999999999999998,135.72402954101562,195.47116088867188
3184,3184,-10,99630,0.0001,10.999999999999998,132.33392333984375,185.17526245117188
3185,3185,-10,99648,0.0001,10.999999999999998,92.09294891357422,185.96026611328125
3186,3186,-10,99668,0.0001,10.999999999999998,129.94631958007812,195.5177001953125
3187,3187,-10,99686,0.0001,10.999999999999998,119.1749267578125,187.48939514160156
3188,3188,-10,99704,0.0001,10.999999999999998,147.9726104736328,187.9705810546875
3189,3189,-10,99722,0.0001,10.999999999999998,87.24300384521484,185.83680725097656
3190,3190,-10,99742,0.0001,10.999999999999998,103.75279235839844,194.03521728515625
3191,3191,-10,99761,0.0001,10.999999999999998,153.3052978515625,180.93939208984375
3192,3192,-10,99780,0.0001,10.999999999999998,117.75796508789062,180.39373779296875
3193,3193,-10,99798,0.0001,10.999999999999998,100.61456298828125,198.30194091796875
3194,3194,-10,99817,0.0001,10.999999999999998,121.68791961669922,191.2125244140625
3195,3195,100,99818,0.0001,10.999999999999998,187.11492919921875,190.69512939453125
3196,3196,-10,99836,0.0001,10.999999999999998,419.4902648925781,188.05947875976562
3197,3197,-10,99854,0.0001,10.999999999999998,149.79635620117188,177.73797607421875
3198,3198,-10,99875,0.0001,10.999999999999998,126.07235717773438,201.53128051757812
3199,3199,100,99883,0.0001,10.999999999999998,85.2085952758789,184.96495056152344
3200,3200,100,99884,0.0001,10.999999999999998,120.18769836425781,169.61892700195312
3201,3201,-10,99902,0.002299999999999999,-4.399999999999999,415.73944091796875,189.8982696533203
3202,3202,100,99907,0.002299999999999999,-4.399999999999999,196.66488647460938,197.89541625976562
3203,3203,-10,99926,0.002299999999999999,-4.399999999999999,168.89279174804688,219.8900909423828
3204,3204,-10,99945,0.002299999999999999,-4.399999999999999,160.44007873535156,179.57302856445312
3205,3205,-10,99963,0.002299999999999999,-4.399999999999999,122.947998046875,175.3753204345703
3206,3206,-10,99982,0.002299999999999999,-4.399999999999999,939.58349609375,189.2161865234375
3207,3207,100,100006,0.002299999999999999,-4.399999999999999,176.89151000976562,184.82643127441406
3208,3208,-10,100024,0.002299999999999999,-4.399999999999999,186.35586547851562,161.68035888671875
3209,3209,-10,100042,0.002299999999999999,-4.399999999999999,149.92376708984375,178.1806640625
3210,3210,-10,100060,0.002299999999999999,-4.399999999999999,108.24952697753906,195.10592651367188
3211,3211,-10,100079,0.002299999999999999,-4.399999999999999,378.55291748046875,195.89016723632812
3212,3212,-10,100097,0.002299999999999999,-4.399999999999999,430.4161376953125,192.5310516357422
3213,3213,-10,100115,0.002299999999999999,-4.399999999999999,221.76895141601562,174.574462890625
3214,3214,-10,100134,0.002299999999999999,-4.399999999999999,205.9050750732422,202.47091674804688
3215,3215,-10,100153,0.002299999999999999,-4.399999999999999,389.61346435546875,178.32894897460938
3216,3216,-10,100172,0.002299999999999999,-4.399999999999999,388.19927978515625,174.75115966796875
3217,3217,-10,100191,0.002299999999999999,-4.399999999999999,161.4091033935547,193.47607421875
3218,3218,-10,100210,0.002299999999999999,-4.399999999999999,173.28973388671875,179.42742919921875
3219,3219,-10,100232,0.002299999999999999,-4.399999999999999,91.02703857421875,202.72775268554688
3220,3220,-10,100251,0.002299999999999999,-4.399999999999999,254.9126434326172,181.39027404785156
3221,3221,-10,100269,0.002299999999999999,-4.399999999999999,118.70689392089844,192.28363037109375
3222,3222,-10,100287,0.002299999999999999,-4.399999999999999,405.6140441894531,168.73448181152344
3223,3223,-10,100308,0.002299999999999999,-4.399999999999999,195.25445556640625,182.7910919189453
3224,3224,100,100309,0.002299999999999999,-4.399999999999999,133.9856719970703,174.45071411132812
3225,3225,-10,100328,0.002299999999999999,-4.399999999999999,553.0491943359375,177.8270263671875
3226,3226,-10,100347,0.002299999999999999,-4.399999999999999,446.30133056640625,187.27308654785156
3227,3227,-10,100367,0.002299999999999999,-4.399999999999999,145.88052368164062,196.7615966796875
3228,3228,-10,100385,0.002299999999999999,-4.399999999999999,236.08572387695312,192.2081298828125
3229,3229,-10,100404,0.002299999999999999,-4.399999999999999,86.91726684570312,185.67233276367188
3230,3230,-10,100422,0.002299999999999999,-4.399999999999999,89.11402130126953,178.03408813476562
3231,3231,-10,100441,0.002299999999999999,-4.399999999999999,215.67454528808594,189.74038696289062
3232,3232,-10,100460,0.002299999999999999,-4.399999999999999,206.97088623046875,187.79241943359375
3233,3233,-10,100478,0.002299999999999999,-4.399999999999999,72.29393005371094,191.96556091308594
3234,3234,100,100482,0.002299999999999999,-4.399999999999999,304.51873779296875,185.18017578125
3235,3235,-10,100500,0.002299999999999999,-4.399999999999999,152.88758850097656,198.48809814453125
3236,3236,-10,100518,0.002299999999999999,-4.399999999999999,269.364990234375,192.80731201171875
3237,3237,-10,100536,0.002299999999999999,-4.399999999999999,175.5484161376953,195.93341064453125
3238,3238,-10,100555,0.002299999999999999,-4.399999999999999,90.00008392333984,201.0720977783203
3239,3239,-10,100574,0.002299999999999999,-4.399999999999999,715.68408203125,185.952880859375
3240,3240,-10,100593,0.002299999999999999,-4.399999999999999,125.09403991699219,183.4881134033203
3241,3241,-10,100612,0.002299999999999999,-4.399999999999999,127.7117919921875,192.091796875
3242,3242,-10,100630,0.002299999999999999,-4.399999999999999,129.8441162109375,189.0443572998047
3243,3243,-10,100649,0.002299999999999999,-4.399999999999999,86.64431762695312,189.826904296875
3244,3244,-10,100667,0.002299999999999999,-4.399999999999999,199.7593994140625,183.76548767089844
3245,3245,-10,100685,0.002299999999999999,-4.399999999999999,759.3405151367188,172.84091186523438
3246,3246,-10,100703,0.002299999999999999,-4.399999999999999,126.4207763671875,169.8623046875
3247,3247,-10,100723,0.002299999999999999,-4.399999999999999,136.29592895507812,186.6342010498047
3248,3248,-10,100741,0.002299999999999999,-4.399999999999999,102.36444091796875,173.5972137451172
3249,3249,-10,100760,0.002299999999999999,-4.399999999999999,110.58843994140625,205.71438598632812
3250,3250,-10,100779,0.002299999999999999,-4.399999999999999,92.48985290527344,201.28936767578125
3251,3251,-10,100798,0.008899999999999998,-13.2,238.7254638671875,188.1057891845703
3252,3252,-10,100816,0.008899999999999998,-13.2,169.36349487304688,192.60916137695312
3253,3253,-10,100835,0.008899999999999998,-13.2,751.5286254882812,180.8013153076172
3254,3254,-10,100853,0.008899999999999998,-13.2,207.7763671875,193.22271728515625
3255,3255,-10,100871,0.008899999999999998,-13.2,213.4833526611328,166.42494201660156
3256,3256,-10,100889,0.008899999999999998,-13.2,137.43695068359375,190.9351043701172
3257,3257,-10,100910,0.008899999999999998,-13.2,405.16943359375,187.2177734375
3258,3258,100,100917,0.008899999999999998,-13.2,132.3108367919922,185.6693878173828
3259,3259,-10,100936,0.008899999999999998,-13.2,123.59196472167969,179.74636840820312
3260,3260,-10,100955,0.008899999999999998,-13.2,218.7855224609375,174.3550567626953
3261,3261,-10,100973,0.008899999999999998,-13.2,78.34489440917969,185.369384765625
3262,3262,-10,100991,0.008899999999999998,-13.2,126.20021057128906,191.73956298828125
3263,3263,-10,101011,0.008899999999999998,-13.2,183.60374450683594,186.4207000732422
3264,3264,-10,101029,0.008899999999999998,-13.2,191.08355712890625,174.9226531982422
3265,3265,-10,101049,0.008899999999999998,-13.2,582.4987182617188,185.83883666992188
3266,3266,-10,101069,0.008899999999999998,-13.2,323.7226257324219,180.14498901367188
3267,3267,-10,101088,0.008899999999999998,-13.2,136.17507934570312,184.6107635498047
3268,3268,-10,101108,0.008899999999999998,-13.2,103.24942779541016,186.00291442871094
3269,3269,-10,101127,0.008899999999999998,-13.2,452.96734619140625,193.22340393066406
3270,3270,-10,101145,0.008899999999999998,-13.2,130.3226318359375,193.74063110351562
3271,3271,-10,101163,0.008899999999999998,-13.2,76.5011215209961,189.26864624023438
3272,3272,-10,101182,0.008899999999999998,-13.2,103.10111999511719,199.18316650390625
3273,3273,-10,101203,0.008899999999999998,-13.2,96.33198547363281,192.91017150878906
3274,3274,-10,101222,0.008899999999999998,-13.2,93.68751525878906,193.0515594482422
3275,3275,-10,101241,0.008899999999999998,-13.2,92.4022216796875,194.5254669189453
3276,3276,-10,101260,0.008899999999999998,-13.2,742.8862915039062,196.16542053222656
3277,3277,-10,101278,0.008899999999999998,-13.2,181.44561767578125,186.02569580078125
3278,3278,-10,101298,0.008899999999999998,-13.2,102.49772644042969,187.69461059570312
3279,3279,-10,101317,0.008899999999999998,-13.2,84.60360717773438,188.21267700195312
3280,3280,100,101324,0.008899999999999998,-13.2,107.635009765625,194.49609375
3281,3281,-10,101343,0.008899999999999998,-13.2,89.43080139160156,203.11151123046875
3282,3282,-10,101362,0.008899999999999998,-13.2,109.40325927734375,187.66094970703125
3283,3283,-10,101379,0.008899999999999998,-13.2,101.11851501464844,183.89418029785156
3284,3284,100,101385,0.008899999999999998,-13.2,208.91049194335938,183.41552734375
3285,3285,-10,101403,0.008899999999999998,-13.2,810.4027099609375,175.7289581298828
3286,3286,-10,101422,0.008899999999999998,-13.2,102.37017059326172,196.31582641601562
3287,3287,100,101423,0.008899999999999998,-13.2,157.93673706054688,176.89073181152344
3288,3288,-10,101442,0.008899999999999998,-13.2,285.8123779296875,185.16912841796875
3289,3289,-10,101464,0.008899999999999998,-13.2,77.54881286621094,177.98924255371094
3290,3290,100,101471,0.008899999999999998,-13.2,135.18023681640625,184.51483154296875
3291,3291,-10,101489,0.008899999999999998,-13.2,537.543212890625,195.89137268066406
3292,3292,-10,101508,0.008899999999999998,-13.2,134.02059936523438,187.76470947265625
3293,3293,-10,101526,0.008899999999999998,-13.2,109.12725067138672,174.1923828125
3294,3294,-10,101544,0.008899999999999998,-13.2,255.0738983154297,194.04107666015625
3295,3295,-10,101564,0.008899999999999998,-13.2,110.02816772460938,183.06781005859375
3296,3296,-10,101582,0.008899999999999998,-13.2,188.59521484375,173.85284423828125
3297,3297,-10,101600,0.008899999999999998,-13.2,405.32708740234375,178.86471557617188
3298,3298,-10,101619,0.008899999999999998,-13.2,320.21234130859375,189.22030639648438
3299,3299,-10,101638,0.008899999999999998,-13.2,128.52024841308594,193.15234375
3300,3300,-10,101658,0.008899999999999998,-13.2,305.1947021484375,175.89967346191406
3301,3301,-10,101676,0.007799999999999998,2.2,187.1317138671875,189.08084106445312
3302,3302,-10,101698,0.007799999999999998,2.2,129.0987548828125,187.1422119140625
3303,3303,-10,101718,0.007799999999999998,2.2,138.5476837158203,176.56301879882812
3304,3304,-10,101736,0.007799999999999998,2.2,179.67691040039062,189.48309326171875
3305,3305,-10,101756,0.007799999999999998,2.2,293.2917785644531,176.3452606201172
3306,3306,-10,101775,0.007799999999999998,2.2,79.89949035644531,198.2180633544922
3307,3307,-10,101797,0.007799999999999998,2.2,140.37322998046875,184.30389404296875
3308,3308,-10,101816,0.007799999999999998,2.2,86.25460815429688,196.68783569335938
3309,3309,-10,101835,0.007799999999999998,2.2,84.84037017822266,195.2838592529297
3310,3310,-10,101855,0.007799999999999998,2.2,116.91983032226562,168.7804412841797
3311,3311,-10,101875,0.007799999999999998,2.2,110.72640991210938,159.44854736328125
3312,3312,-10,101894,0.007799999999999998,2.2,207.51287841796875,154.53321838378906
3313,3313,-10,101914,0.007799999999999998,2.2,96.85977172851562,190.9349365234375
3314,3314,-10,101932,0.007799999999999998,2.2,205.03848266601562,172.12815856933594
3315,3315,-10,101951,0.007799999999999998,2.2,151.7672119140625,208.12957763671875
3316,3316,-10,101969,0.007799999999999998,2.2,214.64498901367188,165.798095703125
3317,3317,-10,101987,0.007799999999999998,2.2,82.9112548828125,175.92115783691406
3318,3318,-10,102008,0.007799999999999998,2.2,273.97076416015625,190.8524169921875
3319,3319,-10,102028,0.007799999999999998,2.2,97.43663024902344,183.10821533203125
3320,3320,-10,102050,0.007799999999999998,2.2,272.4889221191406,176.92022705078125
3321,3321,-10,102069,0.007799999999999998,2.2,89.95313262939453,186.74269104003906
3322,3322,-10,102089,0.007799999999999998,2.2,92.00375366210938,178.29823303222656
3323,3323,-10,102109,0.007799999999999998,2.2,135.83786010742188,190.08460998535156
3324,3324,-10,102127,0.007799999999999998,2.2,88.553955078125,195.29576110839844
3325,3325,-10,102146,0.007799999999999998,2.2,99.18305969238281,181.58721923828125
3326,3326,-10,102165,0.007799999999999998,2.2,136.36148071289062,196.33103942871094
3327,3327,-10,102183,0.007799999999999998,2.2,183.5919189453125,175.51519775390625
3328,3328,-10,102202,0.007799999999999998,2.2,77.91239929199219,182.14968872070312
3329,3329,-10,102222,0.007799999999999998,2.2,560.6524658203125,178.69972229003906
3330,3330,-10,102240,0.007799999999999998,2.2,126.5294189453125,183.97848510742188
3331,3331,-10,102259,0.007799999999999998,2.2,139.40780639648438,197.05984497070312
3332,3332,-10,102278,0.007799999999999998,2.2,159.42034912109375,176.61732482910156
3333,3333,-10,102297,0.007799999999999998,2.2,118.02662658691406,190.67364501953125
3334,3334,-10,102317,0.007799999999999998,2.2,129.9583740234375,169.78045654296875
3335,3335,-10,102335,0.007799999999999998,2.2,170.54852294921875,168.5491180419922
3336,3336,-10,102353,0.007799999999999998,2.2,76.56556701660156,183.11724853515625
3337,3337,-10,102376,0.007799999999999998,2.2,70.13472747802734,177.77333068847656
3338,3338,-10,102398,0.007799999999999998,2.2,92.41492462158203,193.36392211914062
3339,3339,100,102400,0.007799999999999998,2.2,87.98408508300781,181.962890625
3340,3340,-10,102423,0.007799999999999998,2.2,189.56564331054688,192.5888671875
3341,3341,-10,102447,0.007799999999999998,2.2,103.6615219116211,182.33555603027344
3342,3342,-10,102469,0.007799999999999998,2.2,228.89105224609375,179.7997283935547
3343,3343,100,102475,0.007799999999999998,2.2,72.84709167480469,188.87673950195312
3344,3344,100,102476,0.007799999999999998,2.2,139.86309814453125,178.85736083984375
3345,3345,-10,102495,0.007799999999999998,2.2,105.38169860839844,195.10366821289062
3346,3346,-10,102513,0.007799999999999998,2.2,110.4022216796875,194.89247131347656
3347,3347,-10,102531,0.007799999999999998,2.2,128.7730255126953,193.43072509765625
3348,3348,-10,102550,0.007799999999999998,2.2,94.91561889648438,193.17739868164062
3349,3349,-10,102572,0.007799999999999998,2.2,80.18367767333984,184.03179931640625
3350,3350,-10,102591,0.007799999999999998,2.2,116.65711975097656,178.68283081054688
3351,3351,-10,102612,0.009999999999999998,-4.4,169.544189453125,176.27423095703125
3352,3352,-10,102631,0.009999999999999998,-4.4,378.469482421875,172.80130004882812
3353,3353,-10,102649,0.009999999999999998,-4.4,120.04037475585938,163.4743194580078
3354,3354,-10,102672,0.009999999999999998,-4.4,91.29629516601562,173.51608276367188
3355,3355,-10,102690,0.009999999999999998,-4.4,85.45941162109375,190.20384216308594
3356,3356,-10,102712,0.009999999999999998,-4.4,188.3024444580078,172.56448364257812
3357,3357,-10,102737,0.009999999999999998,-4.4,141.76644897460938,180.04766845703125
3358,3358,-10,102756,0.009999999999999998,-4.4,80.16919708251953,183.2589111328125
3359,3359,-10,102775,0.009999999999999998,-4.4,111.34666442871094,180.46832275390625
3360,3360,-10,102794,0.009999999999999998,-4.4,114.6951675415039,182.50442504882812
3361,3361,-10,102813,0.009999999999999998,-4.4,351.11138916015625,179.40451049804688
3362,3362,-10,102837,0.009999999999999998,-4.4,84.27747344970703,188.2824249267578
3363,3363,-10,102856,0.009999999999999998,-4.4,88.1392593383789,190.2444305419922
3364,3364,-10,102874,0.009999999999999998,-4.4,161.15928649902344,171.83697509765625
3365,3365,-10,102893,0.009999999999999998,-4.4,135.57815551757812,185.5056915283203
3366,3366,100,102900,0.009999999999999998,-4.4,155.32847595214844,174.54071044921875
3367,3367,-10,102922,0.009999999999999998,-4.4,104.6604232788086,170.4355010986328
3368,3368,-10,102943,0.009999999999999998,-4.4,66.69613647460938,183.7654266357422
3369,3369,-10,102962,0.009999999999999998,-4.4,121.6154556274414,177.4542694091797
3370,3370,100,102971,0.009999999999999998,-4.4,331.45556640625,181.60867309570312
3371,3371,-10,102989,0.009999999999999998,-4.4,82.45242309570312,184.20355224609375
3372,3372,-10,103008,0.009999999999999998,-4.4,119.46539306640625,180.72254943847656
3373,3373,-10,103027,0.009999999999999998,-4.4,113.57835388183594,171.75473022460938
3374,3374,-10,103047,0.009999999999999998,-4.4,112.15904998779297,162.6107635498047
3375,3375,-10,103066,0.009999999999999998,-4.4,107.96443939208984,177.2305450439453
3376,3376,-10,103088,0.009999999999999998,-4.4,83.15679931640625,195.1869659423828
3377,3377,-10,103106,0.009999999999999998,-4.4,188.9781951904297,189.061279296875
3378,3378,-10,103129,0.009999999999999998,-4.4,183.849853515625,187.00753784179688
3379,3379,-10,103148,0.009999999999999998,-4.4,112.19438934326172,182.84791564941406
3380,3380,-10,103169,0.009999999999999998,-4.4,175.10838317871094,175.58897399902344
3381,3381,-10,103189,0.009999999999999998,-4.4,118.49064636230469,181.01914978027344
3382,3382,100,103190,0.009999999999999998,-4.4,130.5334014892578,187.73562622070312
3383,3383,-10,103211,0.009999999999999998,-4.4,132.75039672851562,169.96131896972656
3384,3384,-10,103229,0.009999999999999998,-4.4,76.29142761230469,187.3589324951172
3385,3385,-10,103247,0.009999999999999998,-4.4,71.69239044189453,175.97726440429688
3386,3386,-10,103266,0.009999999999999998,-4.4,94.15471649169922,164.5662841796875
3387,3387,100,103270,0.009999999999999998,-4.4,355.93646240234375,184.38931274414062
3388,3388,-10,103288,0.009999999999999998,-4.4,734.9730224609375,189.10205078125
3389,3389,-10,103308,0.009999999999999998,-4.4,184.71127319335938,165.378662109375
3390,3390,-10,103329,0.009999999999999998,-4.4,103.41788482666016,180.61111450195312
3391,3391,-10,103347,0.009999999999999998,-4.4,172.97996520996094,186.75083923339844
3392,3392,-10,103365,0.009999999999999998,-4.4,182.59536743164062,164.6099853515625
3393,3393,-10,103384,0.009999999999999998,-4.4,115.49031829833984,165.85006713867188
3394,3394,-10,103403,0.009999999999999998,-4.4,514.5889892578125,152.833984375
3395,3395,-10,103422,0.009999999999999998,-4.4,262.6739501953125,173.42489624023438
3396,3396,100,103427,0.009999999999999998,-4.4,95.86848449707031,197.5586700439453
3397,3397,-10,103445,0.009999999999999998,-4.4,147.17308044433594,160.3241424560547
3398,3398,-10,103464,0.009999999999999998,-4.4,298.53509521484375,177.849853515625
3399,3399,-10,103482,0.009999999999999998,-4.4,78.50506591796875,171.27032470703125
3400,3400,-10,103501,0.009999999999999998,-4.4,95.74433898925781,172.893310546875
3401,3401,-10,103519,0.007799999999999998,4.4,199.7064971923828,163.5970458984375
3402,3402,100,103524,0.007799999999999998,4.4,141.4981689453125,180.88381958007812
3403,3403,-10,103543,0.007799999999999998,4.4,99.9916763305664,185.28164672851562
3404,3404,-10,103562,0.007799999999999998,4.4,120.63677978515625,178.81063842773438
3405,3405,-10,103580,0.007799999999999998,4.4,150.5520782470703,178.39892578125
3406,3406,-10,103598,0.007799999999999998,4.4,96.59498596191406,167.6103515625
3407,3407,-10,103616,0.007799999999999998,4.4,399.69793701171875,148.6868133544922
3408,3408,-10,103635,0.007799999999999998,4.4,359.309814453125,162.7388458251953
3409,3409,-10,103653,0.007799999999999998,4.4,114.43031311035156,182.84288024902344
3410,3410,-10,103673,0.007799999999999998,4.4,125.99785614013672,177.503662109375
3411,3411,-10,103693,0.007799999999999998,4.4,86.85425567626953,169.455810546875
3412,3412,-10,103711,0.007799999999999998,4.4,112.70181274414062,200.40399169921875
3413,3413,-10,103730,0.007799999999999998,4.4,142.16725158691406,183.8909912109375
3414,3414,-10,103749,0.007799999999999998,4.4,223.69509887695312,193.18310546875
3415,3415,-10,103767,0.007799999999999998,4.4,149.07566833496094,164.52297973632812
3416,3416,-10,103786,0.007799999999999998,4.4,501.480712890625,182.36952209472656
3417,3417,-10,103806,0.007799999999999998,4.4,109.89306640625,176.0882110595703
3418,3418,-10,103826,0.007799999999999998,4.4,108.10604858398438,176.7693328857422
3419,3419,-10,103844,0.007799999999999998,4.4,109.93964385986328,178.28684997558594
3420,3420,-10,103862,0.007799999999999998,4.4,93.55210876464844,184.75839233398438
3421,3421,-10,103881,0.007799999999999998,4.4,108.95379638671875,177.0572509765625
3422,3422,-10,103901,0.007799999999999998,4.4,317.33203125,164.62490844726562
3423,3423,-10,103920,0.007799999999999998,4.4,385.7231140136719,169.28268432617188
3424,3424,-10,103937,0.007799999999999998,4.4,132.23504638671875,179.6894073486328
3425,3425,-10,103956,0.007799999999999998,4.4,121.602783203125,175.26014709472656
3426,3426,-10,103975,0.007799999999999998,4.4,172.15322875976562,184.7962646484375
3427,3427,-10,103993,0.007799999999999998,4.4,120.52173614501953,169.39895629882812
3428,3428,-10,104011,0.007799999999999998,4.4,106.89385986328125,174.47743225097656
3429,3429,-10,104029,0.007799999999999998,4.4,345.3394775390625,173.61203002929688
3430,3430,-10,104047,0.007799999999999998,4.4,98.17630004882812,190.8994140625
3431,3431,-10,104066,0.007799999999999998,4.4,99.39553833007812,183.00607299804688
3432,3432,-10,104084,0.007799999999999998,4.4,454.65667724609375,169.5160675048828
3433,3433,-10,104103,0.007799999999999998,4.4,238.1876220703125,178.2218017578125
3434,3434,-10,104121,0.007799999999999998,4.4,106.59738159179688,172.92193603515625
3435,3435,-10,104139,0.007799999999999998,4.4,116.59518432617188,167.3979034423828
3436,3436,-10,104157,0.007799999999999998,4.4,111.91236114501953,171.0946044921875
3437,3437,-10,104175,0.007799999999999998,4.4,88.56908416748047,166.30377197265625
3438,3438,-10,104194,0.007799999999999998,4.4,184.46661376953125,159.59848022460938
3439,3439,-10,104212,0.007799999999999998,4.4,121.45579528808594,181.8152313232422
3440,3440,-10,104231,0.007799999999999998,4.4,279.46136474609375,162.11196899414062
3441,3441,-10,104250,0.007799999999999998,4.4,117.2686767578125,173.9910888671875
3442,3442,-10,104269,0.007799999999999998,4.4,269.264404296875,176.46697998046875
3443,3443,-10,104287,0.007799999999999998,4.4,109.2626953125,167.18373107910156
3444,3444,-10,104306,0.007799999999999998,4.4,94.74063110351562,174.115966796875
3445,3445,-10,104324,0.007799999999999998,4.4,155.93350219726562,176.14822387695312
3446,3446,-10,104343,0.007799999999999998,4.4,131.52719116210938,176.94320678710938
3447,3447,100,104344,0.007799999999999998,4.4,81.48625946044922,188.79986572265625
3448,3448,-10,104363,0.007799999999999998,4.4,226.71246337890625,164.83050537109375
3449,3449,-10,104381,0.007799999999999998,4.4,86.18975830078125,170.4896697998047
3450,3450,-10,104401,0.007799999999999998,4.4,95.92105865478516,163.99624633789062
3451,3451,100,104402,0.01,-6.6,250.6641845703125,162.37779235839844
3452,3452,-10,104421,0.01,-6.6,179.94293212890625,169.78530883789062
3453,3453,100,104422,0.01,-6.6,529.1201171875,167.92984008789062
3454,3454,-10,104442,0.01,-6.6,188.94094848632812,180.17721557617188
3455,3455,-10,104461,0.01,-6.6,128.61265563964844,168.84027099609375
3456,3456,-10,104480,0.01,-6.6,189.876953125,175.68991088867188
3457,3457,-10,104498,0.01,-6.6,86.62886047363281,178.4318084716797
3458,3458,-10,104518,0.01,-6.6,251.75790405273438,163.59088134765625
3459,3459,-10,104537,0.01,-6.6,206.7335205078125,167.30349731445312
3460,3460,-10,104554,0.01,-6.6,82.35364532470703,178.5693817138672
3461,3461,-10,104572,0.01,-6.6,59.40519714355469,162.30572509765625
3462,3462,-10,104590,0.01,-6.6,139.47772216796875,168.6995849609375
3463,3463,-10,104609,0.01,-6.6,190.01248168945312,163.0255126953125
3464,3464,-10,104627,0.01,-6.6,85.46871185302734,161.73406982421875
3465,3465,-10,104646,0.01,-6.6,95.85205078125,184.2116241455078
3466,3466,100,104647,0.01,-6.6,82.4296875,158.55380249023438
3467,3467,-10,104667,0.01,-6.6,91.21791076660156,175.462158203125
3468,3468,-10,104687,0.01,-6.6,97.59251403808594,177.92831420898438
3469,3469,-10,104706,0.01,-6.6,121.07793426513672,193.36370849609375
3470,3470,-10,104725,0.01,-6.6,214.5563507080078,170.1890106201172
3471,3471,-10,104743,0.01,-6.6,151.69952392578125,160.88539123535156
3472,3472,-10,104762,0.01,-6.6,232.99708557128906,161.01199340820312
3473,3473,-10,104782,0.01,-6.6,297.55718994140625,163.00762939453125
3474,3474,-10,104801,0.01,-6.6,121.25236511230469,178.31179809570312
3475,3475,100,104803,0.01,-6.6,85.82734680175781,168.29632568359375
3476,3476,-10,104820,0.01,-6.6,299.2111511230469,168.65280151367188
3477,3477,-10,104837,0.01,-6.6,83.38929748535156,172.47023010253906
3478,3478,-10,104855,0.01,-6.6,202.6048583984375,172.4582977294922
3479,3479,-10,104875,0.01,-6.6,589.0831909179688,176.42330932617188
3480,3480,-10,104895,0.01,-6.6,138.39837646484375,167.2281494140625
3481,3481,100,104896,0.01,-6.6,97.7994155883789,172.888427734375
3482,3482,-10,104915,0.01,-6.6,221.48321533203125,163.2542266845703
3483,3483,-10,104935,0.01,-6.6,95.40714263916016,180.02536010742188
3484,3484,-10,104954,0.01,-6.6,56.62322998046875,173.38494873046875
3485,3485,-10,104973,0.01,-6.6,177.08447265625,172.6644287109375
3486,3486,-10,104992,0.01,-6.6,100.35873413085938,165.1405029296875
3487,3487,-10,105011,0.01,-6.6,482.8285827636719,147.4705047607422
3488,3488,100,105012,0.01,-6.6,115.85092163085938,167.877685546875
3489,3489,-10,105030,0.01,-6.6,113.68992614746094,152.90472412109375
3490,3490,-10,105049,0.01,-6.6,95.49836730957031,169.23809814453125
3491,3491,100,105050,0.01,-6.6,233.43533325195312,164.490234375
3492,3492,100,105057,0.01,-6.6,168.19308471679688,158.398681640625
3493,3493,100,105063,0.01,-6.6,116.86222839355469,155.75360107421875
3494,3494,-10,105081,0.01,-6.6,76.7467269897461,175.08958435058594
3495,3495,-10,105100,0.01,-6.6,137.87814331054688,158.89218139648438
3496,3496,-10,105118,0.01,-6.6,122.59870910644531,161.12521362304688
3497,3497,-10,105137,0.01,-6.6,99.20692443847656,166.220458984375
3498,3498,-10,105155,0.01,-6.6,109.33358764648438,190.44903564453125
3499,3499,100,105156,0.01,-6.6,325.9798889160156,156.0067138671875
3500,3500,-10,105175,0.01,-6.6,63.689476013183594,156.78074645996094
3501,3501,-10,105194,0.0011999999999999997,17.6,78.59259796142578,165.9905242919922
3502,3502,-10,105212,0.0011999999999999997,17.6,169.3956298828125,174.08432006835938
3503,3503,-10,105230,0.0011999999999999997,17.6,89.96363830566406,168.65460205078125
3504,3504,-10,105249,0.0011999999999999997,17.6,83.10618591308594,137.16439819335938
3505,3505,-10,105269,0.0011999999999999997,17.6,129.99453735351562,168.217529296875
3506,3506,100,105270,0.0011999999999999997,17.6,177.08377075195312,155.44461059570312
3507,3507,-10,105288,0.0011999999999999997,17.6,81.81752014160156,156.4286651611328
3508,3508,100,105289,0.0011999999999999997,17.6,85.84703063964844,157.982177734375
3509,3509,-10,105307,0.0011999999999999997,17.6,298.78155517578125,163.1586151123047
3510,3510,-10,105326,0.0011999999999999997,17.6,115.00027465820312,178.02703857421875
3511,3511,-10,105344,0.0011999999999999997,17.6,121.67288970947266,169.76231384277344
3512,3512,-10,105364,0.0011999999999999997,17.6,86.16757202148438,167.5106201171875
3513,3513,-10,105384,0.0011999999999999997,17.6,214.38348388671875,168.51229858398438
3514,3514,-10,105404,0.0011999999999999997,17.6,97.65730285644531,170.11627197265625
3515,3515,-10,105423,0.0011999999999999997,17.6,104.1563949584961,171.80859375
3516,3516,-10,105441,0.0011999999999999997,17.6,129.49969482421875,135.14175415039062
3517,3517,100,105451,0.0011999999999999997,17.6,95.06399536132812,173.14625549316406
3518,3518,-10,105470,0.0011999999999999997,17.6,94.25749206542969,170.135498046875
3519,3519,-10,105488,0.0011999999999999997,17.6,82.19823455810547,173.97515869140625
3520,3520,-10,105507,0.0011999999999999997,17.6,213.015625,162.74627685546875
3521,3521,-10,105524,0.0011999999999999997,17.6,124.08232879638672,148.57566833496094
3522,3522,-10,105543,0.0011999999999999997,17.6,453.0950927734375,153.55126953125
3523,3523,-10,105562,0.0011999999999999997,17.6,182.095703125,177.42254638671875
3524,3524,-10,105580,0.0011999999999999997,17.6,169.35104370117188,164.51536560058594
3525,3525,-10,105598,0.0011999999999999997,17.6,92.97488403320312,163.10382080078125
3526,3526,100,105605,0.0011999999999999997,17.6,250.61669921875,148.65785217285156
3527,3527,-10,105623,0.0011999999999999997,17.6,136.67630004882812,155.14337158203125
3528,3528,-10,105642,0.0011999999999999997,17.6,438.651123046875,159.80845642089844
3529,3529,-10,105661,0.0011999999999999997,17.6,164.5936737060547,182.68231201171875
3530,3530,-10,105680,0.0011999999999999997,17.6,162.92718505859375,168.672119140625
3531,3531,-10,105699,0.0011999999999999997,17.6,84.7644271850586,172.99441528320312
3532,3532,-10,105718,0.0011999999999999997,17.6,137.55545043945312,156.15850830078125
3533,3533,-10,105737,0.0011999999999999997,17.6,125.88396453857422,179.86212158203125
3534,3534,-10,105755,0.0011999999999999997,17.6,91.1478271484375,161.63442993164062
3535,3535,-10,105773,0.0011999999999999997,17.6,66.87127685546875,161.15936279296875
3536,3536,-10,105792,0.0011999999999999997,17.6,56.07006072998047,181.36651611328125
3537,3537,-10,105811,0.0011999999999999997,17.6,226.076904296875,161.80294799804688
3538,3538,-10,105829,0.0011999999999999997,17.6,129.46009826660156,162.00381469726562
3539,3539,-10,105847,0.0011999999999999997,17.6,82.8763427734375,159.7880096435547
3540,3540,-10,105865,0.0011999999999999997,17.6,132.74407958984375,161.66751098632812
3541,3541,-10,105884,0.0011999999999999997,17.6,114.64585876464844,158.3128204345703
3542,3542,-10,105902,0.0011999999999999997,17.6,90.245361328125,163.27349853515625
3543,3543,-10,105920,0.0011999999999999997,17.6,164.27938842773438,168.3465576171875
3544,3544,-10,105939,0.0011999999999999997,17.6,89.06729125976562,170.33450317382812
3545,3545,-10,105960,0.0011999999999999997,17.6,89.4095458984375,155.79925537109375
3546,3546,-10,105978,0.0011999999999999997,17.6,107.42633819580078,152.74542236328125
3547,3547,-10,105997,0.0011999999999999997,17.6,119.45166778564453,155.33120727539062
3548,3548,-10,106016,0.0011999999999999997,17.6,134.16163635253906,163.2432403564453
3549,3549,-10,106033,0.0011999999999999997,17.6,97.85397338867188,166.015625
3550,3550,-10,106052,0.0011999999999999997,17.6,170.12042236328125,157.00469970703125
3551,3551,-10,106070,0.0078,-13.2,127.86581420898438,161.543212890625
3552,3552,-10,106089,0.0078,-13.2,287.8946533203125,166.55946350097656
3553,3553,-10,106107,0.0078,-13.2,204.7497100830078,164.8524932861328
3554,3554,-10,106126,0.0078,-13.2,84.55207061767578,179.2609100341797
3555,3555,-10,106145,0.0078,-13.2,81.17156219482422,170.52284240722656
3556,3556,-10,106163,0.0078,-13.2,76.34281921386719,169.12448120117188
3557,3557,100,106172,0.0078,-13.2,207.28302001953125,162.718017578125
3558,3558,-10,106191,0.0078,-13.2,93.81376647949219,156.8390655517578
3559,3559,-10,106210,0.0078,-13.2,128.03720092773438,163.86279296875
3560,3560,-10,106229,0.0078,-13.2,131.04747009277344,154.22610473632812
3561,3561,-10,106248,0.0078,-13.2,107.73696899414062,166.52090454101562
3562,3562,-10,106267,0.0078,-13.2,164.18304443359375,151.70887756347656
3563,3563,-10,106285,0.0078,-13.2,73.25677490234375,158.1480255126953
3564,3564,-10,106304,0.0078,-13.2,71.06814575195312,184.50038146972656
3565,3565,100,106305,0.0078,-13.2,94.46814727783203,153.83865356445312
3566,3566,-10,106324,0.0078,-13.2,83.30387115478516,164.56436157226562
3567,3567,-10,106342,0.0078,-13.2,90.20062255859375,164.5599822998047
3568,3568,-10,106363,0.0078,-13.2,605.545166015625,162.3917236328125
3569,3569,-10,106381,0.0078,-13.2,67.44248962402344,167.66949462890625
3570,3570,-10,106399,0.0078,-13.2,217.1339111328125,163.87986755371094
3571,3571,-10,106417,0.0078,-13.2,137.06954956054688,154.80569458007812
3572,3572,-10,106436,0.0078,-13.2,94.49398040771484,147.392578125
3573,3573,-10,106455,0.0078,-13.2,162.308837890625,154.9227294921875
3574,3574,-10,106473,0.0078,-13.2,103.08635711669922,158.69839477539062
3575,3575,-10,106491,0.0078,-13.2,92.15565490722656,154.10247802734375
3576,3576,-10,106510,0.0078,-13.2,102.98785400390625,164.43902587890625
3577,3577,-10,106528,0.0078,-13.2,212.45791625976562,158.5905303955078
3578,3578,-10,106546,0.0078,-13.2,134.61334228515625,159.35968017578125
3579,3579,-10,106565,0.0078,-13.2,76.31480407714844,155.63885498046875
3580,3580,-10,106583,0.0078,-13.2,169.86117553710938,139.55465698242188
3581,3581,-10,106602,0.0078,-13.2,142.2862091064453,170.11822509765625
3582,3582,-10,106620,0.0078,-13.2,111.15437316894531,157.36788940429688
3583,3583,100,106625,0.0078,-13.2,129.43942260742188,161.31979370117188
3584,3584,100,106632,0.0078,-13.2,90.20964050292969,159.72645568847656
3585,3585,-10,106651,0.0078,-13.2,93.06902313232422,163.77886962890625
3586,3586,-10,106670,0.0078,-13.2,119.61896514892578,156.84542846679688
3587,3587,-10,106688,0.0078,-13.2,165.9681854248047,157.09078979492188
3588,3588,-10,106707,0.0078,-13.2,139.27049255371094,152.35787963867188
3589,3589,-10,106725,0.0078,-13.2,97.69050598144531,165.3916015625
3590,3590,-10,106745,0.0078,-13.2,119.1855239868164,145.31654357910156
3591,3591,-10,106764,0.0078,-13.2,113.82069396972656,150.29324340820312
3592,3592,-10,106782,0.0078,-13.2,288.1857604980469,158.8708038330078
3593,3593,-10,106800,0.0078,-13.2,78.38166809082031,169.5782928466797
3594,3594,-10,106819,0.0078,-13.2,96.28578186035156,148.8570556640625
3595,3595,-10,106838,0.0078,-13.2,141.31626892089844,175.15802001953125
3596,3596,-10,106858,0.0078,-13.2,138.93157958984375,160.48135375976562
3597,3597,-10,106876,0.0078,-13.2,77.51119232177734,156.14239501953125
3598,3598,100,106877,0.0078,-13.2,186.86138916015625,159.69830322265625
3599,3599,-10,106896,0.0078,-13.2,84.00492095947266,160.22283935546875
3600,3600,-10,106914,0.0078,-13.2,127.20079803466797,162.3897247314453
3601,3601,-10,106936,0.006699999999999999,2.2,494.4056091308594,131.56356811523438
3602,3602,-10,106955,0.006699999999999999,2.2,95.00586700439453,142.54330444335938
3603,3603,-10,106975,0.006699999999999999,2.2,113.16578674316406,141.71047973632812
3604,3604,-10,106993,0.006699999999999999,2.2,191.96267700195312,154.42469787597656
3605,3605,-10,107011,0.006699999999999999,2.2,325.20953369140625,158.5482940673828
3606,3606,-10,107030,0.006699999999999999,2.2,119.68791198730469,164.59454345703125
3607,3607,100,107042,0.006699999999999999,2.2,81.29139709472656,147.55917358398438
3608,3608,-10,107060,0.006699999999999999,2.2,137.2149658203125,155.91229248046875
3609,3609,-10,107079,0.006699999999999999,2.2,94.11161041259766,156.18212890625
3610,3610,100,107084,0.006699999999999999,2.2,334.8638610839844,169.58004760742188
3611,3611,100,107085,0.006699999999999999,2.2,284.202392578125,150.88095092773438
3612,3612,100,107087,0.006699999999999999,2.2,87.4544906616211,156.54623413085938
3613,3613,-10,107105,0.006699999999999999,2.2,78.31895446777344,160.20504760742188
3614,3614,-10,107123,0.006699999999999999,2.2,301.657470703125,154.80335998535156
3615,3615,100,107124,0.006699999999999999,2.2,291.69927978515625,170.7627716064453
3616,3616,100,107130,0.006699999999999999,2.2,108.78448486328125,167.7686004638672
3617,3617,-10,107149,0.006699999999999999,2.2,83.33743286132812,170.87135314941406
3618,3618,100,107151,0.006699999999999999,2.2,84.77627563476562,150.68960571289062
3619,3619,-10,107171,0.006699999999999999,2.2,127.01578521728516,151.12896728515625
3620,3620,-10,107192,0.006699999999999999,2.2,129.76597595214844,160.90284729003906
3621,3621,-10,107210,0.006699999999999999,2.2,108.04867553710938,163.61407470703125
3622,3622,-10,107228,0.006699999999999999,2.2,179.93458557128906,142.93093872070312
3623,3623,-10,107246,0.006699999999999999,2.2,111.12334442138672,158.5750732421875
3624,3624,-10,107264,0.006699999999999999,2.2,122.58313751220703,146.7630157470703
3625,3625,-10,107282,0.006699999999999999,2.2,235.9087371826172,146.17694091796875
3626,3626,-10,107301,0.006699999999999999,2.2,171.87252807617188,158.55503845214844
3627,3627,-10,107320,0.006699999999999999,2.2,66.28333282470703,162.68453979492188
3628,3628,-10,107339,0.006699999999999999,2.2,274.82379150390625,175.87811279296875
3629,3629,-10,107359,0.006699999999999999,2.2,168.66470336914062,163.07958984375
3630,3630,-10,107377,0.006699999999999999,2.2,110.70641326904297,158.01571655273438
3631,3631,-10,107396,0.006699999999999999,2.2,65.01187133789062,163.45562744140625
3632,3632,-10,107415,0.006699999999999999,2.2,91.58076477050781,162.23204040527344
3633,3633,-10,107433,0.006699999999999999,2.2,119.65403747558594,143.22097778320312
3634,3634,-10,107451,0.006699999999999999,2.2,92.94113159179688,154.11196899414062
3635,3635,-10,107469,0.006699999999999999,2.2,89.64422607421875,165.79705810546875
3636,3636,-10,107488,0.006699999999999999,2.2,155.95834350585938,165.61590576171875
3637,3637,-10,107506,0.006699999999999999,2.2,318.42315673828125,160.39102172851562
3638,3638,-10,107526,0.006699999999999999,2.2,124.84288024902344,146.92193603515625
3639,3639,-10,107544,0.006699999999999999,2.2,193.17901611328125,136.82362365722656
3640,3640,-10,107563,0.006699999999999999,2.2,94.82565307617188,154.83990478515625
3641,3641,-10,107582,0.006699999999999999,2.2,527.5696411132812,147.63861083984375
3642,3642,-10,107601,0.006699999999999999,2.2,65.97024536132812,153.67088317871094
3643,3643,-10,107619,0.006699999999999999,2.2,137.09815979003906,156.03878784179688
3644,3644,-10,107638,0.006699999999999999,2.2,131.547119140625,157.8107147216797
3645,3645,-10,107656,0.006699999999999999,2.2,118.8715591430664,148.1051483154297
3646,3646,-10,107675,0.006699999999999999,2.2,138.8321075439453,160.78872680664062
3647,3647,100,107676,0.006699999999999999,2.2,239.6280975341797,154.21263122558594
3648,3648,-10,107695,0.006699999999999999,2.2,72.86211395263672,152.48312377929688
3649,3649,-10,107713,0.006699999999999999,2.2,199.3370819091797,149.3330078125
3650,3650,-10,107732,0.006699999999999999,2.2,168.233154296875,134.67379760742188
3651,3651,-10,107751,0.0033999999999999994,6.6,118.8818359375,162.07540893554688
3652,3652,-10,107770,0.0033999999999999994,6.6,55.087181091308594,164.39483642578125
3653,3653,-10,107789,0.0033999999999999994,6.6,73.61566925048828,159.2330322265625
3654,3654,-10,107807,0.0033999999999999994,6.6,89.38185119628906,147.2822723388672
3655,3655,-10,107826,0.0033999999999999994,6.6,114.21357727050781,149.4061279296875
3656,3656,-10,107844,0.0033999999999999994,6.6,98.65499877929688,146.59796142578125
3657,3657,100,107853,0.0033999999999999994,6.6,233.18035888671875,146.55609130859375
3658,3658,-10,107871,0.0033999999999999994,6.6,152.9296417236328,166.01724243164062
3659,3659,-10,107889,0.0033999999999999994,6.6,429.56390380859375,140.54476928710938
3660,3660,-10,107907,0.0033999999999999994,6.6,60.76216125488281,165.15626525878906
3661,3661,-10,107924,0.0033999999999999994,6.6,85.05595397949219,152.34378051757812
3662,3662,-10,107942,0.0033999999999999994,6.6,114.10803985595703,144.8313446044922
3663,3663,-10,107960,0.0033999999999999994,6.6,328.6972351074219,151.13133239746094
3664,3664,-10,107980,0.0033999999999999994,6.6,59.078704833984375,175.83309936523438
3665,3665,-10,107999,0.0033999999999999994,6.6,79.6209716796875,142.7366943359375
3666,3666,-10,108017,0.0033999999999999994,6.6,115.87408447265625,158.11026000976562
3667,3667,-10,108036,0.0033999999999999994,6.6,157.17294311523438,171.576171875
3668,3668,-10,108053,0.0033999999999999994,6.6,129.24826049804688,150.47445678710938
3669,3669,100,108061,0.0033999999999999994,6.6,226.02552795410156,150.18759155273438
3670,3670,-10,108080,0.0033999999999999994,6.6,83.59149932861328,152.52944946289062
3671,3671,-10,108098,0.0033999999999999994,6.6,117.9749984741211,133.54037475585938
3672,3672,-10,108116,0.0033999999999999994,6.6,134.44602966308594,145.63491821289062
3673,3673,-10,108134,0.0033999999999999994,6.6,90.25767517089844,159.01449584960938
3674,3674,-10,108153,0.0033999999999999994,6.6,151.73593139648438,158.80870056152344
3675,3675,-10,108172,0.0033999999999999994,6.6,153.0040740966797,146.03086853027344
3676,3676,-10,108191,0.0033999999999999994,6.6,86.07559204101562,153.27679443359375
3677,3677,-10,108209,0.0033999999999999994,6.6,299.2381286621094,149.37905883789062
3678,3678,-10,108227,0.0033999999999999994,6.6,91.88758087158203,142.7032012939453
3679,3679,100,108231,0.0033999999999999994,6.6,158.58596801757812,160.10020446777344
3680,3680,-10,108249,0.0033999999999999994,6.6,224.04583740234375,154.55447387695312
3681,3681,100,108250,0.0033999999999999994,6.6,92.9354019165039,149.25991821289062
3682,3682,-10,108268,0.0033999999999999994,6.6,187.65830993652344,167.02340698242188
3683,3683,-10,108288,0.0033999999999999994,6.6,195.14073181152344,145.83615112304688
3684,3684,-10,108307,0.0033999999999999994,6.6,68.55476379394531,151.88784790039062
3685,3685,-10,108325,0.0033999999999999994,6.6,97.87313842773438,144.08517456054688
3686,3686,-10,108344,0.0033999999999999994,6.6,120.30821228027344,144.13502502441406
3687,3687,100,108345,0.0033999999999999994,6.6,129.39935302734375,149.45428466796875
3688,3688,100,108346,0.0033999999999999994,6.6,67.66926574707031,137.0685577392578
3689,3689,-10,108364,0.0033999999999999994,6.6,83.99959564208984,148.9793701171875
3690,3690,-10,108382,0.0033999999999999994,6.6,108.00425720214844,133.67819213867188
3691,3691,100,108388,0.0033999999999999994,6.6,67.46171569824219,154.9934539794922
3692,3692,-10,108406,0.0033999999999999994,6.6,77.00151824951172,147.91668701171875
3693,3693,-10,108424,0.0033999999999999994,6.6,109.24726867675781,141.54762268066406
3694,3694,-10,108443,0.0033999999999999994,6.6,467.0373229980469,145.84104919433594
3695,3695,-10,108461,0.0033999999999999994,6.6,157.01705932617188,153.88636779785156
3696,3696,-10,108479,0.0033999999999999994,6.6,201.14862060546875,129.78555297851562
3697,3697,-10,108498,0.0033999999999999994,6.6,124.5219955444336,141.35977172851562
3698,3698,100,108505,0.0033999999999999994,6.6,131.6946258544922,151.18069458007812
3699,3699,-10,108523,0.0033999999999999994,6.6,109.70879364013672,136.33738708496094
3700,3700,-10,108542,0.0033999999999999994,6.6,97.51806640625,142.5998992919922
3701,3701,-10,108561,0.0033999999999999994,0.0,74.44746398925781,146.55226135253906
3702,3702,100,108562,0.0033999999999999994,0.0,261.81024169921875,146.968017578125
3703,3703,-10,108580,0.0033999999999999994,0.0,88.03703308105469,144.44198608398438
3704,3704,-10,108598,0.0033999999999999994,0.0,78.17070007324219,153.89535522460938
3705,3705,-10,108616,0.0033999999999999994,0.0,181.36956787109375,132.86883544921875
3706,3706,-10,108634,0.0033999999999999994,0.0,117.3797836303711,142.7510986328125
3707,3707,-10,108653,0.0033999999999999994,0.0,95.35543060302734,167.71804809570312
3708,3708,-10,108671,0.0033999999999999994,0.0,103.74771118164062,153.54464721679688
3709,3709,-10,108689,0.0033999999999999994,0.0,155.1221160888672,144.24835205078125
3710,3710,-10,108708,0.0033999999999999994,0.0,87.99625396728516,146.96864318847656
3711,3711,-10,108727,0.0033999999999999994,0.0,102.93305969238281,149.5006866455078
3712,3712,-10,108745,0.0033999999999999994,0.0,136.35232543945312,139.62611389160156
3713,3713,-10,108763,0.0033999999999999994,0.0,100.49916076660156,158.60018920898438
3714,3714,-10,108781,0.0033999999999999994,0.0,157.73916625976562,147.97023010253906
3715,3715,-10,108801,0.0033999999999999994,0.0,295.99346923828125,152.18580627441406
3716,3716,-10,108818,0.0033999999999999994,0.0,90.69038391113281,160.60287475585938
3717,3717,-10,108836,0.0033999999999999994,0.0,92.67169189453125,150.55323791503906
3718,3718,-10,108854,0.0033999999999999994,0.0,127.19648742675781,138.68878173828125
3719,3719,-10,108873,0.0033999999999999994,0.0,121.00689697265625,149.67269897460938
3720,3720,-10,108891,0.0033999999999999994,0.0,578.7046508789062,141.04550170898438
3721,3721,-10,108909,0.0033999999999999994,0.0,153.59217834472656,146.54776000976562
3722,3722,-10,108928,0.0033999999999999994,0.0,145.29525756835938,148.39752197265625
3723,3723,-10,108945,0.0033999999999999994,0.0,140.11331176757812,152.71237182617188
3724,3724,-10,108963,0.0033999999999999994,0.0,168.29928588867188,157.46902465820312
3725,3725,-10,108981,0.0033999999999999994,0.0,104.87696838378906,134.5596923828125
3726,3726,-10,108999,0.0033999999999999994,0.0,89.96595764160156,153.11709594726562
3727,3727,-10,109017,0.0033999999999999994,0.0,118.06788635253906,142.0304718017578
3728,3728,-10,109035,0.0033999999999999994,0.0,83.50386810302734,141.18577575683594
3729,3729,-10,109053,0.0033999999999999994,0.0,104.38386535644531,145.27919006347656
3730,3730,100,109063,0.0033999999999999994,0.0,114.59747314453125,148.65774536132812
3731,3731,-10,109082,0.0033999999999999994,0.0,183.61090087890625,147.2560577392578
3732,3732,-10,109100,0.0033999999999999994,0.0,89.37500762939453,150.11038208007812
3733,3733,-10,109118,0.0033999999999999994,0.0,82.93437194824219,141.20199584960938
3734,3734,100,109123,0.0033999999999999994,0.0,177.1290283203125,153.3854522705078
3735,3735,-10,109143,0.0033999999999999994,0.0,80.60643005371094,149.32144165039062
3736,3736,-10,109161,0.0033999999999999994,0.0,92.13671875,136.6285858154297
3737,3737,-10,109179,0.0033999999999999994,0.0,90.82252502441406,135.3607177734375
3738,3738,-10,109198,0.0033999999999999994,0.0,62.73530578613281,149.34573364257812
3739,3739,-10,109217,0.0033999999999999994,0.0,327.76190185546875,146.96156311035156
3740,3740,-10,109236,0.0033999999999999994,0.0,596.5955200195312,146.48492431640625
3741,3741,-10,109255,0.0033999999999999994,0.0,71.29239654541016,148.2171173095703
3742,3742,-10,109273,0.0033999999999999994,0.0,122.43242645263672,142.45260620117188
3743,3743,-10,109291,0.0033999999999999994,0.0,121.33221435546875,143.32125854492188
3744,3744,-10,109309,0.0033999999999999994,0.0,484.8326110839844,154.77896118164062
3745,3745,-10,109328,0.0033999999999999994,0.0,378.3450927734375,132.3954620361328
3746,3746,100,109329,0.0033999999999999994,0.0,119.70553588867188,129.53521728515625
3747,3747,-10,109347,0.0033999999999999994,0.0,63.61510467529297,145.8990936279297
3748,3748,100,109348,0.0033999999999999994,0.0,100.779052734375,153.08474731445312
3749,3749,-10,109366,0.0033999999999999994,0.0,98.529296875,135.4840087890625
3750,3750,-10,109384,0.0033999999999999994,0.0,263.87738037109375,150.42535400390625
3751,3751,-10,109402,0.006699999999999999,-6.6,164.0291748046875,134.88998413085938
3752,3752,-10,109420,0.006699999999999999,-6.6,277.0318908691406,148.38919067382812
3753,3753,-10,109437,0.006699999999999999,-6.6,135.228271484375,133.85427856445312
3754,3754,-10,109454,0.006699999999999999,-6.6,97.89187622070312,134.716796875
3755,3755,-10,109472,0.006699999999999999,-6.6,194.64759826660156,138.85157775878906
3756,3756,-10,109490,0.006699999999999999,-6.6,100.92266845703125,132.35116577148438
3757,3757,-10,109508,0.006699999999999999,-6.6,141.58033752441406,147.55801391601562
3758,3758,-10,109526,0.006699999999999999,-6.6,634.90185546875,133.42701721191406
3759,3759,-10,109544,0.006699999999999999,-6.6,97.68453979492188,146.9813232421875
3760,3760,-10,109563,0.006699999999999999,-6.6,170.9980926513672,142.86944580078125
3761,3761,-10,109581,0.006699999999999999,-6.6,71.90637969970703,153.0552978515625
3762,3762,-10,109600,0.006699999999999999,-6.6,72.52862548828125,155.13381958007812
3763,3763,-10,109619,0.006699999999999999,-6.6,138.80450439453125,156.59756469726562
3764,3764,100,109622,0.006699999999999999,-6.6,83.32904815673828,141.8690948486328
3765,3765,-10,109640,0.006699999999999999,-6.6,519.0299072265625,149.01663208007812
3766,3766,-10,109659,0.006699999999999999,-6.6,101.90254211425781,144.78555297851562
3767,3767,-10,109677,0.006699999999999999,-6.6,97.07852172851562,138.54385375976562
3768,3768,-10,109695,0.006699999999999999,-6.6,173.84295654296875,142.46798706054688
3769,3769,-10,109714,0.006699999999999999,-6.6,89.00248718261719,139.15573120117188
3770,3770,-10,109733,0.006699999999999999,-6.6,102.24063110351562,137.6011962890625
3771,3771,-10,109750,0.006699999999999999,-6.6,81.98076629638672,130.68531799316406
3772,3772,-10,109768,0.006699999999999999,-6.6,172.95509338378906,136.8665313720703
3773,3773,-10,109788,0.006699999999999999,-6.6,157.55397033691406,147.26361083984375
3774,3774,100,109791,0.006699999999999999,-6.6,161.8603515625,133.16921997070312
3775,3775,-10,109809,0.006699999999999999,-6.6,81.20852661132812,140.94261169433594
3776,3776,-10,109828,0.006699999999999999,-6.6,108.812744140625,130.9260711669922
3777,3777,-10,109845,0.006699999999999999,-6.6,104.63607788085938,136.6875
3778,3778,-10,109863,0.006699999999999999,-6.6,122.20516204833984,132.12954711914062
3779,3779,-10,109881,0.006699999999999999,-6.6,116.48968505859375,159.39727783203125
3780,3780,100,109883,0.006699999999999999,-6.6,105.72935485839844,135.17726135253906
3781,3781,-10,109902,0.006699999999999999,-6.6,65.8886947631836,126.69422912597656
3782,3782,-10,109920,0.006699999999999999,-6.6,70.57819366455078,140.32928466796875
3783,3783,-10,109939,0.006699999999999999,-6.6,68.65796661376953,138.18099975585938
3784,3784,-10,109957,0.006699999999999999,-6.6,232.02696228027344,131.50851440429688
3785,3785,-10,109975,0.006699999999999999,-6.6,741.3585205078125,149.81912231445312
3786,3786,-10,109994,0.006699999999999999,-6.6,119.08180236816406,150.3717041015625
3787,3787,-10,110012,0.006699999999999999,-6.6,105.67549896240234,137.70150756835938
3788,3788,100,110013,0.006699999999999999,-6.6,158.61386108398438,139.55001831054688
3789,3789,-10,110031,0.006699999999999999,-6.6,100.3515625,145.90017700195312
3790,3790,-10,110050,0.006699999999999999,-6.6,60.581993103027344,128.06686401367188
3791,3791,100,110054,0.006699999999999999,-6.6,118.17012786865234,139.11659240722656
3792,3792,-10,110073,0.006699999999999999,-6.6,107.51538848876953,145.72816467285156
3793,3793,-10,110091,0.006699999999999999,-6.6,113.07453918457031,135.99526977539062
3794,3794,-10,110110,0.006699999999999999,-6.6,88.62214660644531,150.5751190185547
3795,3795,-10,110129,0.006699999999999999,-6.6,117.90860748291016,133.7721405029297
3796,3796,100,110132,0.006699999999999999,-6.6,95.99018859863281,148.0906982421875
3797,3797,-10,110150,0.006699999999999999,-6.6,99.1197280883789,147.4934539794922
3798,3798,-10,110168,0.006699999999999999,-6.6,173.6501007080078,145.79852294921875
3799,3799,100,110169,0.006699999999999999,-6.6,352.51495361328125,134.57266235351562
3800,3800,-10,110188,0.006699999999999999,-6.6,100.4696044921875,160.3756103515625
3801,3801,100,110195,0.004499999999999999,4.4,109.60995483398438,131.81869506835938
3802,3802,-10,110214,0.004499999999999999,4.4,90.48832702636719,138.3035430908203
3803,3803,-10,110232,0.004499999999999999,4.4,124.59773254394531,144.91122436523438
3804,3804,-10,110251,0.004499999999999999,4.4,211.05470275878906,140.23284912109375
3805,3805,-10,110269,0.004499999999999999,4.4,126.0391616821289,125.890869140625
3806,3806,-10,110287,0.004499999999999999,4.4,211.71331787109375,145.15338134765625
3807,3807,-10,110304,0.004499999999999999,4.4,122.45938873291016,127.34561157226562
3808,3808,100,110305,0.004499999999999999,4.4,103.52234649658203,129.25335693359375
3809,3809,-10,110325,0.004499999999999999,4.4,84.04692077636719,137.72398376464844
3810,3810,-10,110344,0.004499999999999999,4.4,53.33644104003906,137.7943115234375
3811,3811,-10,110362,0.004499999999999999,4.4,140.6890869140625,126.77946472167969
3812,3812,-10,110382,0.004499999999999999,4.4,82.55945587158203,140.31285095214844
3813,3813,-10,110401,0.004499999999999999,4.4,160.23681640625,131.2930145263672
3814,3814,-10,110419,0.004499999999999999,4.4,95.35871887207031,133.34872436523438
3815,3815,-10,110437,0.004499999999999999,4.4,87.82139587402344,145.5042724609375
3816,3816,-10,110455,0.004499999999999999,4.4,85.52574157714844,148.7432861328125
3817,3817,-10,110475,0.004499999999999999,4.4,101.38772583007812,137.65484619140625
3818,3818,-10,110493,0.004499999999999999,4.4,126.53324890136719,135.79190063476562
3819,3819,-10,110511,0.004499999999999999,4.4,82.37796783447266,155.03994750976562
3820,3820,-10,110529,0.004499999999999999,4.4,144.7735595703125,140.83685302734375
3821,3821,-10,110548,0.004499999999999999,4.4,460.59930419921875,122.50422668457031
3822,3822,-10,110567,0.004499999999999999,4.4,71.57777404785156,149.009521484375
3823,3823,100,110568,0.004499999999999999,4.4,103.25672912597656,140.43939208984375
3824,3824,-10,110585,0.004499999999999999,4.4,165.3375701904297,132.39727783203125
3825,3825,-10,110603,0.004499999999999999,4.4,58.06299591064453,138.07586669921875
3826,3826,-10,110622,0.004499999999999999,4.4,263.2366943359375,127.41891479492188
3827,3827,-10,110641,0.004499999999999999,4.4,85.26878356933594,142.69143676757812
3828,3828,-10,110661,0.004499999999999999,4.4,78.2098388671875,141.9019775390625
3829,3829,-10,110679,0.004499999999999999,4.4,118.20802307128906,133.37847900390625
3830,3830,-10,110697,0.004499999999999999,4.4,86.52278137207031,135.54513549804688
3831,3831,-10,110715,0.004499999999999999,4.4,88.09428405761719,139.47174072265625
3832,3832,100,110716,0.004499999999999999,4.4,87.02690124511719,144.5800018310547
3833,3833,-10,110734,0.004499999999999999,4.4,255.853271484375,129.42529296875
3834,3834,-10,110752,0.004499999999999999,4.4,97.64399719238281,134.27288818359375
3835,3835,-10,110772,0.004499999999999999,4.4,138.64773559570312,127.05470275878906
3836,3836,-10,110790,0.004499999999999999,4.4,88.98077392578125,146.95431518554688
3837,3837,-10,110807,0.004499999999999999,4.4,99.51155853271484,144.25347900390625
3838,3838,-10,110825,0.004499999999999999,4.4,134.872314453125,137.2508087158203
3839,3839,-10,110843,0.004499999999999999,4.4,158.39505004882812,132.50384521484375
3840,3840,-10,110862,0.004499999999999999,4.4,123.3437728881836,148.45492553710938
3841,3841,-10,110880,0.004499999999999999,4.4,138.45404052734375,134.37709045410156
3842,3842,-10,110898,0.004499999999999999,4.4,101.16779327392578,122.62476348876953
3843,3843,-10,110917,0.004499999999999999,4.4,73.87321472167969,140.6540069580078
3844,3844,-10,110935,0.004499999999999999,4.4,149.14703369140625,130.06982421875
3845,3845,-10,110952,0.004499999999999999,4.4,83.5607681274414,122.86685180664062
3846,3846,-10,110971,0.004499999999999999,4.4,64.51432800292969,134.98486328125
3847,3847,-10,110989,0.004499999999999999,4.4,150.52890014648438,131.20941162109375
3848,3848,-10,111007,0.004499999999999999,4.4,114.95703125,133.27102661132812
3849,3849,-10,111025,0.004499999999999999,4.4,94.4994888305664,131.31549072265625
3850,3850,-10,111043,0.004499999999999999,4.4,101.81422424316406,134.556396484375
3851,3851,100,111044,0.0078,-6.6000000000000005,113.5832748413086,115.74556732177734
3852,3852,-10,111062,0.0078,-6.6000000000000005,70.35826873779297,130.70892333984375
3853,3853,-10,111080,0.0078,-6.6000000000000005,105.8919677734375,139.24139404296875
3854,3854,-10,111098,0.0078,-6.6000000000000005,64.60814666748047,139.21392822265625
3855,3855,-10,111115,0.0078,-6.6000000000000005,107.08662414550781,131.26705932617188
3856,3856,-10,111133,0.0078,-6.6000000000000005,80.44424438476562,147.1171875
3857,3857,-10,111151,0.0078,-6.6000000000000005,81.78019714355469,132.42822265625
3858,3858,-10,111171,0.0078,-6.6000000000000005,102.49034118652344,142.08676147460938
3859,3859,-10,111189,0.0078,-6.6000000000000005,112.5230941772461,144.23277282714844
3860,3860,-10,111208,0.0078,-6.6000000000000005,71.65773010253906,137.96224975585938
3861,3861,-10,111227,0.0078,-6.6000000000000005,97.28712463378906,129.67825317382812
3862,3862,-10,111246,0.0078,-6.6000000000000005,78.83123016357422,117.6169204711914
3863,3863,-10,111265,0.0078,-6.6000000000000005,75.72562408447266,129.9346923828125
3864,3864,-10,111284,0.0078,-6.6000000000000005,215.76876831054688,122.08700561523438
3865,3865,-10,111302,0.0078,-6.6000000000000005,125.42269897460938,145.60072326660156
3866,3866,-10,111320,0.0078,-6.6000000000000005,46.67864990234375,134.08802795410156
3867,3867,-10,111339,0.0078,-6.6000000000000005,80.22515869140625,137.2761993408203
3868,3868,-10,111358,0.0078,-6.6000000000000005,93.15436553955078,140.95236206054688
3869,3869,-10,111375,0.0078,-6.6000000000000005,301.5692138671875,126.01332092285156
3870,3870,-10,111394,0.0078,-6.6000000000000005,73.15008544921875,133.4054412841797
3871,3871,-10,111412,0.0078,-6.6000000000000005,76.11278533935547,135.38034057617188
3872,3872,-10,111431,0.0078,-6.6000000000000005,671.7456665039062,137.17738342285156
3873,3873,-10,111450,0.0078,-6.6000000000000005,96.6402587890625,129.35946655273438
3874,3874,-10,111468,0.0078,-6.6000000000000005,70.4156494140625,143.27549743652344
3875,3875,-10,111486,0.0078,-6.6000000000000005,111.1016616821289,109.54170989990234
3876,3876,-10,111504,0.0078,-6.6000000000000005,74.21620178222656,127.95660400390625
3877,3877,-10,111522,0.0078,-6.6000000000000005,119.61956787109375,135.83343505859375
3878,3878,-10,111540,0.0078,-6.6000000000000005,132.37442016601562,128.28533935546875
3879,3879,-10,111558,0.0078,-6.6000000000000005,96.43090057373047,137.2368621826172
3880,3880,-10,111577,0.0078,-6.6000000000000005,307.69818115234375,121.33134460449219
3881,3881,-10,111595,0.0078,-6.6000000000000005,59.459861755371094,132.5548095703125
3882,3882,-10,111613,0.0078,-6.6000000000000005,76.57069396972656,124.62014770507812
3883,3883,-10,111632,0.0078,-6.6000000000000005,93.21507263183594,132.63223266601562
3884,3884,-10,111649,0.0078,-6.6000000000000005,137.92478942871094,142.56198120117188
3885,3885,-10,111668,0.0078,-6.6000000000000005,101.05945587158203,135.35317993164062
3886,3886,-10,111687,0.0078,-6.6000000000000005,84.38765716552734,139.94882202148438
3887,3887,-10,111705,0.0078,-6.6000000000000005,110.28082275390625,115.7830810546875
3888,3888,-10,111722,0.0078,-6.6000000000000005,56.11039733886719,138.29782104492188
3889,3889,-10,111741,0.0078,-6.6000000000000005,80.34259033203125,118.71470642089844
3890,3890,-10,111759,0.0078,-6.6000000000000005,574.1142578125,135.3858642578125
3891,3891,-10,111778,0.0078,-6.6000000000000005,95.54422760009766,122.75411987304688
3892,3892,-10,111797,0.0078,-6.6000000000000005,135.30007934570312,119.46902465820312
3893,3893,-10,111816,0.0078,-6.6000000000000005,86.4903564453125,127.5190658569336
3894,3894,-10,111834,0.0078,-6.6000000000000005,105.99665832519531,128.63473510742188
3895,3895,-10,111853,0.0078,-6.6000000000000005,69.6468734741211,129.5900421142578
3896,3896,-10,111871,0.0078,-6.6000000000000005,243.52023315429688,149.27542114257812
3897,3897,-10,111890,0.0078,-6.6000000000000005,102.4039306640625,113.53659057617188
3898,3898,-10,111909,0.0078,-6.6000000000000005,73.69535064697266,135.1647491455078
3899,3899,-10,111928,0.0078,-6.6000000000000005,75.21048736572266,133.16082763671875
3900,3900,-10,111947,0.0078,-6.6000000000000005,126.73336791992188,122.06961822509766
3901,3901,-10,111966,0.01,-6.6,53.44578552246094,130.671142578125
3902,3902,-10,111985,0.01,-6.6,151.81777954101562,114.64031982421875
3903,3903,-10,112003,0.01,-6.6,85.78215026855469,136.63177490234375
3904,3904,-10,112021,0.01,-6.6,58.42233657836914,147.73184204101562
3905,3905,-10,112039,0.01,-6.6,115.93073272705078,134.86471557617188
3906,3906,-10,112058,0.01,-6.6,287.5269775390625,119.09786987304688
3907,3907,-10,112077,0.01,-6.6,72.70370483398438,121.69374084472656
3908,3908,-10,112095,0.01,-6.6,131.49853515625,143.97515869140625
3909,3909,-10,112114,0.01,-6.6,73.92564392089844,133.34756469726562
3910,3910,-10,112133,0.01,-6.6,137.24908447265625,116.27565002441406
3911,3911,-10,112151,0.01,-6.6,76.53173828125,116.05593872070312
3912,3912,-10,112170,0.01,-6.6,144.51734924316406,125.21040344238281
3913,3913,-10,112189,0.01,-6.6,189.640380859375,112.87879943847656
3914,3914,-10,112207,0.01,-6.6,123.72311401367188,125.76724243164062
3915,3915,-10,112225,0.01,-6.6,105.02079772949219,127.58355712890625
3916,3916,-10,112243,0.01,-6.6,101.53582000732422,127.363037109375
3917,3917,100,112245,0.01,-6.6,77.62428283691406,122.679931640625
3918,3918,-10,112264,0.01,-6.6,95.13175964355469,141.00555419921875
3919,3919,-10,112282,0.01,-6.6,108.05966186523438,130.75689697265625
3920,3920,-10,112301,0.01,-6.6,187.6046142578125,132.03701782226562
3921,3921,-10,112318,0.01,-6.6,69.0156478881836,132.29574584960938
3922,3922,-10,112336,0.01,-6.6,221.134521484375,114.011474609375
3923,3923,-10,112354,0.01,-6.6,98.85185241699219,125.49641418457031
3924,3924,-10,112373,0.01,-6.6,95.11018371582031,115.26167297363281
3925,3925,-10,112391,0.01,-6.6,230.673828125,106.97280883789062
3926,3926,100,112392,0.01,-6.6,133.91436767578125,120.3900146484375
3927,3927,100,112393,0.01,-6.6,130.89598083496094,123.60189819335938
3928,3928,-10,112411,0.01,-6.6,132.11874389648438,133.39633178710938
3929,3929,-10,112430,0.01,-6.6,192.03524780273438,111.92984008789062
3930,3930,-10,112448,0.01,-6.6,73.63563537597656,127.63801574707031
3931,3931,-10,112467,0.01,-6.6,118.80164337158203,118.87637329101562
3932,3932,-10,112485,0.01,-6.6,86.87449645996094,132.89793395996094
3933,3933,100,112493,0.01,-6.6,87.80799865722656,128.00318908691406
3934,3934,-10,112510,0.01,-6.6,109.55224609375,128.3604736328125
3935,3935,100,112512,0.01,-6.6,103.43989562988281,121.89461517333984
3936,3936,-10,112533,0.01,-6.6,88.48155212402344,128.7082061767578
3937,3937,-10,112551,0.01,-6.6,129.7918243408203,130.42840576171875
3938,3938,100,112552,0.01,-6.6,330.7354431152344,121.5213394165039
3939,3939,-10,112571,0.01,-6.6,97.19099426269531,118.88169860839844
3940,3940,-10,112590,0.01,-6.6,55.99201965332031,136.5975799560547
3941,3941,-10,112609,0.01,-6.6,210.74603271484375,120.32717895507812
3942,3942,-10,112627,0.01,-6.6,65.08484649658203,133.92071533203125
3943,3943,-10,112646,0.01,-6.6,621.2930297851562,131.20751953125
3944,3944,-10,112666,0.01,-6.6,102.44619750976562,129.61904907226562
3945,3945,-10,112686,0.01,-6.6,214.03237915039062,127.92283630371094
3946,3946,-10,112706,0.01,-6.6,50.63623046875,132.23922729492188
3947,3947,-10,112724,0.01,-6.6,115.83094787597656,120.7389144897461
3948,3948,-10,112742,0.01,-6.6,144.79800415039062,124.28572845458984
3949,3949,100,112745,0.01,-6.6,110.48007202148438,132.24539184570312
3950,3950,-10,112764,0.01,-6.6,66.43605041503906,134.41424560546875
3951,3951,-10,112782,0.0034000000000000002,13.2,85.94087219238281,127.4082260131836
3952,3952,-10,112800,0.0034000000000000002,13.2,81.09007263183594,128.4867706298828
3953,3953,-10,112819,0.0034000000000000002,13.2,122.00486755371094,119.77023315429688
3954,3954,-10,112837,0.0034000000000000002,13.2,421.4781494140625,129.0875244140625
3955,3955,-10,112855,0.0034000000000000002,13.2,111.86405944824219,123.18043518066406
3956,3956,-10,112873,0.0034000000000000002,13.2,67.56918334960938,134.87359619140625
3957,3957,-10,112891,0.0034000000000000002,13.2,64.0872802734375,128.2935333251953
3958,3958,-10,112909,0.0034000000000000002,13.2,74.13639068603516,128.29534912109375
3959,3959,-10,112927,0.0034000000000000002,13.2,184.9481201171875,118.72611999511719
3960,3960,-10,112946,0.0034000000000000002,13.2,113.72198486328125,124.45472717285156
3961,3961,-10,112964,0.0034000000000000002,13.2,83.62409973144531,119.82200622558594
3962,3962,-10,112982,0.0034000000000000002,13.2,72.90386962890625,123.42827606201172
3963,3963,-10,113001,0.0034000000000000002,13.2,169.9355010986328,111.4117660522461
3964,3964,-10,113019,0.0034000000000000002,13.2,291.079345703125,118.12712097167969
3965,3965,-10,113037,0.0034000000000000002,13.2,266.274658203125,129.78123474121094
3966,3966,-10,113055,0.0034000000000000002,13.2,98.766845703125,109.76900482177734
3967,3967,-10,113074,0.0034000000000000002,13.2,56.18705368041992,119.81715393066406
3968,3968,100,113077,0.0034000000000000002,13.2,86.02056884765625,130.3018798828125
3969,3969,-10,113095,0.0034000000000000002,13.2,101.44393920898438,132.56259155273438
3970,3970,-10,113114,0.0034000000000000002,13.2,81.62342071533203,117.47772216796875
3971,3971,-10,113132,0.0034000000000000002,13.2,66.14092254638672,117.52407836914062
3972,3972,-10,113150,0.0034000000000000002,13.2,142.5046844482422,119.98826599121094
3973,3973,-10,113168,0.0034000000000000002,13.2,78.21664428710938,126.60020446777344
3974,3974,-10,113186,0.0034000000000000002,13.2,68.37836456298828,119.30734252929688
3975,3975,-10,113204,0.0034000000000000002,13.2,101.5745849609375,143.7383575439453
3976,3976,-10,113222,0.0034000000000000002,13.2,133.78762817382812,115.52386474609375
3977,3977,-10,113241,0.0034000000000000002,13.2,76.2645034790039,129.68955993652344
3978,3978,-10,113259,0.0034000000000000002,13.2,266.21075439453125,122.73551940917969
3979,3979,-10,113278,0.0034000000000000002,13.2,82.627197265625,132.85781860351562
3980,3980,-10,113296,0.0034000000000000002,13.2,76.30931854248047,121.19073486328125
3981,3981,-10,113315,0.0034000000000000002,13.2,151.33236694335938,117.5162353515625
3982,3982,-10,113333,0.0034000000000000002,13.2,58.595394134521484,124.74773406982422
3983,3983,100,113334,0.0034000000000000002,13.2,115.82917022705078,120.62576293945312
3984,3984,-10,113352,0.0034000000000000002,13.2,255.26087951660156,119.30593872070312
3985,3985,100,113360,0.0034000000000000002,13.2,100.44166564941406,135.27505493164062
3986,3986,100,113362,0.0034000000000000002,13.2,145.34906005859375,118.51829528808594
3987,3987,-10,113380,0.0034000000000000002,13.2,109.44091796875,127.79218292236328
3988,3988,100,113388,0.0034000000000000002,13.2,89.67191314697266,137.33668518066406
3989,3989,-10,113406,0.0034000000000000002,13.2,93.15354919433594,112.79156494140625
3990,3990,-10,113424,0.0034000000000000002,13.2,71.7896499633789,107.9077377319336
3991,3991,-10,113441,0.0034000000000000002,13.2,82.39346313476562,120.79389953613281
3992,3992,100,113442,0.0034000000000000002,13.2,65.62907409667969,114.2746810913086
3993,3993,-10,113460,0.0034000000000000002,13.2,172.24020385742188,120.94007110595703
3994,3994,-10,113478,0.0034000000000000002,13.2,180.976318359375,121.18934631347656
3995,3995,100,113482,0.0034000000000000002,13.2,68.02352905273438,123.94146728515625
3996,3996,-10,113500,0.0034000000000000002,13.2,96.29441833496094,119.6453628540039
3997,3997,-10,113518,0.0034000000000000002,13.2,418.0151672363281,120.57608032226562
3998,3998,-10,113536,0.0034000000000000002,13.2,65.06234741210938,119.50293731689453
3999,3999,-10,113554,0.0034000000000000002,13.2,84.4432373046875,126.12433624267578
4000,4000,-10,113572,0.0034000000000000002,13.2,86.85044860839844,127.85365295410156
4001,4001,-10,113590,0.0034000000000000002,0.0,99.06644439697266,115.15379333496094
4002,4002,-10,113609,0.0034000000000000002,0.0,75.23104858398438,131.0915069580078
4003,4003,-10,113626,0.0034000000000000002,0.0,118.02717590332031,118.86503601074219
4004,4004,-10,113644,0.0034000000000000002,0.0,84.39874267578125,116.34489440917969
4005,4005,100,113645,0.0034000000000000002,0.0,378.0028076171875,124.41534423828125
4006,4006,-10,113663,0.0034000000000000002,0.0,147.0382080078125,127.14305114746094
4007,4007,-10,113681,0.0034000000000000002,0.0,108.12757873535156,125.93428802490234
4008,4008,-10,113699,0.0034000000000000002,0.0,73.99519348144531,128.56808471679688
4009,4009,-10,113718,0.0034000000000000002,0.0,75.30572509765625,117.41529846191406
4010,4010,-10,113736,0.0034000000000000002,0.0,92.94783020019531,99.91175842285156
4011,4011,-10,113754,0.0034000000000000002,0.0,83.85536193847656,120.73561096191406
4012,4012,-10,113772,0.0034000000000000002,0.0,80.48422241210938,127.80757141113281
4013,4013,-10,113791,0.0034000000000000002,0.0,102.57498931884766,117.4676284790039
4014,4014,-10,113811,0.0034000000000000002,0.0,115.46206665039062,120.31582641601562
4015,4015,-10,113829,0.0034000000000000002,0.0,97.82099151611328,129.057373046875
4016,4016,100,113836,0.0034000000000000002,0.0,68.02139282226562,129.75054931640625
4017,4017,-10,113855,0.0034000000000000002,0.0,99.63404846191406,121.12078857421875
4018,4018,-10,113873,0.0034000000000000002,0.0,101.11045837402344,123.12495422363281
4019,4019,-10,113891,0.0034000000000000002,0.0,84.65080261230469,111.5311508178711
4020,4020,-10,113909,0.0034000000000000002,0.0,148.98080444335938,128.1380615234375
4021,4021,-10,113927,0.0034000000000000002,0.0,83.20584106445312,123.6744384765625
4022,4022,-10,113945,0.0034000000000000002,0.0,101.85310363769531,120.43374633789062
4023,4023,-10,113963,0.0034000000000000002,0.0,212.55874633789062,119.6684799194336
4024,4024,-10,113981,0.0034000000000000002,0.0,79.18269348144531,105.7484359741211
4025,4025,-10,114000,0.0034000000000000002,0.0,82.23049926757812,127.5621109008789
4026,4026,-10,114018,0.0034000000000000002,0.0,125.60425567626953,122.42842102050781
4027,4027,-10,114037,0.0034000000000000002,0.0,137.0453643798828,126.58611297607422
4028,4028,-10,114055,0.0034000000000000002,0.0,116.59516906738281,130.8119354248047
4029,4029,-10,114073,0.0034000000000000002,0.0,147.3300323486328,116.453125
4030,4030,-10,114092,0.0034000000000000002,0.0,152.6250762939453,115.26240539550781
4031,4031,-10,114110,0.0034000000000000002,0.0,123.29708862304688,123.80575561523438
4032,4032,-10,114128,0.0034000000000000002,0.0,248.96192932128906,119.09535217285156
4033,4033,100,114129,0.0034000000000000002,0.0,51.31355285644531,120.58735656738281
4034,4034,-10,114147,0.0034000000000000002,0.0,75.94610595703125,110.79505920410156
4035,4035,-10,114165,0.0034000000000000002,0.0,55.67728805541992,117.55546569824219
4036,4036,-10,114183,0.0034000000000000002,0.0,175.15040588378906,117.58482360839844
4037,4037,-10,114201,0.0034000000000000002,0.0,118.3714828491211,120.8227767944336
4038,4038,-10,114220,0.0034000000000000002,0.0,149.56353759765625,137.45040893554688
4039,4039,-10,114238,0.0034000000000000002,0.0,56.09782409667969,114.69193267822266
4040,4040,-10,114257,0.0034000000000000002,0.0,89.30805969238281,115.92657470703125
4041,4041,-10,114275,0.0034000000000000002,0.0,101.7347183227539,127.31918334960938
4042,4042,-10,114293,0.0034000000000000002,0.0,171.92550659179688,106.12615966796875
4043,4043,-10,114312,0.0034000000000000002,0.0,64.2890625,122.93901062011719
4044,4044,-10,114330,0.0034000000000000002,0.0,65.73080444335938,118.89691162109375
4045,4045,-10,114348,0.0034000000000000002,0.0,432.9581298828125,118.11504364013672
4046,4046,-10,114366,0.0034000000000000002,0.0,82.92301177978516,128.18472290039062
4047,4047,-10,114384,0.0034000000000000002,0.0,171.39816284179688,112.9071044921875
4048,4048,-10,114402,0.0034000000000000002,0.0,91.1492919921875,125.199462890625
4049,4049,-10,114420,0.0034000000000000002,0.0,153.43557739257812,107.73056030273438
4050,4050,100,114425,0.0034000000000000002,0.0,472.55426025390625,122.07997131347656
4051,4051,100,114433,0.006700000000000001,-6.6000000000000005,82.61836242675781,122.32195281982422
4052,4052,-10,114452,0.006700000000000001,-6.6000000000000005,243.57276916503906,119.11250305175781
4053,4053,-10,114471,0.006700000000000001,-6.6000000000000005,180.31588745117188,116.93737030029297
4054,4054,-10,114489,0.006700000000000001,-6.6000000000000005,192.2701873779297,105.21057891845703
4055,4055,-10,114507,0.006700000000000001,-6.6000000000000005,96.65804290771484,131.76388549804688
4056,4056,100,114514,0.006700000000000001,-6.6000000000000005,108.30390930175781,117.67247009277344
4057,4057,-10,114533,0.006700000000000001,-6.6000000000000005,186.19766235351562,111.79953002929688
4058,4058,-10,114551,0.006700000000000001,-6.6000000000000005,101.85997009277344,116.08900451660156
4059,4059,-10,114570,0.006700000000000001,-6.6000000000000005,168.6668701171875,115.66736602783203
4060,4060,-10,114589,0.006700000000000001,-6.6000000000000005,93.12437438964844,111.77182006835938
4061,4061,100,114590,0.006700000000000001,-6.6000000000000005,93.21464538574219,114.7537841796875
4062,4062,-10,114609,0.006700000000000001,-6.6000000000000005,106.15093994140625,117.84369659423828
4063,4063,-10,114627,0.006700000000000001,-6.6000000000000005,78.54960632324219,119.80389404296875
4064,4064,-10,114645,0.006700000000000001,-6.6000000000000005,86.06193542480469,112.01033020019531
4065,4065,-10,114664,0.006700000000000001,-6.6000000000000005,89.03114318847656,124.58883666992188
4066,4066,100,114672,0.006700000000000001,-6.6000000000000005,121.09745788574219,119.24725341796875
4067,4067,-10,114690,0.006700000000000001,-6.6000000000000005,171.418212890625,114.933349609375
4068,4068,-10,114708,0.006700000000000001,-6.6000000000000005,95.09927368164062,115.84487915039062
4069,4069,-10,114726,0.006700000000000001,-6.6000000000000005,67.55694580078125,108.16773986816406
4070,4070,-10,114745,0.006700000000000001,-6.6000000000000005,154.64328002929688,112.05535888671875
4071,4071,-10,114764,0.006700000000000001,-6.6000000000000005,45.34574508666992,102.15496826171875
4072,4072,100,114770,0.006700000000000001,-6.6000000000000005,190.71572875976562,124.24014282226562
4073,4073,-10,114789,0.006700000000000001,-6.6000000000000005,70.20509338378906,136.74600219726562
4074,4074,-10,114809,0.006700000000000001,-6.6000000000000005,99.99341583251953,113.55821228027344
4075,4075,-10,114828,0.006700000000000001,-6.6000000000000005,118.82958984375,109.1573257446289
4076,4076,-10,114846,0.006700000000000001,-6.6000000000000005,53.25352478027344,126.60785675048828
4077,4077,-10,114864,0.006700000000000001,-6.6000000000000005,52.34357452392578,124.423095703125
4078,4078,-10,114882,0.006700000000000001,-6.6000000000000005,75.06340026855469,118.48472595214844
4079,4079,-10,114900,0.006700000000000001,-6.6000000000000005,71.73487854003906,120.948974609375
4080,4080,-10,114919,0.006700000000000001,-6.6000000000000005,109.16580200195312,115.8960952758789
4081,4081,-10,114937,0.006700000000000001,-6.6000000000000005,122.94258117675781,115.99530792236328
4082,4082,-10,114955,0.006700000000000001,-6.6000000000000005,133.92897033691406,122.00502014160156
4083,4083,-10,114973,0.006700000000000001,-6.6000000000000005,105.02027893066406,118.01568603515625
4084,4084,-10,114991,0.006700000000000001,-6.6000000000000005,235.08615112304688,100.72035217285156
4085,4085,-10,115009,0.006700000000000001,-6.6000000000000005,52.768463134765625,114.12782287597656
4086,4086,-10,115028,0.006700000000000001,-6.6000000000000005,92.83242797851562,115.58042907714844
4087,4087,-10,115047,0.006700000000000001,-6.6000000000000005,160.99868774414062,117.606689453125
4088,4088,100,115053,0.006700000000000001,-6.6000000000000005,78.84236145019531,126.09719848632812
4089,4089,-10,115071,0.006700000000000001,-6.6000000000000005,65.1544189453125,115.9592056274414
4090,4090,-10,115089,0.006700000000000001,-6.6000000000000005,43.298377990722656,119.536376953125
4091,4091,-10,115108,0.006700000000000001,-6.6000000000000005,507.9350891113281,111.09910583496094
4092,4092,-10,115126,0.006700000000000001,-6.6000000000000005,84.34358978271484,129.5982666015625
4093,4093,100,115127,0.006700000000000001,-6.6000000000000005,79.8544921875,123.29230499267578
4094,4094,100,115133,0.006700000000000001,-6.6000000000000005,130.0122833251953,112.17295837402344
4095,4095,-10,115152,0.006700000000000001,-6.6000000000000005,127.92727661132812,116.48768615722656
4096,4096,-10,115172,0.006700000000000001,-6.6000000000000005,126.1666030883789,111.7980728149414
4097,4097,-10,115191,0.006700000000000001,-6.6000000000000005,189.79248046875,122.37164306640625
4098,4098,-10,115210,0.006700000000000001,-6.6000000000000005,96.60395812988281,117.90181732177734
4099,4099,-10,115229,0.006700000000000001,-6.6000000000000005,55.66095733642578,126.35011291503906
4100,4100,-10,115248,0.006700000000000001,-6.6000000000000005,141.4759979248047,102.94764709472656
4101,4101,100,115251,0.0023000000000000017,8.799999999999999,52.11741638183594,101.77881622314453
4102,4102,-10,115269,0.0023000000000000017,8.799999999999999,40.89139938354492,125.03064727783203
4103,4103,-10,115288,0.0023000000000000017,8.799999999999999,164.41506958007812,105.08663177490234
4104,4104,-10,115306,0.0023000000000000017,8.799999999999999,58.87908172607422,122.61874389648438
4105,4105,-10,115324,0.0023000000000000017,8.799999999999999,99.79934692382812,123.77096557617188
4106,4106,-10,115342,0.0023000000000000017,8.799999999999999,96.04792785644531,121.541015625
4107,4107,-10,115361,0.0023000000000000017,8.799999999999999,201.6616668701172,110.46297454833984
4108,4108,-10,115379,0.0023000000000000017,8.799999999999999,334.10784912109375,113.61190795898438
4109,4109,-10,115398,0.0023000000000000017,8.799999999999999,68.94235229492188,118.08380126953125
4110,4110,-10,115417,0.0023000000000000017,8.799999999999999,75.36610412597656,108.53457641601562
4111,4111,-10,115435,0.0023000000000000017,8.799999999999999,67.46688842773438,96.93917846679688
4112,4112,-10,115454,0.0023000000000000017,8.799999999999999,109.06847381591797,110.57958984375
4113,4113,-10,115472,0.0023000000000000017,8.799999999999999,103.2913818359375,121.36870574951172
4114,4114,-10,115490,0.0023000000000000017,8.799999999999999,177.55885314941406,110.83999633789062
4115,4115,100,115497,0.0023000000000000017,8.799999999999999,85.06859588623047,121.62239837646484
4116,4116,-10,115516,0.0023000000000000017,8.799999999999999,90.16802215576172,126.2323989868164
4117,4117,-10,115534,0.0023000000000000017,8.799999999999999,128.8619384765625,123.25617980957031
4118,4118,-10,115554,0.0023000000000000017,8.799999999999999,86.66299438476562,122.74636840820312
4119,4119,-10,115572,0.0023000000000000017,8.799999999999999,90.20042419433594,102.47000122070312
4120,4120,-10,115590,0.0023000000000000017,8.799999999999999,97.00831604003906,113.0462417602539
4121,4121,-10,115608,0.0023000000000000017,8.799999999999999,110.91839599609375,105.47943115234375
4122,4122,-10,115627,0.0023000000000000017,8.799999999999999,155.06236267089844,100.44636535644531
4123,4123,100,115631,0.0023000000000000017,8.799999999999999,518.0909423828125,103.35054779052734
4124,4124,-10,115650,0.0023000000000000017,8.799999999999999,48.04769515991211,122.55082702636719
4125,4125,-10,115668,0.0023000000000000017,8.799999999999999,138.48211669921875,113.21958923339844
4126,4126,-10,115686,0.0023000000000000017,8.799999999999999,93.3411865234375,124.01626586914062
4127,4127,-10,115706,0.0023000000000000017,8.799999999999999,88.37866973876953,113.98715209960938
4128,4128,-10,115724,0.0023000000000000017,8.799999999999999,54.30534362792969,111.33039855957031
4129,4129,100,115725,0.0023000000000000017,8.799999999999999,46.628173828125,123.30355072021484
4130,4130,-10,115743,0.0023000000000000017,8.799999999999999,118.35124206542969,114.04977416992188
4131,4131,-10,115762,0.0023000000000000017,8.799999999999999,71.18054962158203,133.55810546875
4132,4132,-10,115780,0.0023000000000000017,8.799999999999999,97.6530990600586,120.48046875
4133,4133,-10,115798,0.0023000000000000017,8.799999999999999,92.27055358886719,102.23543548583984
4134,4134,-10,115816,0.0023000000000000017,8.799999999999999,73.52378845214844,119.78775024414062
4135,4135,-10,115834,0.0023000000000000017,8.799999999999999,44.130340576171875,107.91887664794922
4136,4136,-10,115852,0.0023000000000000017,8.799999999999999,84.69779205322266,104.15966796875
4137,4137,-10,115871,0.0023000000000000017,8.799999999999999,75.4857177734375,120.99454498291016
4138,4138,-10,115889,0.0023000000000000017,8.799999999999999,222.04315185546875,107.17454528808594
4139,4139,-10,115907,0.0023000000000000017,8.799999999999999,48.16265106201172,114.07405090332031
4140,4140,-10,115926,0.0023000000000000017,8.799999999999999,90.37527465820312,120.55815887451172
4141,4141,-10,115945,0.0023000000000000017,8.799999999999999,110.44459533691406,117.07818603515625
4142,4142,-10,115964,0.0023000000000000017,8.799999999999999,68.36454010009766,106.2968521118164
4143,4143,-10,115981,0.0023000000000000017,8.799999999999999,75.75093841552734,111.05511474609375
4144,4144,100,115989,0.0023000000000000017,8.799999999999999,82.65637969970703,115.52871704101562
4145,4145,-10,116008,0.0023000000000000017,8.799999999999999,122.04097747802734,112.73336791992188
4146,4146,-10,116028,0.0023000000000000017,8.799999999999999,82.34870147705078,108.06591033935547
4147,4147,-10,116046,0.0023000000000000017,8.799999999999999,67.10138702392578,114.48832702636719
4148,4148,-10,116065,0.0023000000000000017,8.799999999999999,62.66773223876953,104.84085083007812
4149,4149,-10,116083,0.0023000000000000017,8.799999999999999,105.56605529785156,107.41717529296875
4150,4150,100,116092,0.0023000000000000017,8.799999999999999,148.4090576171875,112.74951171875
4151,4151,-10,116112,0.004500000000000001,-4.3999999999999995,65.23316192626953,106.32367706298828
4152,4152,-10,116132,0.004500000000000001,-4.3999999999999995,75.3502197265625,110.15643310546875
4153,4153,-10,116150,0.004500000000000001,-4.3999999999999995,85.43323516845703,108.32617950439453
4154,4154,-10,116168,0.004500000000000001,-4.3999999999999995,53.11646270751953,120.98885345458984
4155,4155,-10,116186,0.004500000000000001,-4.3999999999999995,158.23736572265625,109.60511779785156
4156,4156,-10,116204,0.004500000000000001,-4.3999999999999995,67.3145751953125,113.94612121582031
4157,4157,-10,116223,0.004500000000000001,-4.3999999999999995,63.048641204833984,118.91647338867188
4158,4158,100,116224,0.004500000000000001,-4.3999999999999995,171.8976593017578,119.85372924804688
4159,4159,100,116230,0.004500000000000001,-4.3999999999999995,56.803916931152344,107.10525512695312
4160,4160,-10,116248,0.004500000000000001,-4.3999999999999995,95.07041931152344,110.52207946777344
4161,4161,-10,116266,0.004500000000000001,-4.3999999999999995,55.39335632324219,117.43792724609375
4162,4162,-10,116284,0.004500000000000001,-4.3999999999999995,84.56278991699219,116.96141052246094
4163,4163,-10,116302,0.004500000000000001,-4.3999999999999995,514.9927978515625,110.22241973876953
4164,4164,-10,116322,0.004500000000000001,-4.3999999999999995,485.7490539550781,118.53343963623047
4165,4165,-10,116340,0.004500000000000001,-4.3999999999999995,179.495849609375,114.79185485839844
4166,4166,-10,116358,0.004500000000000001,-4.3999999999999995,70.63390350341797,111.72918701171875
4167,4167,-10,116378,0.004500000000000001,-4.3999999999999995,98.68614196777344,106.34552764892578
4168,4168,-10,116397,0.004500000000000001,-4.3999999999999995,84.46886444091797,113.5955810546875
4169,4169,-10,116416,0.004500000000000001,-4.3999999999999995,123.033935546875,110.17578125
4170,4170,-10,116434,0.004500000000000001,-4.3999999999999995,84.21066284179688,127.31729125976562
4171,4171,-10,116453,0.004500000000000001,-4.3999999999999995,117.23387145996094,102.72529602050781
4172,4172,-10,116472,0.004500000000000001,-4.3999999999999995,52.42547607421875,121.46028900146484
4173,4173,-10,116490,0.004500000000000001,-4.3999999999999995,66.68467712402344,124.6622543334961
4174,4174,-10,116510,0.004500000000000001,-4.3999999999999995,363.5196228027344,111.70110321044922
4175,4175,100,116515,0.004500000000000001,-4.3999999999999995,76.11805725097656,117.21867370605469
4176,4176,-10,116533,0.004500000000000001,-4.3999999999999995,75.89555358886719,115.88552856445312
4177,4177,-10,116552,0.004500000000000001,-4.3999999999999995,223.21484375,112.38568115234375
4178,4178,-10,116574,0.004500000000000001,-4.3999999999999995,69.68441772460938,104.5783920288086
4179,4179,-10,116592,0.004500000000000001,-4.3999999999999995,244.1263885498047,99.74667358398438
4180,4180,-10,116612,0.004500000000000001,-4.3999999999999995,175.5950164794922,111.0916748046875
4181,4181,-10,116630,0.004500000000000001,-4.3999999999999995,108.39128875732422,111.67399597167969
4182,4182,-10,116648,0.004500000000000001,-4.3999999999999995,68.35330200195312,125.24586486816406
4183,4183,-10,116667,0.004500000000000001,-4.3999999999999995,180.8446807861328,107.88604736328125
4184,4184,-10,116685,0.004500000000000001,-4.3999999999999995,58.632781982421875,116.54635620117188
4185,4185,-10,116703,0.004500000000000001,-4.3999999999999995,91.69496154785156,99.74151611328125
4186,4186,-10,116722,0.004500000000000001,-4.3999999999999995,124.13951110839844,130.31964111328125
4187,4187,-10,116740,0.004500000000000001,-4.3999999999999995,75.84786987304688,109.08619689941406
4188,4188,-10,116759,0.004500000000000001,-4.3999999999999995,69.37594604492188,110.68465423583984
4189,4189,-10,116777,0.004500000000000001,-4.3999999999999995,104.35113525390625,111.37107849121094
4190,4190,-10,116798,0.004500000000000001,-4.3999999999999995,95.57101440429688,119.98297882080078
4191,4191,-10,116816,0.004500000000000001,-4.3999999999999995,91.03837585449219,104.93016052246094
4192,4192,100,116817,0.004500000000000001,-4.3999999999999995,54.195396423339844,121.166259765625
4193,4193,-10,116835,0.004500000000000001,-4.3999999999999995,50.865821838378906,132.20555114746094
4194,4194,-10,116853,0.004500000000000001,-4.3999999999999995,179.39308166503906,103.2659683227539
4195,4195,-10,116872,0.004500000000000001,-4.3999999999999995,74.83071899414062,105.90277099609375
4196,4196,100,116877,0.004500000000000001,-4.3999999999999995,53.772972106933594,116.76795196533203
4197,4197,-10,116896,0.004500000000000001,-4.3999999999999995,63.22289276123047,106.40093994140625
4198,4198,-10,116916,0.004500000000000001,-4.3999999999999995,106.62980651855469,112.11117553710938
4199,4199,-10,116934,0.004500000000000001,-4.3999999999999995,65.76132202148438,105.36531066894531
4200,4200,-10,116953,0.004500000000000001,-4.3999999999999995,111.79866027832031,116.16671752929688
4201,4201,-10,116971,0.005600000000000002,-2.2,114.45016479492188,95.6811294555664
4202,4202,-10,116990,0.005600000000000002,-2.2,73.38310241699219,98.30908966064453
4203,4203,-10,117011,0.005600000000000002,-2.2,78.1767807006836,112.89369201660156
4204,4204,-10,117029,0.005600000000000002,-2.2,77.64451599121094,106.796875
4205,4205,-10,117048,0.005600000000000002,-2.2,106.6630630493164,101.9755859375
4206,4206,-10,117067,0.005600000000000002,-2.2,139.90444946289062,100.91512298583984
4207,4207,-10,117085,0.005600000000000002,-2.2,70.28945922851562,109.74684143066406
4208,4208,-10,117104,0.005600000000000002,-2.2,94.19155883789062,112.44889831542969
4209,4209,-10,117122,0.005600000000000002,-2.2,74.78797149658203,101.85841369628906
4210,4210,-10,117141,0.005600000000000002,-2.2,104.76736450195312,116.46751403808594
4211,4211,-10,117159,0.005600000000000002,-2.2,161.5308074951172,94.62249755859375
4212,4212,-10,117177,0.005600000000000002,-2.2,148.79550170898438,93.07008361816406
4213,4213,-10,117195,0.005600000000000002,-2.2,61.27500915527344,104.251220703125
4214,4214,-10,117214,0.005600000000000002,-2.2,171.3964080810547,100.96745300292969
4215,4215,-10,117232,0.005600000000000002,-2.2,78.57671356201172,104.63325500488281
4216,4216,-10,117250,0.005600000000000002,-2.2,84.4039077758789,102.70092010498047
4217,4217,-10,117269,0.005600000000000002,-2.2,330.9846496582031,105.76668548583984
4218,4218,-10,117290,0.005600000000000002,-2.2,211.72898864746094,106.02767944335938
4219,4219,-10,117310,0.005600000000000002,-2.2,73.33606719970703,115.95638275146484
4220,4220,-10,117329,0.005600000000000002,-2.2,64.16912841796875,113.66874694824219
4221,4221,100,117333,0.005600000000000002,-2.2,107.55014038085938,108.0334243774414
4222,4222,-10,117351,0.005600000000000002,-2.2,61.19099807739258,101.83033752441406
4223,4223,-10,117369,0.005600000000000002,-2.2,92.75540161132812,107.40196228027344
4224,4224,100,117370,0.005600000000000002,-2.2,146.72946166992188,100.16389465332031
4225,4225,-10,117389,0.005600000000000002,-2.2,59.36293029785156,108.53794860839844
4226,4226,-10,117408,0.005600000000000002,-2.2,82.46563720703125,119.49224853515625
4227,4227,-10,117427,0.005600000000000002,-2.2,141.94140625,110.52654266357422
4228,4228,-10,117446,0.005600000000000002,-2.2,49.5833740234375,110.24372863769531
4229,4229,-10,117464,0.005600000000000002,-2.2,60.44319152832031,103.30767822265625
4230,4230,-10,117483,0.005600000000000002,-2.2,85.71351623535156,105.89420318603516
4231,4231,-10,117502,0.005600000000000002,-2.2,81.48297119140625,106.06358337402344
4232,4232,-10,117520,0.005600000000000002,-2.2,65.55705261230469,115.93766784667969
4233,4233,-10,117538,0.005600000000000002,-2.2,209.75912475585938,103.33441925048828
4234,4234,100,117539,0.005600000000000002,-2.2,81.71463012695312,104.17853546142578
4235,4235,-10,117559,0.005600000000000002,-2.2,432.618896484375,95.25782012939453
4236,4236,100,117564,0.005600000000000002,-2.2,58.96003723144531,101.28302001953125
4237,4237,-10,117582,0.005600000000000002,-2.2,78.67237854003906,104.47221374511719
4238,4238,-10,117600,0.005600000000000002,-2.2,72.41832733154297,102.29293823242188
4239,4239,-10,117619,0.005600000000000002,-2.2,161.07008361816406,100.69268035888672
4240,4240,-10,117638,0.005600000000000002,-2.2,51.469337463378906,108.81753540039062
4241,4241,-10,117659,0.005600000000000002,-2.2,75.55581665039062,102.72774505615234
4242,4242,-10,117678,0.005600000000000002,-2.2,450.299560546875,94.47003936767578
4243,4243,-10,117697,0.005600000000000002,-2.2,87.26972961425781,99.21881866455078
4244,4244,-10,117717,0.005600000000000002,-2.2,191.19259643554688,102.95101928710938
4245,4245,-10,117736,0.005600000000000002,-2.2,323.83477783203125,117.37521362304688
4246,4246,-10,117755,0.005600000000000002,-2.2,85.65792083740234,103.7740478515625
4247,4247,-10,117773,0.005600000000000002,-2.2,89.79597473144531,106.76069641113281
4248,4248,-10,117792,0.005600000000000002,-2.2,126.8291244506836,107.33232879638672
4249,4249,-10,117811,0.005600000000000002,-2.2,65.28083801269531,120.0717544555664
4250,4250,-10,117829,0.005600000000000002,-2.2,115.23919677734375,103.5096435546875
4251,4251,-10,117848,0.006700000000000002,-2.2,48.89595413208008,99.02142333984375
4252,4252,-10,117865,0.006700000000000002,-2.2,81.49224090576172,103.23921203613281
4253,4253,-10,117883,0.006700000000000002,-2.2,236.14639282226562,93.109375
4254,4254,-10,117905,0.006700000000000002,-2.2,180.32949829101562,102.9526138305664
4255,4255,-10,117923,0.006700000000000002,-2.2,106.50924682617188,101.00818634033203
4256,4256,-10,117941,0.006700000000000002,-2.2,104.50367736816406,114.36247253417969
4257,4257,-10,117960,0.006700000000000002,-2.2,78.03060150146484,109.51780700683594
4258,4258,-10,117979,0.006700000000000002,-2.2,130.15826416015625,105.67865753173828
4259,4259,-10,117998,0.006700000000000002,-2.2,122.47895812988281,108.6738510131836
4260,4260,-10,118016,0.006700000000000002,-2.2,210.36216735839844,103.08999633789062
4261,4261,-10,118037,0.006700000000000002,-2.2,147.2324981689453,103.8150634765625
4262,4262,-10,118055,0.006700000000000002,-2.2,159.90231323242188,112.33865356445312
4263,4263,-10,118073,0.006700000000000002,-2.2,178.48733520507812,106.55340576171875
4264,4264,-10,118092,0.006700000000000002,-2.2,78.52278137207031,102.15149688720703
4265,4265,-10,118111,0.006700000000000002,-2.2,80.8717269897461,112.04728698730469
4266,4266,-10,118130,0.006700000000000002,-2.2,65.73831176757812,114.41963195800781
4267,4267,-10,118149,0.006700000000000002,-2.2,74.98477172851562,101.86276245117188
4268,4268,-10,118168,0.006700000000000002,-2.2,90.68650817871094,99.96220397949219
4269,4269,-10,118186,0.006700000000000002,-2.2,123.34832763671875,98.96027374267578
4270,4270,-10,118204,0.006700000000000002,-2.2,44.15209197998047,100.38688659667969
4271,4271,100,118207,0.006700000000000002,-2.2,58.728450775146484,98.71151733398438
4272,4272,-10,118226,0.006700000000000002,-2.2,46.13642883300781,102.15254211425781
4273,4273,-10,118245,0.006700000000000002,-2.2,106.48311614990234,95.1059799194336
4274,4274,-10,118263,0.006700000000000002,-2.2,57.638519287109375,110.58699035644531
4275,4275,-10,118281,0.006700000000000002,-2.2,69.62185668945312,97.27974700927734
4276,4276,-10,118300,0.006700000000000002,-2.2,176.04769897460938,101.17884826660156
4277,4277,-10,118319,0.006700000000000002,-2.2,52.488311767578125,106.97274017333984
4278,4278,-10,118338,0.006700000000000002,-2.2,67.0174560546875,103.869384765625
4279,4279,-10,118359,0.006700000000000002,-2.2,57.74433135986328,108.48821258544922
4280,4280,-10,118377,0.006700000000000002,-2.2,64.91970825195312,106.80386352539062
4281,4281,-10,118396,0.006700000000000002,-2.2,87.21794128417969,110.60635375976562
4282,4282,100,118406,0.006700000000000002,-2.2,67.42276763916016,111.85515594482422
4283,4283,-10,118425,0.006700000000000002,-2.2,44.982826232910156,107.36598205566406
4284,4284,-10,118443,0.006700000000000002,-2.2,134.8379669189453,101.83616638183594
4285,4285,-10,118461,0.006700000000000002,-2.2,51.403350830078125,109.71023559570312
4286,4286,-10,118480,0.006700000000000002,-2.2,55.965484619140625,106.03504943847656
4287,4287,100,118486,0.006700000000000002,-2.2,71.82588958740234,105.94538879394531
4288,4288,-10,118504,0.006700000000000002,-2.2,66.10661315917969,114.39781951904297
4289,4289,-10,118522,0.006700000000000002,-2.2,190.0682373046875,103.75188446044922
4290,4290,-10,118541,0.006700000000000002,-2.2,71.55714416503906,101.28875732421875
4291,4291,-10,118560,0.006700000000000002,-2.2,79.18335723876953,104.68653106689453
4292,4292,-10,118580,0.006700000000000002,-2.2,82.44496154785156,109.15602111816406
4293,4293,-10,118599,0.006700000000000002,-2.2,81.536865234375,89.6869888305664
4294,4294,-10,118618,0.006700000000000002,-2.2,72.91691589355469,102.1656494140625
4295,4295,-10,118637,0.006700000000000002,-2.2,277.26568603515625,107.4827880859375
4296,4296,-10,118655,0.006700000000000002,-2.2,84.72679138183594,100.71629333496094
4297,4297,-10,118673,0.006700000000000002,-2.2,59.81599426269531,102.292236328125
4298,4298,-10,118691,0.006700000000000002,-2.2,181.87026977539062,103.99577331542969
4299,4299,-10,118709,0.006700000000000002,-2.2,121.89070892333984,106.79679870605469
4300,4300,-10,118728,0.006700000000000002,-2.2,485.8519592285156,104.54411315917969
4301,4301,-10,118747,0.007800000000000002,-2.2,65.65869140625,101.09950256347656
4302,4302,-10,118771,0.007800000000000002,-2.2,51.97191619873047,112.46649932861328
4303,4303,-10,118790,0.007800000000000002,-2.2,58.231231689453125,105.20609283447266
4304,4304,-10,118808,0.007800000000000002,-2.2,78.69868469238281,105.54509735107422
4305,4305,-10,118828,0.007800000000000002,-2.2,72.51239013671875,89.88029479980469
4306,4306,-10,118848,0.007800000000000002,-2.2,78.37470245361328,101.95826721191406
4307,4307,-10,118866,0.007800000000000002,-2.2,65.671630859375,94.0869140625
4308,4308,-10,118885,0.007800000000000002,-2.2,360.6077575683594,106.7281723022461
4309,4309,-10,118904,0.007800000000000002,-2.2,95.2241439819336,111.34082794189453
4310,4310,100,118905,0.007800000000000002,-2.2,152.74386596679688,100.40655517578125
4311,4311,-10,118924,0.007800000000000002,-2.2,64.93851470947266,104.53103637695312
4312,4312,-10,118942,0.007800000000000002,-2.2,172.24578857421875,110.89399719238281
4313,4313,-10,118961,0.007800000000000002,-2.2,64.86058044433594,88.91656494140625
4314,4314,-10,118980,0.007800000000000002,-2.2,86.82444763183594,109.81012725830078
4315,4315,-10,118999,0.007800000000000002,-2.2,62.893592834472656,106.45960235595703
4316,4316,-10,119019,0.007800000000000002,-2.2,100.36493682861328,110.42460632324219
4317,4317,100,119028,0.007800000000000002,-2.2,94.63902282714844,95.81619262695312
4318,4318,-10,119047,0.007800000000000002,-2.2,119.4122543334961,110.26876068115234
4319,4319,-10,119065,0.007800000000000002,-2.2,75.92642211914062,88.1008071899414
4320,4320,-10,119084,0.007800000000000002,-2.2,51.732452392578125,99.01431274414062
4321,4321,-10,119102,0.007800000000000002,-2.2,53.73273468017578,103.75076293945312
4322,4322,-10,119121,0.007800000000000002,-2.2,48.424503326416016,108.05093383789062
4323,4323,-10,119140,0.007800000000000002,-2.2,70.37783813476562,102.87318420410156
4324,4324,-10,119159,0.007800000000000002,-2.2,97.830810546875,99.0626220703125
4325,4325,-10,119177,0.007800000000000002,-2.2,145.59323120117188,105.18672180175781
4326,4326,-10,119195,0.007800000000000002,-2.2,140.4900665283203,98.63371276855469
4327,4327,-10,119216,0.007800000000000002,-2.2,66.65342712402344,109.18728637695312
4328,4328,-10,119235,0.007800000000000002,-2.2,122.36903381347656,107.32707214355469
4329,4329,-10,119255,0.007800000000000002,-2.2,60.56136703491211,107.22157287597656
4330,4330,-10,119275,0.007800000000000002,-2.2,86.18229675292969,110.279052734375
4331,4331,-10,119295,0.007800000000000002,-2.2,100.96292114257812,102.72947692871094
4332,4332,-10,119313,0.007800000000000002,-2.2,107.72295379638672,99.87338256835938
4333,4333,-10,119332,0.007800000000000002,-2.2,88.73139953613281,103.98924255371094
4334,4334,100,119339,0.007800000000000002,-2.2,47.5862922668457,98.48062133789062
4335,4335,-10,119360,0.007800000000000002,-2.2,85.87686157226562,104.38722229003906
4336,4336,-10,119378,0.007800000000000002,-2.2,118.57528686523438,103.78337097167969
4337,4337,100,119379,0.007800000000000002,-2.2,119.42213439941406,90.00089263916016
4338,4338,-10,119398,0.007800000000000002,-2.2,197.03753662109375,104.65930938720703
4339,4339,-10,119417,0.007800000000000002,-2.2,113.70697021484375,103.87081146240234
4340,4340,-10,119436,0.007800000000000002,-2.2,49.3155517578125,97.96613311767578
4341,4341,-10,119454,0.007800000000000002,-2.2,163.1497802734375,97.59494018554688
4342,4342,-10,119472,0.007800000000000002,-2.2,71.19392395019531,100.17762756347656
4343,4343,-10,119491,0.007800000000000002,-2.2,62.69418716430664,95.29508972167969
4344,4344,100,119492,0.007800000000000002,-2.2,200.89805603027344,99.05177307128906
4345,4345,-10,119510,0.007800000000000002,-2.2,95.6711196899414,98.54273986816406
4346,4346,-10,119529,0.007800000000000002,-2.2,50.29789733886719,89.58470916748047
4347,4347,-10,119547,0.007800000000000002,-2.2,58.85362243652344,99.58820343017578
4348,4348,-10,119565,0.007800000000000002,-2.2,78.68043518066406,94.94349670410156
4349,4349,-10,119584,0.007800000000000002,-2.2,366.44805908203125,103.61045837402344
4350,4350,-10,119603,0.007800000000000002,-2.2,182.71429443359375,100.03903198242188
4351,4351,-10,119622,0.0056000000000000025,4.4,107.88795471191406,110.14871978759766
4352,4352,-10,119641,0.0056000000000000025,4.4,65.91380310058594,95.00581359863281
4353,4353,-10,119660,0.0056000000000000025,4.4,405.0770263671875,100.5352554321289
4354,4354,-10,119679,0.0056000000000000025,4.4,320.5718078613281,104.00687408447266
4355,4355,-10,119698,0.0056000000000000025,4.4,71.57594299316406,109.05207824707031
4356,4356,-10,119718,0.0056000000000000025,4.4,79.33905029296875,97.97828674316406
4357,4357,-10,119737,0.0056000000000000025,4.4,47.68635177612305,101.1673812866211
4358,4358,-10,119757,0.0056000000000000025,4.4,65.97383117675781,98.89224243164062
4359,4359,-10,119776,0.0056000000000000025,4.4,90.2326889038086,89.74935150146484
4360,4360,-10,119794,0.0056000000000000025,4.4,160.73544311523438,94.71162414550781
4361,4361,-10,119812,0.0056000000000000025,4.4,39.06543731689453,98.458251953125
4362,4362,-10,119830,0.0056000000000000025,4.4,275.158935546875,78.88101196289062
4363,4363,-10,119849,0.0056000000000000025,4.4,77.01658630371094,101.94950866699219
4364,4364,-10,119867,0.0056000000000000025,4.4,162.50546264648438,88.23677825927734
4365,4365,100,119868,0.0056000000000000025,4.4,333.28851318359375,94.82810974121094
4366,4366,100,119873,0.0056000000000000025,4.4,107.04906463623047,89.49517822265625
4367,4367,-10,119892,0.0056000000000000025,4.4,246.605712890625,105.34986877441406
4368,4368,-10,119911,0.0056000000000000025,4.4,104.40296936035156,109.41043090820312
4369,4369,-10,119929,0.0056000000000000025,4.4,60.95363235473633,96.75340270996094
4370,4370,-10,119949,0.0056000000000000025,4.4,83.59609985351562,106.46326446533203
4371,4371,-10,119968,0.0056000000000000025,4.4,50.960731506347656,95.98155212402344
4372,4372,-10,119988,0.0056000000000000025,4.4,78.21947479248047,91.04963684082031
4373,4373,-10,120007,0.0056000000000000025,4.4,74.41664123535156,102.59200286865234
4374,4374,-10,120025,0.0056000000000000025,4.4,179.51234436035156,95.35051727294922
4375,4375,-10,120044,0.0056000000000000025,4.4,115.52241516113281,91.6172103881836
4376,4376,-10,120062,0.0056000000000000025,4.4,146.56753540039062,104.33372497558594
4377,4377,100,120063,0.0056000000000000025,4.4,84.8143310546875,106.06291198730469
4378,4378,-10,120082,0.0056000000000000025,4.4,62.25749969482422,116.35877990722656
4379,4379,-10,120100,0.0056000000000000025,4.4,83.76764678955078,92.34877014160156
4380,4380,-10,120118,0.0056000000000000025,4.4,131.85157775878906,103.58255004882812
4381,4381,-10,120136,0.0056000000000000025,4.4,66.12799072265625,96.2340087890625
4382,4382,-10,120155,0.0056000000000000025,4.4,59.209320068359375,104.87513732910156
4383,4383,-10,120174,0.0056000000000000025,4.4,46.79269027709961,103.53041076660156
4384,4384,-10,120193,0.0056000000000000025,4.4,125.49513244628906,98.75747680664062
4385,4385,100,120203,0.0056000000000000025,4.4,100.89408111572266,108.1643295288086
4386,4386,-10,120223,0.0056000000000000025,4.4,56.61302185058594,89.49955749511719
4387,4387,-10,120241,0.0056000000000000025,4.4,41.39552307128906,101.59193420410156
4388,4388,-10,120259,0.0056000000000000025,4.4,65.73260498046875,98.73655700683594
4389,4389,-10,120277,0.0056000000000000025,4.4,128.97845458984375,98.04656219482422
4390,4390,-10,120295,0.0056000000000000025,4.4,76.6064453125,102.1087417602539
4391,4391,-10,120314,0.0056000000000000025,4.4,151.86306762695312,97.28893280029297
4392,4392,-10,120332,0.0056000000000000025,4.4,89.49386596679688,94.88151550292969
4393,4393,-10,120351,0.0056000000000000025,4.4,46.815711975097656,94.96990966796875
4394,4394,-10,120371,0.0056000000000000025,4.4,39.510623931884766,91.69444274902344
4395,4395,-10,120389,0.0056000000000000025,4.4,99.3916244506836,98.06100463867188
4396,4396,-10,120407,0.0056000000000000025,4.4,83.19403076171875,103.44344329833984
4397,4397,100,120414,0.0056000000000000025,4.4,116.1106948852539,93.86087036132812
4398,4398,-10,120434,0.0056000000000000025,4.4,59.13275909423828,91.69393920898438
4399,4399,-10,120452,0.0056000000000000025,4.4,120.5484848022461,86.41254425048828
4400,4400,-10,120471,0.0056000000000000025,4.4,108.95374298095703,88.25730895996094
4401,4401,-10,120489,0.0056000000000000025,0.0,32.06020736694336,92.08543395996094
4402,4402,-10,120509,0.0056000000000000025,0.0,64.21946716308594,96.12202453613281
4403,4403,100,120513,0.0056000000000000025,0.0,118.90830993652344,86.0092544555664
4404,4404,-10,120531,0.0056000000000000025,0.0,50.97486114501953,98.15607452392578
4405,4405,-10,120549,0.0056000000000000025,0.0,175.25936889648438,101.34100341796875
4406,4406,-10,120568,0.0056000000000000025,0.0,83.01568603515625,92.60076141357422
4407,4407,-10,120586,0.0056000000000000025,0.0,60.00102233886719,97.66818237304688
4408,4408,-10,120605,0.0056000000000000025,0.0,225.27029418945312,95.123046875
4409,4409,-10,120624,0.0056000000000000025,0.0,87.18240356445312,98.04508972167969
4410,4410,-10,120642,0.0056000000000000025,0.0,88.17288208007812,98.98936462402344
4411,4411,-10,120660,0.0056000000000000025,0.0,92.66584777832031,87.55809020996094
4412,4412,-10,120678,0.0056000000000000025,0.0,60.47698974609375,105.75027465820312
4413,4413,-10,120697,0.0056000000000000025,0.0,54.8253173828125,99.95477294921875
4414,4414,-10,120716,0.0056000000000000025,0.0,48.63097381591797,94.38143920898438
4415,4415,-10,120734,0.0056000000000000025,0.0,48.51152038574219,100.69052124023438
4416,4416,-10,120753,0.0056000000000000025,0.0,79.15869140625,100.20792388916016
4417,4417,-10,120771,0.0056000000000000025,0.0,50.265289306640625,92.9822769165039
4418,4418,100,120779,0.0056000000000000025,0.0,73.14485168457031,89.56832885742188
4419,4419,-10,120797,0.0056000000000000025,0.0,40.34228515625,99.83309173583984
4420,4420,-10,120816,0.0056000000000000025,0.0,69.07563781738281,100.0316390991211
4421,4421,-10,120834,0.0056000000000000025,0.0,500.2716064453125,108.00054168701172
4422,4422,-10,120852,0.0056000000000000025,0.0,148.2799072265625,96.98827362060547
4423,4423,-10,120871,0.0056000000000000025,0.0,92.59004211425781,92.70372772216797
4424,4424,-10,120889,0.0056000000000000025,0.0,67.25104522705078,96.00505828857422
4425,4425,-10,120908,0.0056000000000000025,0.0,43.06514358520508,92.3802490234375
4426,4426,-10,120926,0.0056000000000000025,0.0,65.00843811035156,93.70785522460938
4427,4427,-10,120944,0.0056000000000000025,0.0,181.44189453125,93.09922790527344
4428,4428,-10,120963,0.0056000000000000025,0.0,79.40933990478516,93.87017822265625
4429,4429,-10,120982,0.0056000000000000025,0.0,49.66145324707031,93.08699035644531
4430,4430,-10,121002,0.0056000000000000025,0.0,56.704280853271484,95.90457916259766
4431,4431,-10,121021,0.0056000000000000025,0.0,52.667205810546875,109.67735290527344
4432,4432,-10,121041,0.0056000000000000025,0.0,63.058170318603516,96.43087768554688
4433,4433,-10,121059,0.0056000000000000025,0.0,41.10838317871094,93.59246826171875
4434,4434,-10,121078,0.0056000000000000025,0.0,254.03054809570312,87.04246520996094
4435,4435,-10,121098,0.0056000000000000025,0.0,35.27224349975586,89.86703491210938
4436,4436,-10,121117,0.0056000000000000025,0.0,121.38156127929688,82.78285217285156
4437,4437,-10,121136,0.0056000000000000025,0.0,53.612037658691406,103.42559051513672
4438,4438,-10,121155,0.0056000000000000025,0.0,108.32511138916016,106.0458984375
4439,4439,-10,121174,0.0056000000000000025,0.0,54.47882843017578,97.04600524902344
4440,4440,-10,121192,0.0056000000000000025,0.0,102.79901123046875,90.83114624023438
4441,4441,-10,121211,0.0056000000000000025,0.0,59.715118408203125,94.84608459472656
4442,4442,-10,121230,0.0056000000000000025,0.0,35.665958404541016,103.6547622680664
4443,4443,100,121236,0.0056000000000000025,0.0,140.87420654296875,91.30228424072266
4444,4444,-10,121255,0.0056000000000000025,0.0,365.7008056640625,98.30331420898438
4445,4445,100,121264,0.0056000000000000025,0.0,39.206356048583984,94.64485168457031
4446,4446,-10,121283,0.0056000000000000025,0.0,33.016265869140625,100.37507629394531
4447,4447,100,121291,0.0056000000000000025,0.0,57.071983337402344,84.63541412353516
4448,4448,-10,121310,0.0056000000000000025,0.0,135.08741760253906,103.9666748046875
4449,4449,100,121311,0.0056000000000000025,0.0,54.73942184448242,94.06452178955078
4450,4450,-10,121329,0.0056000000000000025,0.0,207.7431640625,94.49174499511719
4451,4451,-10,121348,0.004500000000000002,2.2,418.03643798828125,101.32257843017578
4452,4452,-10,121366,0.004500000000000002,2.2,78.12958526611328,99.4938735961914
4453,4453,-10,121386,0.004500000000000002,2.2,161.48361206054688,98.14814758300781
4454,4454,-10,121404,0.004500000000000002,2.2,47.59684753417969,91.40472412109375
4455,4455,-10,121422,0.004500000000000002,2.2,62.484336853027344,89.31736755371094
4456,4456,-10,121441,0.004500000000000002,2.2,86.20703887939453,97.17121124267578
4457,4457,-10,121460,0.004500000000000002,2.2,42.280799865722656,88.49394989013672
4458,4458,-10,121478,0.004500000000000002,2.2,184.15206909179688,96.76236724853516
4459,4459,100,121479,0.004500000000000002,2.2,106.71509552001953,98.14400482177734
4460,4460,-10,121497,0.004500000000000002,2.2,289.39007568359375,81.53910827636719
4461,4461,-10,121515,0.004500000000000002,2.2,58.45079803466797,91.78448486328125
4462,4462,-10,121535,0.004500000000000002,2.2,78.36299133300781,98.78691101074219
4463,4463,-10,121554,0.004500000000000002,2.2,247.08242797851562,88.39252471923828
4464,4464,-10,121572,0.004500000000000002,2.2,88.57234954833984,99.31564331054688
4465,4465,-10,121591,0.004500000000000002,2.2,51.321502685546875,92.6488037109375
4466,4466,-10,121610,0.004500000000000002,2.2,44.48664474487305,86.181396484375
4467,4467,-10,121628,0.004500000000000002,2.2,102.17955017089844,108.67591094970703
4468,4468,-10,121646,0.004500000000000002,2.2,111.85594177246094,94.88030242919922
4469,4469,-10,121665,0.004500000000000002,2.2,67.52088165283203,95.03841400146484
4470,4470,-10,121684,0.004500000000000002,2.2,50.47520446777344,99.78616333007812
4471,4471,-10,121702,0.004500000000000002,2.2,234.33035278320312,95.11416625976562
4472,4472,-10,121722,0.004500000000000002,2.2,31.80617332458496,95.49093627929688
4473,4473,-10,121740,0.004500000000000002,2.2,130.3211212158203,82.61125183105469
4474,4474,-10,121759,0.004500000000000002,2.2,52.97026062011719,90.92231750488281
4475,4475,-10,121777,0.004500000000000002,2.2,66.45716094970703,103.66831970214844
4476,4476,-10,121796,0.004500000000000002,2.2,96.69873809814453,87.91214752197266
4477,4477,-10,121815,0.004500000000000002,2.2,84.98234558105469,92.162841796875
4478,4478,-10,121834,0.004500000000000002,2.2,175.52853393554688,89.73167419433594
4479,4479,-10,121853,0.004500000000000002,2.2,110.50755310058594,93.30906677246094
4480,4480,-10,121872,0.004500000000000002,2.2,61.24678039550781,103.24823760986328
4481,4481,-10,121890,0.004500000000000002,2.2,45.670440673828125,97.02607727050781
4482,4482,-10,121909,0.004500000000000002,2.2,75.80229949951172,102.61978912353516
4483,4483,-10,121929,0.004500000000000002,2.2,37.93072509765625,95.23393249511719
4484,4484,-10,121947,0.004500000000000002,2.2,152.42770385742188,89.79640197753906
4485,4485,-10,121966,0.004500000000000002,2.2,60.06462097167969,91.47830200195312
4486,4486,-10,121984,0.004500000000000002,2.2,90.11831665039062,96.21316528320312
4487,4487,-10,122002,0.004500000000000002,2.2,178.42733764648438,93.37332153320312
4488,4488,-10,122021,0.004500000000000002,2.2,43.97753143310547,91.67889404296875
4489,4489,-10,122039,0.004500000000000002,2.2,120.02204132080078,98.95433807373047
4490,4490,-10,122057,0.004500000000000002,2.2,62.83998489379883,97.17269134521484
4491,4491,-10,122075,0.004500000000000002,2.2,45.85442352294922,90.67137908935547
4492,4492,-10,122093,0.004500000000000002,2.2,79.95439147949219,88.24747467041016
4493,4493,-10,122112,0.004500000000000002,2.2,66.79593658447266,92.78192138671875
4494,4494,-10,122130,0.004500000000000002,2.2,109.22306823730469,92.76984405517578
4495,4495,100,122136,0.004500000000000002,2.2,47.09011459350586,86.7694091796875
4496,4496,-10,122155,0.004500000000000002,2.2,33.97887420654297,102.52151489257812
4497,4497,-10,122174,0.004500000000000002,2.2,44.56665802001953,104.6647720336914
4498,4498,-10,122192,0.004500000000000002,2.2,53.23675537109375,89.36811828613281
4499,4499,-10,122210,0.004500000000000002,2.2,57.75979995727539,88.00066375732422
4500,4500,-10,122229,0.004500000000000002,2.2,54.60636520385742,91.8369369506836
4501,4501,-10,122249,0.008900000000000002,-8.8,71.41070556640625,85.11357116699219
4502,4502,-10,122269,0.008900000000000002,-8.8,45.083431243896484,78.7240982055664
4503,4503,-10,122287,0.008900000000000002,-8.8,82.79466247558594,89.8037338256836
4504,4504,-10,122306,0.008900000000000002,-8.8,140.84555053710938,82.87544250488281
4505,4505,-10,122325,0.008900000000000002,-8.8,55.94985580444336,99.01962280273438
4506,4506,-10,122343,0.008900000000000002,-8.8,77.55998992919922,81.21565246582031
4507,4507,-10,122361,0.008900000000000002,-8.8,43.970184326171875,105.53570556640625
4508,4508,-10,122380,0.008900000000000002,-8.8,68.24827575683594,82.95523071289062
4509,4509,-10,122398,0.008900000000000002,-8.8,135.96115112304688,95.15702819824219
4510,4510,-10,122416,0.008900000000000002,-8.8,40.968421936035156,95.06954956054688
4511,4511,-10,122436,0.008900000000000002,-8.8,61.338714599609375,89.51669311523438
4512,4512,-10,122455,0.008900000000000002,-8.8,205.47398376464844,93.11138916015625
4513,4513,-10,122473,0.008900000000000002,-8.8,57.13452911376953,91.84033203125
4514,4514,-10,122492,0.008900000000000002,-8.8,125.52363586425781,88.80671691894531
4515,4515,-10,122512,0.008900000000000002,-8.8,88.01620483398438,87.27223205566406
4516,4516,-10,122530,0.008900000000000002,-8.8,40.02970886230469,87.41950988769531
4517,4517,-10,122548,0.008900000000000002,-8.8,57.68150329589844,95.70945739746094
4518,4518,-10,122568,0.008900000000000002,-8.8,76.16679382324219,93.06680297851562
4519,4519,100,122576,0.008900000000000002,-8.8,46.027130126953125,92.28392028808594
4520,4520,-10,122595,0.008900000000000002,-8.8,42.04145812988281,91.9834976196289
4521,4521,-10,122614,0.008900000000000002,-8.8,60.197811126708984,91.97084045410156
4522,4522,-10,122633,0.008900000000000002,-8.8,59.779762268066406,88.49089050292969
4523,4523,-10,122651,0.008900000000000002,-8.8,105.04562377929688,94.79963684082031
4524,4524,-10,122671,0.008900000000000002,-8.8,85.98228454589844,96.46649169921875
4525,4525,-10,122690,0.008900000000000002,-8.8,89.82087707519531,84.57148742675781
4526,4526,-10,122709,0.008900000000000002,-8.8,223.76783752441406,96.32731628417969
4527,4527,-10,122729,0.008900000000000002,-8.8,50.57770919799805,86.93154907226562
4528,4528,-10,122748,0.008900000000000002,-8.8,98.7280044555664,98.10030364990234
4529,4529,-10,122766,0.008900000000000002,-8.8,576.7278442382812,79.66801452636719
4530,4530,-10,122784,0.008900000000000002,-8.8,58.04917907714844,85.96954345703125
4531,4531,-10,122803,0.008900000000000002,-8.8,91.94910430908203,89.7972412109375
4532,4532,-10,122822,0.008900000000000002,-8.8,40.647361755371094,97.72138214111328
4533,4533,-10,122841,0.008900000000000002,-8.8,39.062744140625,91.7295913696289
4534,4534,-10,122859,0.008900000000000002,-8.8,48.42008972167969,94.3418960571289
4535,4535,-10,122878,0.008900000000000002,-8.8,117.25546264648438,76.46710205078125
4536,4536,-10,122898,0.008900000000000002,-8.8,37.64823913574219,89.11051940917969
4537,4537,-10,122917,0.008900000000000002,-8.8,79.02005004882812,87.28288269042969
4538,4538,-10,122936,0.008900000000000002,-8.8,54.89349365234375,95.76326751708984
4539,4539,-10,122954,0.008900000000000002,-8.8,57.485862731933594,81.74879455566406
4540,4540,-10,122973,0.008900000000000002,-8.8,47.60369873046875,95.07887268066406
4541,4541,-10,122992,0.008900000000000002,-8.8,329.7330627441406,96.8773193359375
4542,4542,-10,123010,0.008900000000000002,-8.8,80.27670288085938,99.32025909423828
4543,4543,-10,123029,0.008900000000000002,-8.8,448.84674072265625,90.75740051269531
4544,4544,-10,123048,0.008900000000000002,-8.8,74.87322998046875,92.00165557861328
4545,4545,-10,123067,0.008900000000000002,-8.8,93.90625762939453,92.31556701660156
4546,4546,-10,123086,0.008900000000000002,-8.8,59.06005096435547,95.19537353515625
4547,4547,-10,123105,0.008900000000000002,-8.8,463.258544921875,83.59901428222656
4548,4548,-10,123124,0.008900000000000002,-8.8,45.87002944946289,96.45927429199219
4549,4549,-10,123142,0.008900000000000002,-8.8,36.52022933959961,102.97955322265625
4550,4550,-10,123161,0.008900000000000002,-8.8,235.97610473632812,86.96959686279297
4551,4551,-10,123180,0.01,-2.2,59.40782165527344,92.73655700683594
4552,4552,-10,123200,0.01,-2.2,103.39952850341797,92.74240112304688
4553,4553,-10,123219,0.01,-2.2,40.37220001220703,94.70614624023438
4554,4554,-10,123238,0.01,-2.2,49.4504280090332,79.67178344726562
4555,4555,-10,123256,0.01,-2.2,129.64683532714844,98.01826477050781
4556,4556,-10,123275,0.01,-2.2,39.15180587768555,90.23892211914062
4557,4557,-10,123293,0.01,-2.2,161.85565185546875,90.68634033203125
4558,4558,-10,123311,0.01,-2.2,88.41804504394531,98.07041931152344
4559,4559,-10,123329,0.01,-2.2,101.88917541503906,91.37167358398438
4560,4560,100,123338,0.01,-2.2,28.068187713623047,88.0434341430664
4561,4561,-10,123359,0.01,-2.2,45.15977478027344,91.86424255371094
4562,4562,-10,123378,0.01,-2.2,60.049400329589844,88.52304077148438
4563,4563,-10,123399,0.01,-2.2,63.80050277709961,86.55442810058594
4564,4564,-10,123418,0.01,-2.2,86.6689453125,88.22006225585938
4565,4565,-10,123437,0.01,-2.2,28.2005615234375,93.45112609863281
4566,4566,100,123441,0.01,-2.2,56.238624572753906,96.75215148925781
4567,4567,-10,123459,0.01,-2.2,60.50577163696289,96.21945190429688
4568,4568,-10,123478,0.01,-2.2,28.843517303466797,89.67515563964844
4569,4569,-10,123496,0.01,-2.2,193.73963928222656,80.27793884277344
4570,4570,-10,123515,0.01,-2.2,64.60971069335938,95.22174835205078
4571,4571,-10,123534,0.01,-2.2,46.69464111328125,88.32135009765625
4572,4572,-10,123553,0.01,-2.2,72.81051635742188,86.55946350097656
4573,4573,-10,123571,0.01,-2.2,57.82318115234375,94.05305480957031
4574,4574,-10,123589,0.01,-2.2,29.613590240478516,83.40455627441406
4575,4575,-10,123608,0.01,-2.2,45.912750244140625,87.39627075195312
4576,4576,-10,123627,0.01,-2.2,87.44757080078125,88.15185546875
4577,4577,-10,123645,0.01,-2.2,51.60820388793945,81.74267578125
4578,4578,-10,123666,0.01,-2.2,33.071434020996094,94.26130676269531
4579,4579,-10,123686,0.01,-2.2,131.12828063964844,84.46516418457031
4580,4580,-10,123704,0.01,-2.2,91.200927734375,85.73127746582031
4581,4581,-10,123723,0.01,-2.2,35.416725158691406,79.35417175292969
4582,4582,-10,123741,0.01,-2.2,50.30976104736328,85.00047302246094
4583,4583,-10,123761,0.01,-2.2,182.13352966308594,86.69058227539062
4584,4584,-10,123779,0.01,-2.2,115.6208267211914,79.43553161621094
4585,4585,-10,123798,0.01,-2.2,260.28369140625,92.83749389648438
4586,4586,-10,123816,0.01,-2.2,103.54031372070312,86.74311065673828
4587,4587,100,123817,0.01,-2.2,62.060482025146484,77.58317565917969
4588,4588,-10,123835,0.01,-2.2,34.68513107299805,90.53787994384766
4589,4589,-10,123853,0.01,-2.2,59.67790222167969,97.57814025878906
4590,4590,-10,123871,0.01,-2.2,180.16375732421875,79.15391540527344
4591,4591,-10,123890,0.01,-2.2,196.27536010742188,79.34494018554688
4592,4592,-10,123908,0.01,-2.2,104.43235778808594,99.3075180053711
4593,4593,-10,123926,0.01,-2.2,39.545772552490234,94.4390640258789
4594,4594,-10,123946,0.01,-2.2,59.507286071777344,91.58189392089844
4595,4595,-10,123965,0.01,-2.2,56.52845001220703,80.87753295898438
4596,4596,-10,123983,0.01,-2.2,92.3831787109375,86.14590454101562
4597,4597,-10,124002,0.01,-2.2,60.78553771972656,93.919189453125
4598,4598,-10,124020,0.01,-2.2,31.898048400878906,88.536865234375
4599,4599,-10,124039,0.01,-2.2,83.23992919921875,83.22334289550781
4600,4600,-10,124059,0.01,-2.2,168.3598175048828,92.25588989257812
4601,4601,-10,124077,0.0078,4.4,29.664073944091797,90.06509399414062
4602,4602,-10,124096,0.0078,4.4,44.12052917480469,84.64825439453125
4603,4603,100,124097,0.0078,4.4,66.23670196533203,99.02420806884766
4604,4604,-10,124116,0.0078,4.4,40.89274597167969,80.46900939941406
4605,4605,-10,124136,0.0078,4.4,28.53548812866211,92.07943725585938
4606,4606,-10,124156,0.0078,4.4,39.50634765625,90.97360229492188
4607,4607,-10,124174,0.0078,4.4,134.4119873046875,84.7271728515625
4608,4608,100,124175,0.0078,4.4,46.69819641113281,90.72706604003906
4609,4609,-10,124194,0.0078,4.4,58.17274475097656,91.15554809570312
4610,4610,100,124195,0.0078,4.4,65.33749389648438,76.71400451660156
4611,4611,-10,124214,0.0078,4.4,294.89886474609375,87.42245483398438
4612,4612,-10,124233,0.0078,4.4,44.084346771240234,93.5758056640625
4613,4613,-10,124251,0.0078,4.4,30.381502151489258,92.7103271484375
4614,4614,-10,124270,0.0078,4.4,25.788982391357422,92.23363494873047
4615,4615,-10,124288,0.0078,4.4,118.23577880859375,86.44021606445312
4616,4616,-10,124307,0.0078,4.4,73.49964141845703,90.00874328613281
4617,4617,-10,124326,0.0078,4.4,65.08455657958984,84.72575378417969
4618,4618,100,124336,0.0078,4.4,132.1209716796875,88.89759063720703
4619,4619,-10,124354,0.0078,4.4,37.40835952758789,92.84074401855469
4620,4620,-10,124372,0.0078,4.4,31.8051700592041,93.364013671875
4621,4621,-10,124392,0.0078,4.4,55.79354476928711,88.13224792480469
4622,4622,-10,124412,0.0078,4.4,101.60755157470703,85.47782135009766
4623,4623,-10,124430,0.0078,4.4,25.268451690673828,95.55799865722656
4624,4624,-10,124449,0.0078,4.4,40.697044372558594,91.61689758300781
4625,4625,-10,124468,0.0078,4.4,152.46762084960938,80.762939453125
4626,4626,-10,124486,0.0078,4.4,68.5886459350586,85.29414367675781
4627,4627,-10,124504,0.0078,4.4,80.8670425415039,80.20492553710938
4628,4628,100,124514,0.0078,4.4,98.21531677246094,78.69020080566406
4629,4629,-10,124533,0.0078,4.4,44.611488342285156,89.38398742675781
4630,4630,-10,124553,0.0078,4.4,97.8028564453125,84.52958679199219
4631,4631,-10,124571,0.0078,4.4,41.560115814208984,87.23324584960938
4632,4632,-10,124590,0.0078,4.4,255.64793395996094,87.20471954345703
4633,4633,-10,124609,0.0078,4.4,34.88303756713867,93.84207153320312
4634,4634,-10,124629,0.0078,4.4,123.57799530029297,85.29571533203125
4635,4635,-10,124649,0.0078,4.4,49.470733642578125,90.28451538085938
4636,4636,-10,124668,0.0078,4.4,158.3419952392578,91.72605895996094
4637,4637,100,124669,0.0078,4.4,81.15819549560547,91.95256042480469
4638,4638,100,124675,0.0078,4.4,57.51045227050781,92.80994415283203
4639,4639,100,124676,0.0078,4.4,195.44183349609375,84.47543334960938
4640,4640,-10,124695,0.0078,4.4,87.34196472167969,85.53863525390625
4641,4641,-10,124715,0.0078,4.4,83.06207275390625,91.17750549316406
4642,4642,100,124716,0.0078,4.4,112.34772491455078,79.08283996582031
4643,4643,-10,124734,0.0078,4.4,35.75286865234375,82.3697280883789
4644,4644,-10,124752,0.0078,4.4,52.24872589111328,86.89315795898438
4645,4645,-10,124773,0.0078,4.4,48.95491409301758,92.56492614746094
4646,4646,100,124779,0.0078,4.4,31.065954208374023,79.20773315429688
4647,4647,-10,124799,0.0078,4.4,55.29512405395508,86.1591796875
4648,4648,-10,124817,0.0078,4.4,116.88035583496094,80.78315734863281
4649,4649,-10,124835,0.0078,4.4,48.52803421020508,94.592529296875
4650,4650,-10,124854,0.0078,4.4,62.17242431640625,87.75652313232422
4651,4651,-10,124873,0.0001,15.4,48.783546447753906,84.54986572265625
4652,4652,-10,124891,0.0001,15.4,47.72352600097656,86.29216003417969
4653,4653,-10,124910,0.0001,15.4,50.43090057373047,86.21878051757812
4654,4654,-10,124930,0.0001,15.4,42.73590087890625,81.88859558105469
4655,4655,-10,124948,0.0001,15.4,64.88412475585938,93.08937072753906
4656,4656,-10,124966,0.0001,15.4,48.50798797607422,89.7574462890625
4657,4657,-10,124985,0.0001,15.4,83.64556884765625,97.15009307861328
4658,4658,100,124993,0.0001,15.4,60.87184143066406,91.89905548095703
4659,4659,-10,125011,0.0001,15.4,139.0621795654297,77.25576782226562
4660,4660,-10,125030,0.0001,15.4,43.94237518310547,88.64187622070312
4661,4661,-10,125049,0.0001,15.4,49.599327087402344,84.92796325683594
4662,4662,-10,125067,0.0001,15.4,50.30006408691406,83.30598449707031
4663,4663,-10,125085,0.0001,15.4,67.10181427001953,85.53701782226562
4664,4664,-10,125104,0.0001,15.4,48.34967803955078,78.55335235595703
4665,4665,-10,125122,0.0001,15.4,198.889404296875,82.32333374023438
4666,4666,-10,125141,0.0001,15.4,65.75244903564453,96.05481719970703
4667,4667,-10,125161,0.0001,15.4,29.95620346069336,102.32022094726562
4668,4668,-10,125180,0.0001,15.4,64.58210754394531,83.83702850341797
4669,4669,-10,125199,0.0001,15.4,87.42984771728516,79.37242126464844
4670,4670,-10,125218,0.0001,15.4,108.06539154052734,89.59866333007812
4671,4671,-10,125237,0.0001,15.4,60.44195556640625,77.91494750976562
4672,4672,-10,125256,0.0001,15.4,109.89138793945312,89.11300659179688
4673,4673,-10,125275,0.0001,15.4,32.03279495239258,91.71971893310547
4674,4674,-10,125293,0.0001,15.4,64.25676727294922,92.19181823730469
4675,4675,-10,125312,0.0001,15.4,33.02091979980469,79.67240905761719
4676,4676,-10,125331,0.0001,15.4,40.695556640625,95.11399841308594
4677,4677,-10,125351,0.0001,15.4,40.25162887573242,95.00346374511719
4678,4678,-10,125370,0.0001,15.4,67.88904571533203,93.14917755126953
4679,4679,-10,125390,0.0001,15.4,124.37063598632812,91.36126708984375
4680,4680,100,125395,0.0001,15.4,137.8724365234375,83.15142059326172
4681,4681,-10,125414,0.0001,15.4,59.57158660888672,92.9146499633789
4682,4682,-10,125432,0.0001,15.4,39.87964630126953,101.46868896484375
4683,4683,-10,125452,0.0001,15.4,67.81950378417969,84.55088806152344
4684,4684,-10,125470,0.0001,15.4,37.09208297729492,94.93017578125
4685,4685,-10,125490,0.0001,15.4,52.305816650390625,89.13848114013672
4686,4686,-10,125508,0.0001,15.4,51.2846794128418,91.24918365478516
4687,4687,100,125509,0.0001,15.4,240.63381958007812,85.76408386230469
4688,4688,-10,125528,0.0001,15.4,106.07357788085938,96.29327392578125
4689,4689,-10,125548,0.0001,15.4,129.22296142578125,80.55499267578125
4690,4690,-10,125566,0.0001,15.4,101.30045318603516,83.33414459228516
4691,4691,-10,125585,0.0001,15.4,55.56169891357422,94.11988830566406
4692,4692,-10,125603,0.0001,15.4,186.1047821044922,84.84230041503906
4693,4693,-10,125621,0.0001,15.4,144.48716735839844,82.12164306640625
4694,4694,100,125622,0.0001,15.4,49.16239929199219,97.7182388305664
4695,4695,-10,125641,0.0001,15.4,43.790367126464844,88.68202209472656
4696,4696,-10,125659,0.0001,15.4,128.7279510498047,83.7205810546875
4697,4697,100,125660,0.0001,15.4,85.35543823242188,99.4300765991211
4698,4698,100,125663,0.0001,15.4,201.10986328125,93.71234130859375
4699,4699,100,125669,0.0001,15.4,57.92036819458008,89.67719268798828
4700,4700,-10,125687,0.0001,15.4,202.34564208984375,78.25035095214844
4701,4701,-10,125706,0.0034,-6.6,114.5067138671875,85.94142150878906
4702,4702,-10,125725,0.0034,-6.6,80.00601196289062,89.71696472167969
4703,4703,-10,125744,0.0034,-6.6,31.362680435180664,87.40100860595703
4704,4704,-10,125765,0.0034,-6.6,118.87368774414062,92.9555892944336
4705,4705,-10,125789,0.0034,-6.6,116.2266845703125,96.05271911621094
4706,4706,-10,125811,0.0034,-6.6,53.32065963745117,97.06663513183594
4707,4707,-10,125829,0.0034,-6.6,32.37779235839844,92.47549438476562
4708,4708,100,125830,0.0034,-6.6,65.43705749511719,85.79732513427734
4709,4709,-10,125848,0.0034,-6.6,47.30750274658203,100.86569213867188
4710,4710,-10,125868,0.0034,-6.6,193.46531677246094,97.33119201660156
4711,4711,-10,125886,0.0034,-6.6,59.278934478759766,96.65913391113281
4712,4712,-10,125905,0.0034,-6.6,59.91966247558594,96.27678680419922
4713,4713,-10,125929,0.0034,-6.6,81.83279418945312,93.74976348876953
4714,4714,-10,125950,0.0034,-6.6,109.63606262207031,87.85712432861328
4715,4715,-10,125972,0.0034,-6.6,37.12819290161133,99.79803466796875
4716,4716,100,125974,0.0034,-6.6,51.61415100097656,83.1331558227539
4717,4717,-10,125994,0.0034,-6.6,57.79185485839844,94.70895385742188
4718,4718,-10,126014,0.0034,-6.6,47.638671875,97.05500793457031
4719,4719,-10,126036,0.0034,-6.6,57.50092697143555,96.41509246826172
4720,4720,-10,126054,0.0034,-6.6,45.02006149291992,98.55827331542969
4721,4721,-10,126073,0.0034,-6.6,38.31999969482422,95.65438079833984
4722,4722,-10,126091,0.0034,-6.6,309.35870361328125,91.98583984375
4723,4723,-10,126109,0.0034,-6.6,53.23181915283203,89.80580139160156
4724,4724,-10,126128,0.0034,-6.6,50.36393737792969,95.40689849853516
4725,4725,-10,126148,0.0034,-6.6,85.8704833984375,95.32087707519531
4726,4726,-10,126169,0.0034,-6.6,82.99362182617188,94.61338806152344
4727,4727,-10,126187,0.0034,-6.6,47.64014434814453,95.9530029296875
4728,4728,-10,126205,0.0034,-6.6,65.47795104980469,91.97626495361328
4729,4729,100,126206,0.0034,-6.6,137.59812927246094,93.18238830566406
4730,4730,-10,126224,0.0034,-6.6,150.50885009765625,86.44735717773438
4731,4731,100,126225,0.0034,-6.6,90.36764526367188,91.38545227050781
4732,4732,-10,126243,0.0034,-6.6,69.5789566040039,100.25555419921875
4733,4733,-10,126263,0.0034,-6.6,150.24574279785156,101.72539520263672
4734,4734,-10,126283,0.0034,-6.6,78.15699005126953,99.25064849853516
4735,4735,-10,126304,0.0034,-6.6,57.701210021972656,93.11079406738281
4736,4736,-10,126322,0.0034,-6.6,36.73573303222656,89.4557876586914
4737,4737,-10,126343,0.0034,-6.6,26.110641479492188,95.72498321533203
4738,4738,-10,126366,0.0034,-6.6,250.60855102539062,90.46238708496094
4739,4739,-10,126386,0.0034,-6.6,36.494415283203125,93.58447265625
4740,4740,-10,126404,0.0034,-6.6,42.33509826660156,86.1024169921875
4741,4741,-10,126422,0.0034,-6.6,40.30226135253906,87.88522338867188
4742,4742,-10,126441,0.0034,-6.6,70.30699920654297,87.38604736328125
4743,4743,-10,126459,0.0034,-6.6,73.06570434570312,103.11386108398438
4744,4744,-10,126478,0.0034,-6.6,29.526691436767578,90.31391906738281
4745,4745,-10,126498,0.0034,-6.6,156.223388671875,89.61770629882812
4746,4746,-10,126517,0.0034,-6.6,74.60853576660156,100.776123046875
4747,4747,-10,126535,0.0034,-6.6,114.73591613769531,97.51338195800781
4748,4748,-10,126553,0.0034,-6.6,31.471691131591797,85.1793212890625
4749,4749,-10,126571,0.0034,-6.6,41.94625473022461,97.58155059814453
4750,4750,100,126578,0.0034,-6.6,63.83216094970703,94.34205627441406
4751,4751,-10,126598,0.0056,-4.4,33.52440643310547,90.40542602539062
4752,4752,-10,126616,0.0056,-4.4,34.68359375,87.59184265136719
4753,4753,-10,126636,0.0056,-4.4,112.0732421875,90.19375610351562
4754,4754,-10,126655,0.0056,-4.4,47.73085021972656,96.37760925292969
4755,4755,-10,126673,0.0056,-4.4,220.36148071289062,92.50810241699219
4756,4756,-10,126692,0.0056,-4.4,144.02935791015625,88.25833129882812
4757,4757,-10,126714,0.0056,-4.4,53.33955764770508,96.56391143798828
4758,4758,-10,126732,0.0056,-4.4,84.49053955078125,91.32366943359375
4759,4759,-10,126750,0.0056,-4.4,38.68793869018555,96.42929077148438
4760,4760,-10,126771,0.0056,-4.4,88.55281066894531,90.95870971679688
4761,4761,-10,126794,0.0056,-4.4,35.52493667602539,93.51480102539062
4762,4762,-10,126815,0.0056,-4.4,48.62675857543945,98.45927429199219
4763,4763,-10,126836,0.0056,-4.4,43.14070510864258,99.24613952636719
4764,4764,-10,126855,0.0056,-4.4,92.97257995605469,89.14634704589844
4765,4765,-10,126873,0.0056,-4.4,82.02839660644531,96.51177978515625
4766,4766,-10,126892,0.0056,-4.4,132.15403747558594,94.97113037109375
4767,4767,-10,126910,0.0056,-4.4,54.123897552490234,87.8447265625
4768,4768,-10,126928,0.0056,-4.4,139.2812957763672,93.07386779785156
4769,4769,-10,126948,0.0056,-4.4,32.09295654296875,98.29586029052734
4770,4770,-10,126970,0.0056,-4.4,41.30413055419922,96.38404083251953
4771,4771,100,126973,0.0056,-4.4,38.162071228027344,90.37287902832031
4772,4772,100,126978,0.0056,-4.4,77.23494720458984,87.48871612548828
4773,4773,-10,127001,0.0056,-4.4,60.74608612060547,90.8564682006836
4774,4774,-10,127019,0.0056,-4.4,182.89894104003906,89.65373229980469
4775,4775,-10,127037,0.0056,-4.4,59.167171478271484,96.20530700683594
4776,4776,-10,127055,0.0056,-4.4,69.61431884765625,84.52540588378906
4777,4777,-10,127075,0.0056,-4.4,43.376075744628906,95.31410217285156
4778,4778,-10,127097,0.0056,-4.4,57.22231674194336,84.58319854736328
4779,4779,-10,127116,0.0056,-4.4,113.00157928466797,100.50667572021484
4780,4780,-10,127134,0.0056,-4.4,198.8364715576172,87.8126220703125
4781,4781,-10,127154,0.0056,-4.4,61.734554290771484,91.66674041748047
4782,4782,-10,127175,0.0056,-4.4,84.88348388671875,93.6314468383789
4783,4783,-10,127194,0.0056,-4.4,76.08352661132812,93.84333801269531
4784,4784,-10,127213,0.0056,-4.4,80.21945190429688,92.44345092773438
4785,4785,-10,127232,0.0056,-4.4,39.15372085571289,88.89099884033203
4786,4786,-10,127251,0.0056,-4.4,60.86073303222656,87.10983276367188
4787,4787,-10,127270,0.0056,-4.4,94.72161865234375,86.5418701171875
4788,4788,100,127271,0.0056,-4.4,93.08927154541016,84.44020080566406
4789,4789,100,127272,0.0056,-4.4,48.749046325683594,96.71011352539062
4790,4790,-10,127291,0.0056,-4.4,63.4924430847168,87.43106842041016
4791,4791,-10,127313,0.0056,-4.4,55.738922119140625,85.59534454345703
4792,4792,-10,127333,0.0056,-4.4,214.22586059570312,86.20079040527344
4793,4793,-10,127352,0.0056,-4.4,37.84549331665039,99.17247009277344
4794,4794,-10,127370,0.0056,-4.4,41.9747314453125,87.3765869140625
4795,4795,-10,127391,0.0056,-4.4,113.66416931152344,83.84101867675781
4796,4796,-10,127409,0.0056,-4.4,45.4855842590332,97.85719299316406
4797,4797,-10,127430,0.0056,-4.4,80.52071380615234,88.78760528564453
4798,4798,-10,127448,0.0056,-4.4,29.764789581298828,85.6286849975586
4799,4799,-10,127468,0.0056,-4.4,37.566619873046875,87.31147766113281
4800,4800,100,127469,0.0056,-4.4,49.31884765625,85.79338836669922
4801,4801,-10,127488,0.0056,0.0,49.23146057128906,88.77583312988281
4802,4802,-10,127508,0.0056,0.0,34.328125,92.17792510986328
4803,4803,-10,127527,0.0056,0.0,97.56416320800781,85.76211547851562
4804,4804,-10,127547,0.0056,0.0,140.83453369140625,94.8393783569336
4805,4805,-10,127566,0.0056,0.0,184.7960205078125,91.32414245605469
4806,4806,-10,127585,0.0056,0.0,32.43742370605469,92.87013244628906
4807,4807,-10,127603,0.0056,0.0,46.785179138183594,94.88243865966797
4808,4808,-10,127621,0.0056,0.0,50.42769241333008,98.889892578125
4809,4809,-10,127641,0.0056,0.0,90.13972473144531,96.656494140625
4810,4810,100,127647,0.0056,0.0,38.88190460205078,90.045166015625
4811,4811,-10,127665,0.0056,0.0,54.509498596191406,91.86651611328125
4812,4812,-10,127684,0.0056,0.0,205.60501098632812,86.1530532836914
4813,4813,-10,127703,0.0056,0.0,51.18147659301758,89.29156494140625
4814,4814,-10,127721,0.0056,0.0,35.768550872802734,89.55110931396484
4815,4815,-10,127739,0.0056,0.0,19.197975158691406,100.69983673095703
4816,4816,-10,127757,0.0056,0.0,155.0001983642578,92.54341125488281
4817,4817,-10,127776,0.0056,0.0,100.2575912475586,92.42984008789062
4818,4818,-10,127794,0.0056,0.0,57.912017822265625,91.26133728027344
4819,4819,-10,127812,0.0056,0.0,32.14704895019531,88.0657958984375
4820,4820,-10,127831,0.0056,0.0,49.75900650024414,98.45246887207031
4821,4821,-10,127851,0.0056,0.0,54.518096923828125,87.91155242919922
4822,4822,-10,127870,0.0056,0.0,52.79877471923828,86.52722930908203
4823,4823,-10,127888,0.0056,0.0,38.810630798339844,92.07694244384766
4824,4824,-10,127906,0.0056,0.0,27.805286407470703,91.09977722167969
4825,4825,-10,127924,0.0056,0.0,31.29601287841797,87.75399780273438
4826,4826,-10,127942,0.0056,0.0,27.294960021972656,79.82075500488281
4827,4827,-10,127960,0.0056,0.0,35.32098388671875,89.74169921875
4828,4828,-10,127978,0.0056,0.0,49.45710372924805,83.521728515625
4829,4829,-10,128000,0.0056,0.0,110.89585876464844,91.8866958618164
4830,4830,-10,128019,0.0056,0.0,45.800048828125,86.31631469726562
4831,4831,-10,128037,0.0056,0.0,145.02609252929688,83.40972900390625
4832,4832,-10,128056,0.0056,0.0,206.37725830078125,85.9542465209961
4833,4833,-10,128074,0.0056,0.0,44.808292388916016,84.58808898925781
4834,4834,-10,128092,0.0056,0.0,90.10871124267578,93.5726089477539
4835,4835,-10,128111,0.0056,0.0,82.8818588256836,82.94796752929688
4836,4836,100,128115,0.0056,0.0,66.26698303222656,94.48695373535156
4837,4837,-10,128134,0.0056,0.0,59.11935043334961,92.73431396484375
4838,4838,-10,128152,0.0056,0.0,47.481048583984375,90.1356201171875
4839,4839,-10,128170,0.0056,0.0,19.307071685791016,93.06930541992188
4840,4840,-10,128188,0.0056,0.0,23.8824405670166,93.31556701660156
4841,4841,-10,128206,0.0056,0.0,77.0647964477539,86.58743286132812
4842,4842,-10,128225,0.0056,0.0,52.97697448730469,94.96652221679688
4843,4843,-10,128244,0.0056,0.0,47.70979309082031,92.61732482910156
4844,4844,-10,128262,0.0056,0.0,39.30500411987305,87.8693618774414
4845,4845,100,128265,0.0056,0.0,118.8917236328125,89.11659240722656
4846,4846,100,128270,0.0056,0.0,59.1863899230957,88.5684814453125
4847,4847,-10,128288,0.0056,0.0,78.91899108886719,83.8084716796875
4848,4848,-10,128307,0.0056,0.0,26.912975311279297,98.62065887451172
4849,4849,-10,128327,0.0056,0.0,44.320621490478516,90.28984069824219
4850,4850,-10,128347,0.0056,0.0,98.18301391601562,78.88276672363281
4851,4851,-10,128366,0.0067,-2.2,77.1584243774414,86.415771484375
4852,4852,-10,128386,0.0067,-2.2,25.210350036621094,96.39290618896484
4853,4853,-10,128406,0.0067,-2.2,29.590503692626953,87.35355377197266
4854,4854,-10,128424,0.0067,-2.2,29.975969314575195,90.46336364746094
4855,4855,-10,128443,0.0067,-2.2,82.58070373535156,84.05035400390625
4856,4856,-10,128463,0.0067,-2.2,34.740867614746094,95.73164367675781
4857,4857,-10,128483,0.0067,-2.2,33.50611877441406,89.33566284179688
4858,4858,-10,128501,0.0067,-2.2,66.4234619140625,92.47697448730469
4859,4859,-10,128520,0.0067,-2.2,31.887714385986328,88.42152404785156
4860,4860,-10,128539,0.0067,-2.2,74.2618637084961,98.59517669677734
4861,4861,-10,128557,0.0067,-2.2,44.84992218017578,87.16790771484375
4862,4862,-10,128575,0.0067,-2.2,49.321075439453125,82.07203674316406
4863,4863,-10,128594,0.0067,-2.2,417.999267578125,84.2512435913086
4864,4864,100,128596,0.0067,-2.2,71.15718078613281,85.74717712402344
4865,4865,-10,128615,0.0067,-2.2,64.48007202148438,91.23761749267578
4866,4866,-10,128634,0.0067,-2.2,29.08985137939453,92.10821533203125
4867,4867,100,128635,0.0067,-2.2,87.01958465576172,92.82412719726562
4868,4868,-10,128654,0.0067,-2.2,50.225669860839844,87.47136688232422
4869,4869,-10,128674,0.0067,-2.2,65.98545837402344,82.42131805419922
4870,4870,-10,128692,0.0067,-2.2,297.58319091796875,82.415283203125
4871,4871,-10,128711,0.0067,-2.2,203.62725830078125,87.48211669921875
4872,4872,-10,128730,0.0067,-2.2,50.92839431762695,86.151123046875
4873,4873,-10,128748,0.0067,-2.2,215.78433227539062,90.70619201660156
4874,4874,-10,128768,0.0067,-2.2,48.91907501220703,86.39594268798828
4875,4875,100,128771,0.0067,-2.2,95.97705078125,88.44808197021484
4876,4876,-10,128791,0.0067,-2.2,39.174232482910156,87.84310913085938
4877,4877,-10,128810,0.0067,-2.2,79.0400390625,89.69734191894531
4878,4878,-10,128829,0.0067,-2.2,141.97323608398438,91.05183410644531
4879,4879,100,128830,0.0067,-2.2,49.245601654052734,87.18138122558594
4880,4880,-10,128850,0.0067,-2.2,88.11214447021484,84.34309387207031
4881,4881,-10,128869,0.0067,-2.2,422.77935791015625,84.42922973632812
4882,4882,-10,128888,0.0067,-2.2,73.65248107910156,87.67333221435547
4883,4883,100,128889,0.0067,-2.2,206.8524169921875,93.04415130615234
4884,4884,-10,128909,0.0067,-2.2,64.99247741699219,87.90216064453125
4885,4885,-10,128929,0.0067,-2.2,49.14419937133789,87.86231994628906
4886,4886,100,128930,0.0067,-2.2,48.09492111206055,82.17369842529297
4887,4887,-10,128948,0.0067,-2.2,47.70674133300781,85.21116638183594
4888,4888,-10,128967,0.0067,-2.2,75.42317199707031,94.45491027832031
4889,4889,-10,128986,0.0067,-2.2,81.61422729492188,89.93096160888672
4890,4890,-10,129005,0.0067,-2.2,47.38624954223633,96.392822265625
4891,4891,-10,129028,0.0067,-2.2,74.90789031982422,91.50371551513672
4892,4892,-10,129047,0.0067,-2.2,30.99665069580078,86.96495056152344
4893,4893,-10,129066,0.0067,-2.2,47.510162353515625,86.89298248291016
4894,4894,-10,129086,0.0067,-2.2,54.963462829589844,93.49825286865234
4895,4895,-10,129105,0.0067,-2.2,29.066844940185547,90.87346649169922
4896,4896,-10,129123,0.0067,-2.2,114.57597351074219,85.29208374023438
4897,4897,-10,129141,0.0067,-2.2,112.78226470947266,85.91636657714844
4898,4898,-10,129159,0.0067,-2.2,41.845882415771484,91.30598449707031
4899,4899,-10,129178,0.0067,-2.2,121.73091125488281,80.63370513916016
4900,4900,-10,129197,0.0067,-2.2,30.796344757080078,92.28977966308594
4901,4901,-10,129216,0.0045000000000000005,4.4,47.46794891357422,88.148681640625
4902,4902,-10,129234,0.0045000000000000005,4.4,95.23204040527344,95.78558349609375
4903,4903,-10,129253,0.0045000000000000005,4.4,58.39500045776367,83.22624206542969
4904,4904,-10,129273,0.0045000000000000005,4.4,33.70531463623047,97.7861099243164
4905,4905,-10,129292,0.0045000000000000005,4.4,34.966094970703125,90.82232666015625
4906,4906,-10,129311,0.0045000000000000005,4.4,55.694087982177734,88.38835144042969
4907,4907,-10,129330,0.0045000000000000005,4.4,34.443450927734375,75.78262329101562
4908,4908,-10,129348,0.0045000000000000005,4.4,479.9320373535156,86.8309326171875
4909,4909,-10,129368,0.0045000000000000005,4.4,67.34620666503906,82.43476104736328
4910,4910,-10,129386,0.0045000000000000005,4.4,33.04297637939453,85.8499755859375
4911,4911,-10,129404,0.0045000000000000005,4.4,72.63312530517578,82.68907165527344
4912,4912,-10,129423,0.0045000000000000005,4.4,24.98471450805664,95.07000732421875
4913,4913,-10,129441,0.0045000000000000005,4.4,37.386199951171875,84.48492431640625
4914,4914,-10,129459,0.0045000000000000005,4.4,32.09819412231445,91.65341186523438
4915,4915,-10,129479,0.0045000000000000005,4.4,35.262847900390625,90.60513305664062
4916,4916,-10,129497,0.0045000000000000005,4.4,50.055294036865234,96.209228515625
4917,4917,-10,129517,0.0045000000000000005,4.4,37.13911437988281,83.55230712890625
4918,4918,100,129518,0.0045000000000000005,4.4,29.657987594604492,85.74415588378906
4919,4919,-10,129536,0.0045000000000000005,4.4,110.32511901855469,87.20955657958984
4920,4920,-10,129555,0.0045000000000000005,4.4,96.49758911132812,87.68407440185547
4921,4921,-10,129579,0.0045000000000000005,4.4,146.63510131835938,90.7216796875
4922,4922,-10,129605,0.0045000000000000005,4.4,62.06523132324219,88.88162231445312
4923,4923,-10,129623,0.0045000000000000005,4.4,111.8261947631836,94.39466857910156
4924,4924,-10,129642,0.0045000000000000005,4.4,28.497493743896484,87.76963806152344
4925,4925,-10,129662,0.0045000000000000005,4.4,59.47988510131836,90.40074920654297
4926,4926,-10,129680,0.0045000000000000005,4.4,288.57373046875,81.4122543334961
4927,4927,-10,129699,0.0045000000000000005,4.4,77.94229125976562,84.09751892089844
4928,4928,-10,129718,0.0045000000000000005,4.4,142.02935791015625,69.52369689941406
4929,4929,100,129719,0.0045000000000000005,4.4,132.95382690429688,84.41873168945312
4930,4930,-10,129737,0.0045000000000000005,4.4,87.84323120117188,84.35418701171875
4931,4931,-10,129758,0.0045000000000000005,4.4,74.65538787841797,86.8870849609375
4932,4932,-10,129779,0.0045000000000000005,4.4,42.6929817199707,90.1246566772461
4933,4933,-10,129798,0.0045000000000000005,4.4,71.0947265625,82.56587219238281
4934,4934,-10,129817,0.0045000000000000005,4.4,58.528236389160156,88.27040100097656
4935,4935,-10,129835,0.0045000000000000005,4.4,103.08222961425781,92.14464569091797
4936,4936,-10,129854,0.0045000000000000005,4.4,78.95343780517578,86.942138671875
4937,4937,-10,129873,0.0045000000000000005,4.4,131.20884704589844,90.35295104980469
4938,4938,-10,129892,0.0045000000000000005,4.4,32.485511779785156,90.8654556274414
4939,4939,-10,129910,0.0045000000000000005,4.4,196.39297485351562,90.34628295898438
4940,4940,100,129911,0.0045000000000000005,4.4,76.83525085449219,90.759765625
4941,4941,-10,129930,0.0045000000000000005,4.4,25.799007415771484,87.19190979003906
4942,4942,-10,129948,0.0045000000000000005,4.4,79.80464172363281,93.21174621582031
4943,4943,100,129949,0.0045000000000000005,4.4,136.24522399902344,88.2475814819336
4944,4944,-10,129967,0.0045000000000000005,4.4,99.6143569946289,91.55010223388672
4945,4945,-10,129987,0.0045000000000000005,4.4,62.494117736816406,83.62837219238281
4946,4946,-10,130007,0.0045000000000000005,4.4,80.22026062011719,90.37394714355469
4947,4947,-10,130029,0.0045000000000000005,4.4,36.885005950927734,86.17477416992188
4948,4948,-10,130048,0.0045000000000000005,4.4,65.59395599365234,84.103271484375
4949,4949,-10,130070,0.0045000000000000005,4.4,44.718421936035156,84.99524688720703
4950,4950,-10,130089,0.0045000000000000005,4.4,58.59925079345703,76.0381851196289
4951,4951,-10,130108,0.006700000000000001,-4.4,100.16951751708984,87.36089324951172
4952,4952,-10,130128,0.006700000000000001,-4.4,47.833030700683594,83.89024353027344
4953,4953,-10,130148,0.006700000000000001,-4.4,65.95948028564453,88.51664733886719
4954,4954,-10,130168,0.006700000000000001,-4.4,25.526264190673828,90.09600830078125
4955,4955,-10,130187,0.006700000000000001,-4.4,61.02809143066406,84.03410339355469
4956,4956,-10,130206,0.006700000000000001,-4.4,58.06682205200195,75.37834167480469
4957,4957,-10,130225,0.006700000000000001,-4.4,74.84529113769531,83.754638671875
4958,4958,-10,130243,0.006700000000000001,-4.4,27.495832443237305,92.50538635253906
4959,4959,-10,130263,0.006700000000000001,-4.4,32.048744201660156,86.63751983642578
4960,4960,-10,130287,0.006700000000000001,-4.4,51.255733489990234,91.792236328125
4961,4961,-10,130305,0.006700000000000001,-4.4,52.610382080078125,85.90872192382812
4962,4962,-10,130324,0.006700000000000001,-4.4,49.46660232543945,90.07160949707031
4963,4963,-10,130348,0.006700000000000001,-4.4,44.620155334472656,87.72738647460938
4964,4964,-10,130367,0.006700000000000001,-4.4,36.65937042236328,87.22265625
4965,4965,-10,130388,0.006700000000000001,-4.4,46.906524658203125,87.14613342285156
4966,4966,-10,130407,0.006700000000000001,-4.4,69.2304458618164,77.60151672363281
4967,4967,100,130408,0.006700000000000001,-4.4,48.05010223388672,87.87290954589844
4968,4968,-10,130426,0.006700000000000001,-4.4,52.81810760498047,78.3897705078125
4969,4969,100,130433,0.006700000000000001,-4.4,51.64706802368164,81.18490600585938
4970,4970,100,130434,0.006700000000000001,-4.4,114.90742492675781,94.04159545898438
4971,4971,-10,130453,0.006700000000000001,-4.4,143.72940063476562,75.6196517944336
4972,4972,-10,130471,0.006700000000000001,-4.4,74.73194885253906,81.33845520019531
4973,4973,100,130475,0.006700000000000001,-4.4,60.101070404052734,79.19148254394531
4974,4974,-10,130494,0.006700000000000001,-4.4,54.9117546081543,86.101806640625
4975,4975,-10,130513,0.006700000000000001,-4.4,95.9118423461914,87.94352722167969
4976,4976,100,130514,0.006700000000000001,-4.4,143.2281494140625,86.34403228759766
4977,4977,-10,130534,0.006700000000000001,-4.4,83.246826171875,84.84135437011719
4978,4978,-10,130564,0.006700000000000001,-4.4,37.689369201660156,82.7530746459961
4979,4979,-10,130584,0.006700000000000001,-4.4,122.10047912597656,79.3735580444336
4980,4980,-10,130602,0.006700000000000001,-4.4,279.63470458984375,74.49668884277344
4981,4981,-10,130624,0.006700000000000001,-4.4,42.15145492553711,82.2818603515625
4982,4982,-10,130649,0.006700000000000001,-4.4,29.543933868408203,84.5444564819336
4983,4983,-10,130668,0.006700000000000001,-4.4,40.110599517822266,87.50636291503906
4984,4984,-10,130686,0.006700000000000001,-4.4,44.066349029541016,82.98657989501953
4985,4985,-10,130705,0.006700000000000001,-4.4,67.07035064697266,87.79922485351562
4986,4986,-10,130729,0.006700000000000001,-4.4,94.63264465332031,87.34580993652344
4987,4987,-10,130750,0.006700000000000001,-4.4,59.01811218261719,87.58399963378906
4988,4988,-10,130772,0.006700000000000001,-4.4,147.10748291015625,82.51812744140625
4989,4989,-10,130790,0.006700000000000001,-4.4,71.50242614746094,85.08779907226562
4990,4990,-10,130809,0.006700000000000001,-4.4,68.2923355102539,89.756103515625
4991,4991,100,130816,0.006700000000000001,-4.4,30.745220184326172,96.22628021240234
4992,4992,-10,130835,0.006700000000000001,-4.4,94.08952331542969,86.39321899414062
4993,4993,-10,130854,0.006700000000000001,-4.4,145.46466064453125,80.87495422363281
4994,4994,-10,130874,0.006700000000000001,-4.4,33.55702590942383,87.5226821899414
4995,4995,-10,130892,0.006700000000000001,-4.4,75.03782653808594,85.19195556640625
4996,4996,-10,130910,0.006700000000000001,-4.4,28.791183471679688,86.65951538085938
4997,4997,-10,130935,0.006700000000000001,-4.4,117.20095825195312,91.92768096923828
4998,4998,-10,130953,0.006700000000000001,-4.4,47.331504821777344,90.7895736694336
4999,4999,-10,130974,0.006700000000000001,-4.4,33.79436492919922,85.16812133789062
5000,5000,-10,131064,0.0003,-4.4,0.0,0.0
5001,5001,-10,131173,0.0003,-4.4,222.64834594726562,89.80369567871094
5002,5002,100,131181,0.0003,-4.4,325.440673828125,87.88002014160156
5003,5003,100,131234,0.0003,-4.4,143.07412719726562,83.71060943603516
5004,5004,-10,131308,0.0003,-4.4,394.2859191894531,85.72541809082031
5005,5005,100,131355,0.0003,-4.4,279.6109619140625,83.82705688476562
5006,5006,100,131378,0.0003,-4.4,205.935791015625,82.7779769897461
5007,5007,-10,131465,0.0003,-4.4,174.14808654785156,91.9179458618164
5008,5008,100,131494,0.0003,-4.4,156.09637451171875,89.82464599609375
5009,5009,-10,131569,0.0003,-4.4,260.4288330078125,89.28069305419922
5010,5010,-10,131641,0.0003,-4.4,191.42874145507812,93.37326049804688
5011,5011,-10,131711,0.0003,-4.4,169.6497039794922,95.04283142089844
5012,5012,-10,131786,0.0003,-4.4,98.94173431396484,93.08010864257812
5013,5013,-10,131815,0.0003,-4.4,129.18751525878906,88.00932312011719
5014,5014,-10,131909,0.0003,-4.4,154.8983154296875,105.89478302001953
5015,5015,-10,131989,0.0003,-4.4,100.07653045654297,93.71029663085938
5016,5016,-10,132061,0.0003,-4.4,267.5623779296875,112.36275482177734
5017,5017,100,132104,0.0003,-4.4,200.54615783691406,102.14552307128906
5018,5018,100,132135,0.0003,-4.4,264.01611328125,101.73741149902344
5019,5019,100,132162,0.0003,-4.4,213.8232421875,112.08167266845703
5020,5020,100,132283,0.0003,-4.4,195.37081909179688,105.67857360839844
5021,5021,100,132315,0.0003,-4.4,94.02874755859375,101.43130493164062
5022,5022,100,132401,0.0003,-4.4,128.27806091308594,103.28455352783203
5023,5023,100,132484,0.0003,-4.4,147.61697387695312,96.72833251953125
5024,5024,100,132515,0.0003,-4.4,102.97422790527344,104.303466796875
5025,5025,100,132516,0.0003,-4.4,88.2174072265625,107.61271667480469
5026,5026,100,132583,0.0003,-4.4,146.51397705078125,96.64752197265625
5027,5027,100,132679,0.0003,-4.4,152.198486328125,101.08998107910156
5028,5028,100,132766,0.0003,-4.4,134.60073852539062,93.54698181152344
5029,5029,100,132816,0.0003,-4.4,64.81687927246094,102.81391906738281
5030,5030,100,132949,0.0003,-4.4,173.5443115234375,100.61807250976562
5031,5031,100,132969,0.0003,-4.4,50.70756530761719,104.65626525878906
5032,5032,100,133000,0.0003,-4.4,103.28492736816406,102.64144897460938
5033,5033,-10,133031,0.0003,-4.4,73.70874786376953,91.15746307373047
5034,5034,-10,133174,0.0003,-4.4,65.97207641601562,106.18179321289062
5035,5035,-10,133247,0.0003,-4.4,82.0786361694336,101.68524169921875
5036,5036,-10,133276,0.0003,-4.4,140.2198028564453,99.5155258178711
5037,5037,100,133409,0.0003,-4.4,103.39010620117188,106.08822631835938
5038,5038,100,133543,0.0003,-4.4,61.01628875732422,116.95162963867188
5039,5039,100,133562,0.0003,-4.4,43.151123046875,110.67515563964844
5040,5040,-10,133627,0.0003,-4.4,52.055912017822266,101.09982299804688
5041,5041,-10,133692,0.0003,-4.4,117.65467834472656,105.88536071777344
5042,5042,100,133712,0.0003,-4.4,44.655540466308594,120.43508911132812
5043,5043,100,133798,0.0003,-4.4,177.20724487304688,107.64773559570312
5044,5044,100,133803,0.0003,-4.4,167.48526000976562,108.46137237548828
5045,5045,100,133807,0.0003,-4.4,58.89603042602539,125.1913833618164
5046,5046,-10,133948,0.0003,-4.4,235.57025146484375,103.67781829833984
5047,5047,100,133973,0.0003,-4.4,98.06292724609375,119.0997314453125
5048,5048,100,134057,0.0003,-4.4,68.23047637939453,123.27891540527344
5049,5049,-10,134122,0.0003,-4.4,46.827880859375,108.94621276855469
5050,5050,-10,134263,0.0003,-4.4,54.15656280517578,113.37454223632812
5051,5051,100,134350,0.0001,52.8,59.31156539916992,130.3685302734375
5052,5052,-10,134379,0.0001,52.8,63.962345123291016,133.82891845703125
5053,5053,100,134465,0.0001,52.8,78.50245666503906,126.70269775390625
5054,5054,100,134476,0.0001,52.8,73.23197937011719,122.68353271484375
5055,5055,100,134580,0.0001,52.8,107.06978607177734,120.03910827636719
5056,5056,100,134678,0.0001,52.8,209.3961944580078,125.78787994384766
5057,5057,100,134688,0.0001,52.8,295.32025146484375,127.25672912597656
5058,5058,100,134785,0.0001,52.8,156.01397705078125,130.9444580078125
5059,5059,100,134868,0.0001,52.8,107.75201416015625,121.57646179199219
5060,5060,100,134972,0.0001,52.8,45.22434997558594,123.92569732666016
5061,5061,100,135100,0.0001,52.8,122.12938690185547,120.29852294921875
5062,5062,-10,135169,0.0001,52.8,91.41862487792969,135.5546875
5063,5063,100,135302,0.0001,52.8,40.71428298950195,141.00482177734375
5064,5064,-10,135372,0.0001,52.8,213.8375701904297,121.60367584228516
5065,5065,100,135446,0.0001,52.8,136.80963134765625,139.19554138183594
5066,5066,100,135522,0.0001,52.8,58.49052810668945,130.263916015625
5067,5067,100,135545,0.0001,52.8,44.747161865234375,137.1064910888672
5068,5068,100,135614,0.0001,52.8,39.628700256347656,146.92803955078125
5069,5069,100,135728,0.0001,52.8,60.40996551513672,142.7491455078125
5070,5070,-10,135938,0.0001,52.8,47.417606353759766,148.32908630371094
5071,5071,100,135971,0.0001,52.8,43.891212463378906,155.72030639648438
5072,5072,100,136004,0.0001,52.8,38.46711730957031,154.19760131835938
5073,5073,-10,136236,0.0001,52.8,157.1087188720703,157.87936401367188
5074,5074,100,136367,0.0001,52.8,37.8265495300293,161.3306427001953
5075,5075,100,136401,0.0001,52.8,40.59749221801758,164.7355194091797
5076,5076,100,136434,0.0001,52.8,191.59048461914062,169.1980743408203
5077,5077,100,136590,0.0001,52.8,62.7833137512207,156.27130126953125
5078,5078,-10,136829,0.0001,52.8,217.5827178955078,166.1031494140625
5079,5079,-10,136922,0.0001,52.8,50.155357360839844,167.72769165039062
5080,5080,100,137125,0.0001,52.8,113.05107879638672,180.04278564453125
5081,5081,100,137331,0.0001,52.8,147.06466674804688,169.3983154296875
5082,5082,100,137487,0.0001,52.8,46.97930145263672,183.57313537597656
5083,5083,100,137657,0.0001,52.8,51.12934112548828,191.81187438964844
5084,5084,100,137903,0.0001,52.8,81.7699203491211,174.15052795410156
5085,5085,100,138112,0.0001,52.8,85.63316345214844,188.1304931640625
5086,5086,100,138129,0.0001,52.8,64.75733947753906,207.61642456054688
5087,5087,100,138150,0.0001,52.8,51.02030563354492,208.91094970703125
5088,5088,-10,138371,0.0001,52.8,62.39985656738281,196.1390380859375
5089,5089,100,138403,0.0001,52.8,36.58417510986328,202.048828125
5090,5090,100,138598,0.0001,52.8,91.08995056152344,210.4759521484375
5091,5091,100,138853,0.0001,52.8,34.72208786010742,208.97247314453125
5092,5092,-10,139353,0.0001,52.8,70.310302734375,220.9224853515625
5093,5093,100,139621,0.0001,52.8,190.0184326171875,229.72056579589844
5094,5094,100,139785,0.0001,52.8,45.62947082519531,238.02577209472656
5095,5095,100,139919,0.0001,52.8,78.30760955810547,228.61749267578125
5096,5096,100,140060,0.0001,52.8,37.20954132080078,251.87490844726562
5097,5097,100,140129,0.0001,52.8,50.35731506347656,240.810546875
5098,5098,100,140366,0.0001,52.8,51.881256103515625,235.64874267578125
5099,5099,-10,140395,0.0001,52.8,44.83770751953125,238.5799560546875
5100,5100,100,140540,0.0001,52.8,44.139190673828125,253.47181701660156
5101,5101,100,140689,0.0001,22.0,92.37016296386719,254.57102966308594
5102,5102,100,140690,0.0001,22.0,59.22245788574219,249.32037353515625
5103,5103,100,140723,0.0001,22.0,22.915300369262695,267.33502197265625
5104,5104,100,140810,0.0001,22.0,97.1373291015625,254.71766662597656
5105,5105,100,141000,0.0001,22.0,103.75047302246094,239.86773681640625
5106,5106,-10,141028,0.0001,22.0,49.93191146850586,260.26580810546875
5107,5107,100,141199,0.0001,22.0,116.88422393798828,253.2639617919922
5108,5108,100,141353,0.0001,22.0,57.30964660644531,269.9869384765625
5109,5109,100,141358,0.0001,22.0,39.61311340332031,268.6800842285156
5110,5110,100,141561,0.0001,22.0,86.5536880493164,261.95147705078125
5111,5111,100,141566,0.0001,22.0,46.90599060058594,266.7211608886719
5112,5112,100,141795,0.0001,22.0,53.53648376464844,264.017578125
5113,5113,100,142030,0.0001,22.0,74.69195556640625,271.567626953125
5114,5114,100,142075,0.0001,22.0,68.26768493652344,279.040771484375
5115,5115,100,142225,0.0001,22.0,146.16297912597656,295.08673095703125
5116,5116,100,142245,0.0001,22.0,32.95635223388672,280.03515625
5117,5117,100,142402,0.0001,22.0,370.07928466796875,265.5773010253906
5118,5118,100,142410,0.0001,22.0,181.550537109375,293.1346740722656
5119,5119,100,142640,0.0001,22.0,50.27461242675781,286.0316162109375
5120,5120,100,142839,0.0001,22.0,110.8281021118164,306.879150390625
5121,5121,100,142950,0.0001,22.0,50.18162155151367,299.3045654296875
5122,5122,100,142972,0.0001,22.0,36.15210723876953,298.55352783203125
5123,5123,100,143005,0.0001,22.0,477.379638671875,291.30023193359375
5124,5124,100,143162,0.0001,22.0,88.47459411621094,290.4779968261719
5125,5125,100,143170,0.0001,22.0,52.06281280517578,291.6090393066406
5126,5126,100,143245,0.0001,22.0,685.1041259765625,301.520751953125
5127,5127,100,143374,0.0001,22.0,80.89012145996094,292.7908935546875
5128,5128,100,143389,0.0001,22.0,67.09764099121094,312.2915954589844
5129,5129,-10,143417,0.0001,22.0,321.67926025390625,308.7529602050781
5130,5130,100,143490,0.0001,22.0,78.45306396484375,294.7850341796875
5131,5131,100,143509,0.0001,22.0,72.39942932128906,297.8290100097656
5132,5132,100,143510,0.0001,22.0,69.35479736328125,287.0401611328125
5133,5133,100,143543,0.0001,22.0,80.35498046875,303.948974609375
5134,5134,-10,143570,0.0001,22.0,50.212615966796875,311.0166015625
5135,5135,100,143615,0.0001,22.0,34.900917053222656,323.083251953125
5136,5136,-10,143643,0.0001,22.0,60.5350227355957,309.4505615234375
5137,5137,100,143651,0.0001,22.0,117.18179321289062,303.716064453125
5138,5138,-10,143680,0.0001,22.0,294.1789855957031,317.71185302734375
5139,5139,-10,143708,0.0001,22.0,57.848876953125,310.38177490234375
5140,5140,100,143913,0.0001,22.0,113.13833618164062,303.72784423828125
5141,5141,100,144128,0.0001,22.0,58.3869514465332,321.0948791503906
5142,5142,100,144270,0.0001,22.0,74.30036926269531,323.5661926269531
5143,5143,100,144419,0.0001,22.0,59.52880096435547,333.3791809082031
5144,5144,100,144427,0.0001,22.0,157.84231567382812,335.937744140625
5145,5145,100,144554,0.0001,22.0,315.34881591796875,330.1983642578125
5146,5146,100,144697,0.0001,22.0,47.28334426879883,325.3740234375
5147,5147,100,144741,0.0001,22.0,73.12850189208984,331.3626403808594
5148,5148,100,144945,0.0001,22.0,54.857364654541016,341.62847900390625
5149,5149,100,144965,0.0001,22.0,92.93519592285156,322.85552978515625
5150,5150,100,145114,0.0001,22.0,426.0457763671875,315.93035888671875
5151,5151,100,145328,0.0001,8.799999999999997,333.7889404296875,329.59930419921875
5152,5152,-10,145360,0.0001,8.799999999999997,983.6363525390625,335.06524658203125
5153,5153,100,145391,0.0001,8.799999999999997,67.32964324951172,345.732666015625
5154,5154,100,145459,0.0001,8.799999999999997,68.31539916992188,351.6859130859375
5155,5155,-10,145686,0.0001,8.799999999999997,46.688079833984375,348.2625427246094
5156,5156,100,145827,0.0001,8.799999999999997,54.88544464111328,350.79132080078125
5157,5157,100,145846,0.0001,8.799999999999997,40.707275390625,359.0158996582031
5158,5158,100,146057,0.0001,8.799999999999997,68.41082763671875,343.140380859375
5159,5159,100,146162,0.0001,8.799999999999997,145.3448486328125,370.3157958984375
5160,5160,-10,146396,0.0001,8.799999999999997,52.563987731933594,370.5876770019531
5161,5161,100,146577,0.0001,8.799999999999997,41.40229797363281,356.03265380859375
5162,5162,100,146806,0.0001,8.799999999999997,99.59516143798828,350.29449462890625
5163,5163,100,146965,0.0001,8.799999999999997,67.39183044433594,363.504638671875
5164,5164,100,147198,0.0001,8.799999999999997,71.46057891845703,366.5694885253906
5165,5165,100,147228,0.0001,8.799999999999997,82.24951171875,378.63629150390625
5166,5166,100,147236,0.0001,8.799999999999997,1149.750732421875,358.4741516113281
5167,5167,100,147356,0.0001,8.799999999999997,51.84782409667969,386.17523193359375
5168,5168,100,147357,0.0001,8.799999999999997,89.05634307861328,357.17254638671875
5169,5169,100,147369,0.0001,8.799999999999997,91.32473754882812,385.4815673828125
5170,5170,100,147503,0.0001,8.799999999999997,58.07761001586914,381.7177734375
5171,5171,100,147684,0.0001,8.799999999999997,90.76924896240234,366.2165832519531
5172,5172,100,147698,0.0001,8.799999999999997,37.39493179321289,391.50042724609375
5173,5173,100,147804,0.0001,8.799999999999997,50.76791763305664,383.37432861328125
5174,5174,100,147962,0.0001,8.799999999999997,48.248023986816406,410.064697265625
5175,5175,100,148204,0.0001,8.799999999999997,157.6475372314453,382.6173095703125
5176,5176,100,148247,0.0001,8.799999999999997,145.36813354492188,382.24407958984375
5177,5177,100,148290,0.0001,8.799999999999997,84.21076965332031,392.32861328125
5178,5178,100,148400,0.0001,8.799999999999997,116.27616882324219,398.98291015625
5179,5179,100,148504,0.0001,8.799999999999997,49.14775085449219,426.0972900390625
5180,5180,100,148550,0.0001,8.799999999999997,63.950843811035156,397.2680969238281
5181,5181,100,148711,0.0001,8.799999999999997,60.681556701660156,396.8026428222656
5182,5182,100,148901,0.0001,8.799999999999997,189.6080322265625,406.298095703125
5183,5183,100,149104,0.0001,8.799999999999997,197.35647583007812,401.23797607421875
5184,5184,100,149147,0.0001,8.799999999999997,86.75691986083984,395.1978759765625
5185,5185,100,149166,0.0001,8.799999999999997,108.14314270019531,422.2721252441406
5186,5186,100,149268,0.0001,8.799999999999997,62.03852081298828,404.70220947265625
5187,5187,100,149369,0.0001,8.799999999999997,86.89860534667969,423.253662109375
5188,5188,100,149469,0.0001,8.799999999999997,93.28653717041016,406.0743408203125
5189,5189,100,149482,0.0001,8.799999999999997,76.5949935913086,430.609375
5190,5190,100,149501,0.0001,8.799999999999997,85.92686462402344,411.2803039550781
5191,5191,100,149601,0.0001,8.799999999999997,115.59461212158203,405.9707946777344
5192,5192,100,149702,0.0001,8.799999999999997,73.90531158447266,428.9672546386719
5193,5193,100,149810,0.0001,8.799999999999997,39.813472747802734,425.5455017089844
5194,5194,100,150036,0.0001,8.799999999999997,88.61214447021484,409.5164794921875
5195,5195,100,150067,0.0001,8.799999999999997,855.6664428710938,414.1185302734375
5196,5196,100,150086,0.0001,8.799999999999997,57.37242889404297,436.1114501953125
5197,5197,100,150184,0.0001,8.799999999999997,849.1807861328125,436.4729919433594
5198,5198,100,150283,0.0001,8.799999999999997,94.7414779663086,427.8223876953125
5199,5199,100,150288,0.0001,8.799999999999997,84.95088958740234,442.6177978515625
5200,5200,100,150420,0.0001,8.799999999999997,37.86046600341797,430.6322937011719
5201,5201,100,150520,0.0001,6.6000000000000085,79.68951416015625,428.9137878417969
5202,5202,100,150706,0.0001,6.6000000000000085,105.6650619506836,429.235107421875
5203,5203,100,150711,0.0001,6.6000000000000085,139.34608459472656,435.0738525390625
5204,5204,100,150757,0.0001,6.6000000000000085,81.55831909179688,407.3433837890625
5205,5205,100,150951,0.0001,6.6000000000000085,72.02128601074219,425.80072021484375
5206,5206,100,151050,0.0001,6.6000000000000085,56.71980667114258,434.44940185546875
5207,5207,100,151060,0.0001,6.6000000000000085,64.68354797363281,423.9212951660156
5208,5208,100,151145,0.0001,6.6000000000000085,76.32173156738281,455.79681396484375
5209,5209,-10,151164,0.0001,6.6000000000000085,114.81088256835938,449.8905029296875
5210,5210,-10,151247,0.0001,6.6000000000000085,86.31242370605469,440.1173095703125
5211,5211,100,151258,0.0001,6.6000000000000085,143.16851806640625,439.1351013183594
5212,5212,-10,151331,0.0001,6.6000000000000085,206.7101287841797,434.7361145019531
5213,5213,100,151492,0.0001,6.6000000000000085,104.18897247314453,442.6886291503906
5214,5214,100,151535,0.0001,6.6000000000000085,42.86955261230469,469.14593505859375
5215,5215,100,151694,0.0001,6.6000000000000085,53.320369720458984,444.025634765625
5216,5216,100,151704,0.0001,6.6000000000000085,224.233642578125,464.66119384765625
5217,5217,-10,151784,0.0001,6.6000000000000085,77.04871368408203,452.3160705566406
5218,5218,100,151803,0.0001,6.6000000000000085,107.32102966308594,411.3314208984375
5219,5219,100,151813,0.0001,6.6000000000000085,120.56993103027344,437.651123046875
5220,5220,-10,151834,0.0001,6.6000000000000085,187.98414611816406,433.86859130859375
5221,5221,-10,151860,0.0001,6.6000000000000085,87.37348937988281,434.8634948730469
5222,5222,100,152062,0.0001,6.6000000000000085,198.3459930419922,442.9164123535156
5223,5223,-10,152142,0.0001,6.6000000000000085,137.99856567382812,434.78204345703125
5224,5224,-10,152225,0.0001,6.6000000000000085,68.67030334472656,458.2657775878906
5225,5225,-10,152312,0.0001,6.6000000000000085,63.87031555175781,462.7530517578125
5226,5226,100,152331,0.0001,6.6000000000000085,140.71839904785156,419.02630615234375
5227,5227,-10,152427,0.0001,6.6000000000000085,85.19731140136719,467.47052001953125
5228,5228,-10,152505,0.0001,6.6000000000000085,116.02059936523438,437.07476806640625
5229,5229,-10,152590,0.0001,6.6000000000000085,163.3603973388672,473.5505065917969
5230,5230,-10,152613,0.0001,6.6000000000000085,57.582435607910156,466.958251953125
5231,5231,100,152623,0.0001,6.6000000000000085,125.94467163085938,445.85162353515625
5232,5232,100,152644,0.0001,6.6000000000000085,85.80445098876953,450.845703125
5233,5233,-10,152718,0.0001,6.6000000000000085,93.84169006347656,449.3076477050781
5234,5234,-10,152742,0.0001,6.6000000000000085,65.02391052246094,452.29229736328125
5235,5235,-10,152767,0.0001,6.6000000000000085,124.9274673461914,456.51153564453125
5236,5236,-10,152792,0.0001,6.6000000000000085,121.43475341796875,465.61199951171875
5237,5237,-10,152877,0.0001,6.6000000000000085,213.97854614257812,435.97662353515625
5238,5238,100,152882,0.0001,6.6000000000000085,125.9696044921875,429.4295959472656
5239,5239,100,152927,0.0001,6.6000000000000085,68.42636108398438,468.15679931640625
5240,5240,100,152946,0.0001,6.6000000000000085,1038.6116943359375,431.9774169921875
5241,5241,-10,152971,0.0001,6.6000000000000085,87.04493713378906,457.54132080078125
5242,5242,-10,152997,0.0001,6.6000000000000085,108.75899505615234,436.78387451171875
5243,5243,-10,153023,0.0001,6.6000000000000085,69.07577514648438,460.04754638671875
5244,5244,-10,153048,0.0001,6.6000000000000085,78.24351501464844,457.3533935546875
5245,5245,-10,153069,0.0001,6.6000000000000085,220.57589721679688,452.92291259765625
5246,5246,-10,153094,0.0001,6.6000000000000085,51.577003479003906,471.7464294433594
5247,5247,100,153104,0.0001,6.6000000000000085,148.61439514160156,435.5796203613281
5248,5248,-10,153129,0.0001,6.6000000000000085,71.94139099121094,453.33563232421875
5249,5249,-10,153160,0.0001,6.6000000000000085,78.01837921142578,463.426513671875
5250,5250,-10,153185,0.0001,6.6000000000000085,85.15367126464844,461.1815185546875
5251,5251,-10,153211,0.01,-52.800000000000004,101.25357055664062,478.02581787109375
5252,5252,-10,153237,0.01,-52.800000000000004,262.8758544921875,447.07452392578125
5253,5253,-10,153260,0.01,-52.800000000000004,117.57369232177734,468.07269287109375
5254,5254,-10,153283,0.01,-52.800000000000004,107.48994445800781,469.337158203125
5255,5255,-10,153304,0.01,-52.800000000000004,110.03630828857422,465.05841064453125
5256,5256,-10,153323,0.01,-52.800000000000004,136.29409790039062,465.14996337890625
5257,5257,-10,153347,0.01,-52.800000000000004,197.019287109375,462.6280822753906
5258,5258,-10,153368,0.01,-52.800000000000004,126.54354858398438,436.137451171875
5259,5259,100,153372,0.01,-52.800000000000004,158.36476135253906,448.5982971191406
5260,5260,-10,153399,0.01,-52.800000000000004,147.10494995117188,465.0460510253906
5261,5261,-10,153422,0.01,-52.800000000000004,58.30327224731445,464.7117614746094
5262,5262,100,153453,0.01,-52.800000000000004,144.9418487548828,463.072265625
5263,5263,100,153463,0.01,-52.800000000000004,89.57032775878906,456.0098876953125
5264,5264,-10,153488,0.01,-52.800000000000004,242.83261108398438,465.60137939453125
5265,5265,-10,153515,0.01,-52.800000000000004,144.6339569091797,444.77197265625
5266,5266,-10,153541,0.01,-52.800000000000004,141.09976196289062,468.5193786621094
5267,5267,-10,153566,0.01,-52.800000000000004,132.54879760742188,458.94989013671875
5268,5268,-10,153591,0.01,-52.800000000000004,64.52555847167969,468.93536376953125
5269,5269,-10,153611,0.01,-52.800000000000004,138.58993530273438,455.4691162109375
5270,5270,-10,153637,0.01,-52.800000000000004,100.81688690185547,465.0192565917969
5271,5271,-10,153661,0.01,-52.800000000000004,195.08026123046875,453.9364318847656
5272,5272,-10,153687,0.01,-52.800000000000004,99.05032348632812,468.43414306640625
5273,5273,-10,153710,0.01,-52.800000000000004,86.35702514648438,477.9534912109375
5274,5274,100,153715,0.01,-52.800000000000004,235.07699584960938,457.8323059082031
5275,5275,-10,153738,0.01,-52.800000000000004,121.9412841796875,430.8165588378906
5276,5276,-10,153758,0.01,-52.800000000000004,254.7522735595703,445.9273986816406
5277,5277,100,153759,0.01,-52.800000000000004,118.21351623535156,478.3113708496094
5278,5278,-10,153779,0.01,-52.800000000000004,141.05911254882812,466.8018798828125
5279,5279,100,153789,0.01,-52.800000000000004,74.19824981689453,477.7423095703125
5280,5280,-10,153814,0.01,-52.800000000000004,144.16571044921875,476.0888977050781
5281,5281,-10,153834,0.01,-52.800000000000004,182.53021240234375,458.8219909667969
5282,5282,-10,153854,0.01,-52.800000000000004,116.33180236816406,462.0205993652344
5283,5283,-10,153883,0.01,-52.800000000000004,172.08143615722656,446.15411376953125
5284,5284,-10,153909,0.01,-52.800000000000004,227.6309814453125,461.3790283203125
5285,5285,100,153913,0.01,-52.800000000000004,119.17608642578125,436.7605285644531
5286,5286,-10,153939,0.01,-52.800000000000004,104.44959259033203,473.8216247558594
5287,5287,-10,153959,0.01,-52.800000000000004,138.56982421875,421.1018981933594
5288,5288,-10,153982,0.01,-52.800000000000004,164.88864135742188,443.25482177734375
5289,5289,100,154001,0.01,-52.800000000000004,99.35266876220703,454.65435791015625
5290,5290,-10,154026,0.01,-52.800000000000004,167.44129943847656,452.24859619140625
5291,5291,-10,154051,0.01,-52.800000000000004,66.35885620117188,491.1254577636719
5292,5292,-10,154076,0.01,-52.800000000000004,100.26998138427734,508.07403564453125
5293,5293,100,154090,0.01,-52.800000000000004,176.76026916503906,469.00311279296875
5294,5294,-10,154115,0.01,-52.800000000000004,57.38096618652344,496.28045654296875
5295,5295,100,154128,0.01,-52.800000000000004,139.37741088867188,441.70916748046875
5296,5296,-10,154153,0.01,-52.800000000000004,150.9530487060547,458.7385559082031
5297,5297,100,154175,0.01,-52.800000000000004,135.1108856201172,447.45550537109375
5298,5298,-10,154201,0.01,-52.800000000000004,80.07579040527344,461.50799560546875
5299,5299,-10,154226,0.01,-52.800000000000004,178.2932586669922,468.5924072265625
5300,5300,100,154227,0.01,-52.800000000000004,1156.64794921875,466.9930419921875
5301,5301,100,154246,0.01,-24.200000000000003,59.66034698486328,487.81390380859375
5302,5302,-10,154271,0.01,-24.200000000000003,142.86175537109375,483.6168212890625
5303,5303,100,154291,0.01,-24.200000000000003,147.99241638183594,447.70880126953125
5304,5304,-10,154317,0.01,-24.200000000000003,173.77850341796875,436.37664794921875
5305,5305,-10,154339,0.01,-24.200000000000003,110.14382934570312,436.3725891113281
5306,5306,-10,154364,0.01,-24.200000000000003,191.17578125,451.1221923828125
5307,5307,-10,154391,0.01,-24.200000000000003,104.55854797363281,460.1860656738281
5308,5308,-10,154412,0.01,-24.200000000000003,96.50167846679688,469.1956787109375
5309,5309,-10,154437,0.01,-24.200000000000003,152.83636474609375,464.6419677734375
5310,5310,-10,154463,0.01,-24.200000000000003,127.63232421875,471.40386962890625
5311,5311,-10,154489,0.01,-24.200000000000003,110.9802474975586,457.9605712890625
5312,5312,100,154517,0.01,-24.200000000000003,120.97712707519531,459.783203125
5313,5313,-10,154542,0.01,-24.200000000000003,128.6217498779297,463.9766845703125
5314,5314,-10,154567,0.01,-24.200000000000003,157.6331787109375,469.3067626953125
5315,5315,-10,154588,0.01,-24.200000000000003,134.88372802734375,461.186767578125
5316,5316,100,154598,0.01,-24.200000000000003,268.8638916015625,406.56585693359375
5317,5317,-10,154618,0.01,-24.200000000000003,142.91458129882812,433.4847717285156
5318,5318,-10,154639,0.01,-24.200000000000003,113.39786529541016,460.97125244140625
5319,5319,-10,154660,0.01,-24.200000000000003,103.93558502197266,476.24700927734375
5320,5320,100,154679,0.01,-24.200000000000003,87.7142333984375,475.33251953125
5321,5321,-10,154704,0.01,-24.200000000000003,114.3563232421875,458.92498779296875
5322,5322,-10,154730,0.01,-24.200000000000003,105.37513732910156,466.92626953125
5323,5323,-10,154751,0.01,-24.200000000000003,110.7181625366211,472.57611083984375
5324,5324,100,154752,0.01,-24.200000000000003,62.300506591796875,476.91668701171875
5325,5325,-10,154778,0.01,-24.200000000000003,105.81694030761719,466.5785217285156
5326,5326,-10,154801,0.01,-24.200000000000003,56.46581268310547,469.4185791015625
5327,5327,100,154820,0.01,-24.200000000000003,429.0712890625,471.68572998046875
5328,5328,-10,154845,0.01,-24.200000000000003,169.58758544921875,432.5361328125
5329,5329,100,154846,0.01,-24.200000000000003,182.4840545654297,456.05047607421875
5330,5330,-10,154866,0.01,-24.200000000000003,72.44974517822266,465.9552307128906
5331,5331,-10,154887,0.01,-24.200000000000003,59.6951904296875,473.3046569824219
5332,5332,-10,154907,0.01,-24.200000000000003,107.11074829101562,446.3334045410156
5333,5333,100,154908,0.01,-24.200000000000003,167.69949340820312,468.5995788574219
5334,5334,-10,154929,0.01,-24.200000000000003,123.87459564208984,445.0306396484375
5335,5335,-10,154954,0.01,-24.200000000000003,87.61624145507812,441.01617431640625
5336,5336,100,154958,0.01,-24.200000000000003,83.20600891113281,463.5066223144531
5337,5337,-10,154983,0.01,-24.200000000000003,108.01309204101562,438.2724609375
5338,5338,100,155002,0.01,-24.200000000000003,170.01187133789062,429.2789001464844
5339,5339,-10,155028,0.01,-24.200000000000003,147.595703125,464.6512451171875
5340,5340,-10,155053,0.01,-24.200000000000003,150.35165405273438,445.4354248046875
5341,5341,-10,155079,0.01,-24.200000000000003,180.51004028320312,447.35516357421875
5342,5342,-10,155099,0.01,-24.200000000000003,96.39974212646484,478.1731872558594
5343,5343,-10,155124,0.01,-24.200000000000003,95.03366088867188,452.64117431640625
5344,5344,100,155132,0.01,-24.200000000000003,164.4618682861328,440.5856018066406
5345,5345,-10,155152,0.01,-24.200000000000003,100.2208023071289,416.138671875
5346,5346,-10,155173,0.01,-24.200000000000003,77.75126647949219,437.1673889160156
5347,5347,100,155180,0.01,-24.200000000000003,72.46147918701172,465.536376953125
5348,5348,-10,155201,0.01,-24.200000000000003,180.9503936767578,441.5144958496094
5349,5349,-10,155222,0.01,-24.200000000000003,146.23831176757812,455.2215576171875
5350,5350,100,155235,0.01,-24.200000000000003,166.52886962890625,463.6584777832031
5351,5351,100,155239,0.0078,4.400000000000002,166.81951904296875,444.158203125
5352,5352,100,155258,0.0078,4.400000000000002,83.36515045166016,484.32086181640625
5353,5353,100,155277,0.0078,4.400000000000002,197.87322998046875,436.06427001953125
5354,5354,100,155296,0.0078,4.400000000000002,136.53065490722656,447.4210205078125
5355,5355,-10,155322,0.0078,4.400000000000002,258.2755126953125,442.4853515625
5356,5356,-10,155348,0.0078,4.400000000000002,165.02822875976562,429.4583740234375
5357,5357,100,155356,0.0078,4.400000000000002,167.7618865966797,419.91552734375
5358,5358,-10,155376,0.0078,4.400000000000002,80.19705200195312,443.4017333984375
5359,5359,-10,155402,0.0078,4.400000000000002,133.37074279785156,484.7795715332031
5360,5360,-10,155422,0.0078,4.400000000000002,199.88624572753906,420.0845642089844
5361,5361,-10,155448,0.0078,4.400000000000002,153.47479248046875,474.2349853515625
5362,5362,-10,155469,0.0078,4.400000000000002,146.98110961914062,434.26953125
5363,5363,-10,155489,0.0078,4.400000000000002,78.22843170166016,471.1828308105469
5364,5364,-10,155515,0.0078,4.400000000000002,127.32066345214844,470.869873046875
5365,5365,-10,155540,0.0078,4.400000000000002,132.19082641601562,454.2305908203125
5366,5366,-10,155561,0.0078,4.400000000000002,136.49893188476562,438.65814208984375
5367,5367,-10,155586,0.0078,4.400000000000002,114.92308044433594,458.2865905761719
5368,5368,-10,155608,0.0078,4.400000000000002,186.1293487548828,452.430419921875
5369,5369,-10,155629,0.0078,4.400000000000002,121.47984313964844,406.6418762207031
5370,5370,100,155649,0.0078,4.400000000000002,137.74075317382812,416.41009521484375
5371,5371,-10,155675,0.0078,4.400000000000002,79.83792114257812,475.7976379394531
5372,5372,-10,155701,0.0078,4.400000000000002,80.68000030517578,452.2578125
5373,5373,-10,155727,0.0078,4.400000000000002,136.12118530273438,438.6505126953125
5374,5374,-10,155748,0.0078,4.400000000000002,192.14859008789062,463.4929504394531
5375,5375,-10,155769,0.0078,4.400000000000002,69.97879028320312,480.34124755859375
5376,5376,100,155774,0.0078,4.400000000000002,126.04649353027344,482.83428955078125
5377,5377,-10,155796,0.0078,4.400000000000002,120.53523254394531,455.4407653808594
5378,5378,-10,155817,0.0078,4.400000000000002,179.37188720703125,432.372802734375
5379,5379,100,155818,0.0078,4.400000000000002,99.761474609375,469.59234619140625
5380,5380,-10,155844,0.0078,4.400000000000002,103.62409210205078,440.5546875
5381,5381,-10,155865,0.0078,4.400000000000002,128.18429565429688,449.1959533691406
5382,5382,-10,155883,0.0078,4.400000000000002,224.7501220703125,426.9776916503906
5383,5383,-10,155902,0.0078,4.400000000000002,242.57424926757812,431.2882385253906
5384,5384,-10,155928,0.0078,4.400000000000002,95.78661346435547,449.754638671875
5385,5385,-10,155953,0.0078,4.400000000000002,160.35867309570312,439.85650634765625
5386,5386,-10,155973,0.0078,4.400000000000002,141.58653259277344,438.98443603515625
5387,5387,-10,155999,0.0078,4.400000000000002,146.34109497070312,460.1209716796875
5388,5388,-10,156025,0.0078,4.400000000000002,120.28651428222656,436.6939392089844
5389,5389,-10,156048,0.0078,4.400000000000002,102.83182525634766,441.15692138671875
5390,5390,100,156049,0.0078,4.400000000000002,184.0482177734375,438.3155822753906
5391,5391,-10,156075,0.0078,4.400000000000002,182.5236053466797,431.5863342285156
5392,5392,-10,156100,0.0078,4.400000000000002,116.06938171386719,429.53973388671875
5393,5393,-10,156122,0.0078,4.400000000000002,126.07872009277344,456.4537048339844
5394,5394,-10,156147,0.0078,4.400000000000002,116.87101745605469,427.06689453125
5395,5395,-10,156165,0.0078,4.400000000000002,126.4310302734375,432.2019348144531
5396,5396,-10,156190,0.0078,4.400000000000002,171.19444274902344,427.9924621582031
5397,5397,-10,156216,0.0078,4.400000000000002,115.08670043945312,457.24884033203125
5398,5398,-10,156235,0.0078,4.400000000000002,107.42879486083984,439.31134033203125
5399,5399,-10,156257,0.0078,4.400000000000002,128.0677947998047,442.77386474609375
5400,5400,-10,156276,0.0078,4.400000000000002,285.6621398925781,451.6146240234375
5401,5401,-10,156301,0.01,-11.0,104.37356567382812,440.3578796386719
5402,5402,-10,156320,0.01,-11.0,107.88522338867188,460.240966796875
5403,5403,-10,156341,0.01,-11.0,156.727294921875,466.172607421875
5404,5404,-10,156366,0.01,-11.0,165.72100830078125,429.335693359375
5405,5405,100,156386,0.01,-11.0,196.77432250976562,422.90753173828125
5406,5406,-10,156406,0.01,-11.0,110.23942565917969,434.18896484375
5407,5407,-10,156432,0.01,-11.0,145.78570556640625,411.2139892578125
5408,5408,-10,156457,0.01,-11.0,145.1847686767578,442.79144287109375
5409,5409,100,156465,0.01,-11.0,102.09895324707031,453.4804992675781
5410,5410,100,156475,0.01,-11.0,118.80718994140625,462.30975341796875
5411,5411,-10,156493,0.01,-11.0,165.7933349609375,445.2561340332031
5412,5412,-10,156519,0.01,-11.0,126.06232452392578,443.9759521484375
5413,5413,-10,156540,0.01,-11.0,188.7293701171875,431.70556640625
5414,5414,-10,156565,0.01,-11.0,117.89004516601562,439.0004577636719
5415,5415,100,156572,0.01,-11.0,158.04696655273438,440.66217041015625
5416,5416,-10,156598,0.01,-11.0,244.1063232421875,459.3777160644531
5417,5417,100,156624,0.01,-11.0,83.2901840209961,435.409423828125
5418,5418,-10,156649,0.01,-11.0,165.15484619140625,418.0337219238281
5419,5419,-10,156670,0.01,-11.0,149.28045654296875,407.81396484375
5420,5420,-10,156695,0.01,-11.0,176.67251586914062,454.9249267578125
5421,5421,-10,156713,0.01,-11.0,106.9717788696289,420.74505615234375
5422,5422,100,156717,0.01,-11.0,172.22027587890625,433.8052978515625
5423,5423,-10,156736,0.01,-11.0,193.87496948242188,428.61517333984375
5424,5424,-10,156754,0.01,-11.0,73.49293518066406,448.44415283203125
5425,5425,-10,156780,0.01,-11.0,293.31414794921875,420.7590026855469
5426,5426,100,156790,0.01,-11.0,209.76486206054688,420.416015625
5427,5427,100,156791,0.01,-11.0,152.09323120117188,433.2628173828125
5428,5428,-10,156810,0.01,-11.0,588.5997924804688,402.40283203125
5429,5429,-10,156828,0.01,-11.0,184.61981201171875,417.9397277832031
5430,5430,-10,156849,0.01,-11.0,126.71979522705078,414.1688232421875
5431,5431,-10,156875,0.01,-11.0,212.06236267089844,421.6069641113281
5432,5432,-10,156900,0.01,-11.0,166.37582397460938,415.0690002441406
5433,5433,-10,156925,0.01,-11.0,184.93312072753906,468.1083984375
5434,5434,100,156926,0.01,-11.0,592.3203125,412.66986083984375
5435,5435,-10,156951,0.01,-11.0,94.86833190917969,423.9521484375
5436,5436,-10,156969,0.01,-11.0,103.62699890136719,438.53076171875
5437,5437,-10,156988,0.01,-11.0,294.183837890625,429.14892578125
5438,5438,-10,157013,0.01,-11.0,115.30888366699219,452.39862060546875
5439,5439,-10,157031,0.01,-11.0,187.06365966796875,420.555908203125
5440,5440,-10,157052,0.01,-11.0,126.77568817138672,437.8616943359375
5441,5441,100,157071,0.01,-11.0,119.85148620605469,419.92791748046875
5442,5442,-10,157096,0.01,-11.0,102.87086486816406,451.61407470703125
5443,5443,-10,157119,0.01,-11.0,173.36961364746094,408.201904296875
5444,5444,-10,157137,0.01,-11.0,142.42234802246094,423.394287109375
5445,5445,-10,157162,0.01,-11.0,149.36383056640625,466.424072265625
5446,5446,-10,157187,0.01,-11.0,104.27420806884766,411.7555236816406
5447,5447,100,157192,0.01,-11.0,148.1659393310547,422.5151062011719
5448,5448,-10,157217,0.01,-11.0,164.51516723632812,423.4162902832031
5449,5449,-10,157242,0.01,-11.0,1154.35009765625,416.81158447265625
5450,5450,-10,157267,0.01,-11.0,104.55854797363281,425.1947021484375
5451,5451,-10,157293,0.007800000000000001,4.399999999999999,192.641357421875,439.6122131347656
5452,5452,-10,157315,0.007800000000000001,4.399999999999999,195.87313842773438,426.16461181640625
5453,5453,100,157338,0.007800000000000001,4.399999999999999,113.6915283203125,439.7685852050781
5454,5454,-10,157359,0.007800000000000001,4.399999999999999,1087.6800537109375,376.3482666015625
5455,5455,-10,157384,0.007800000000000001,4.399999999999999,137.6781463623047,413.9185791015625
5456,5456,-10,157406,0.007800000000000001,4.399999999999999,155.61376953125,406.247314453125
5457,5457,-10,157427,0.007800000000000001,4.399999999999999,144.60562133789062,420.221435546875
5458,5458,-10,157453,0.007800000000000001,4.399999999999999,117.00917053222656,403.8318786621094
5459,5459,-10,157476,0.007800000000000001,4.399999999999999,107.85186767578125,482.3858947753906
5460,5460,-10,157496,0.007800000000000001,4.399999999999999,141.61976623535156,437.6298828125
5461,5461,100,157506,0.007800000000000001,4.399999999999999,2193.03466796875,422.0386657714844
5462,5462,-10,157532,0.007800000000000001,4.399999999999999,165.57095336914062,392.02960205078125
5463,5463,-10,157554,0.007800000000000001,4.399999999999999,131.00498962402344,422.917724609375
5464,5464,-10,157576,0.007800000000000001,4.399999999999999,172.7041778564453,393.58319091796875
5465,5465,-10,157602,0.007800000000000001,4.399999999999999,172.95150756835938,404.130615234375
5466,5466,-10,157620,0.007800000000000001,4.399999999999999,194.3629150390625,430.3786315917969
5467,5467,-10,157642,0.007800000000000001,4.399999999999999,223.64193725585938,380.8350830078125
5468,5468,100,157650,0.007800000000000001,4.399999999999999,241.9954376220703,431.25103759765625
5469,5469,-10,157671,0.007800000000000001,4.399999999999999,113.9548110961914,435.89019775390625
5470,5470,-10,157694,0.007800000000000001,4.399999999999999,115.4413070678711,419.75408935546875
5471,5471,-10,157712,0.007800000000000001,4.399999999999999,145.0606231689453,433.26263427734375
5472,5472,-10,157731,0.007800000000000001,4.399999999999999,193.18495178222656,392.7201843261719
5473,5473,-10,157757,0.007800000000000001,4.399999999999999,144.9974365234375,449.32415771484375
5474,5474,-10,157776,0.007800000000000001,4.399999999999999,133.65264892578125,424.43609619140625
5475,5475,-10,157802,0.007800000000000001,4.399999999999999,145.4763641357422,396.3188171386719
5476,5476,-10,157827,0.007800000000000001,4.399999999999999,153.98028564453125,402.53656005859375
5477,5477,-10,157853,0.007800000000000001,4.399999999999999,149.2292938232422,407.629638671875
5478,5478,-10,157871,0.007800000000000001,4.399999999999999,91.39769744873047,417.99212646484375
5479,5479,-10,157897,0.007800000000000001,4.399999999999999,249.87332153320312,385.4328308105469
5480,5480,100,157898,0.007800000000000001,4.399999999999999,123.70709228515625,431.6684265136719
5481,5481,-10,157923,0.007800000000000001,4.399999999999999,105.79290771484375,431.2966003417969
5482,5482,-10,157949,0.007800000000000001,4.399999999999999,213.1025390625,439.02398681640625
5483,5483,-10,157971,0.007800000000000001,4.399999999999999,166.878173828125,420.8582763671875
5484,5484,-10,157991,0.007800000000000001,4.399999999999999,187.97412109375,408.1824035644531
5485,5485,-10,158012,0.007800000000000001,4.399999999999999,1033.1383056640625,421.109130859375
5486,5486,-10,158030,0.007800000000000001,4.399999999999999,180.36802673339844,392.667724609375
5487,5487,-10,158051,0.007800000000000001,4.399999999999999,157.4950408935547,378.7906494140625
5488,5488,-10,158077,0.007800000000000001,4.399999999999999,290.487548828125,405.07635498046875
5489,5489,-10,158099,0.007800000000000001,4.399999999999999,1204.4163818359375,394.83929443359375
5490,5490,-10,158120,0.007800000000000001,4.399999999999999,93.87110900878906,415.3304443359375
5491,5491,-10,158139,0.007800000000000001,4.399999999999999,104.47534942626953,399.7689514160156
5492,5492,-10,158165,0.007800000000000001,4.399999999999999,290.4261779785156,392.56707763671875
5493,5493,-10,158188,0.007800000000000001,4.399999999999999,200.28689575195312,385.62548828125
5494,5494,100,158198,0.007800000000000001,4.399999999999999,314.39654541015625,375.37847900390625
5495,5495,-10,158216,0.007800000000000001,4.399999999999999,156.90240478515625,391.9324645996094
5496,5496,100,158221,0.007800000000000001,4.399999999999999,242.31961059570312,420.2992248535156
5497,5497,-10,158246,0.007800000000000001,4.399999999999999,119.5260009765625,413.863525390625
5498,5498,100,158251,0.007800000000000001,4.399999999999999,242.61721801757812,391.69366455078125
5499,5499,-10,158269,0.007800000000000001,4.399999999999999,230.6282958984375,413.88818359375
5500,5500,-10,158294,0.007800000000000001,4.399999999999999,113.64652252197266,417.7944030761719
5501,5501,-10,158315,0.01,-8.799999999999999,96.79841613769531,440.2020263671875
5502,5502,-10,158336,0.01,-8.799999999999999,85.43788146972656,406.9521484375
5503,5503,-10,158358,0.01,-8.799999999999999,154.15811157226562,408.2004089355469
5504,5504,-10,158384,0.01,-8.799999999999999,119.72655487060547,416.99847412109375
5505,5505,-10,158410,0.01,-8.799999999999999,173.192138671875,420.505615234375
5506,5506,-10,158431,0.01,-8.799999999999999,97.68807983398438,438.75372314453125
5507,5507,-10,158449,0.01,-8.799999999999999,225.1351318359375,409.5342712402344
5508,5508,-10,158467,0.01,-8.799999999999999,155.6664581298828,414.3717956542969
5509,5509,-10,158485,0.01,-8.799999999999999,187.70367431640625,398.8499450683594
5510,5510,-10,158510,0.01,-8.799999999999999,159.68875122070312,400.0798034667969
5511,5511,-10,158528,0.01,-8.799999999999999,144.12484741210938,408.6405334472656
5512,5512,-10,158554,0.01,-8.799999999999999,137.3596954345703,413.8204345703125
5513,5513,-10,158579,0.01,-8.799999999999999,170.37405395507812,428.2422790527344
5514,5514,100,158580,0.01,-8.799999999999999,216.97134399414062,398.4062805175781
5515,5515,100,158590,0.01,-8.799999999999999,217.8270721435547,380.02716064453125
5516,5516,100,158613,0.01,-8.799999999999999,186.31985473632812,377.46832275390625
5517,5517,-10,158638,0.01,-8.799999999999999,178.08514404296875,389.523681640625
5518,5518,-10,158656,0.01,-8.799999999999999,214.87503051757812,391.6002502441406
5519,5519,-10,158674,0.01,-8.799999999999999,168.31297302246094,406.17578125
5520,5520,-10,158699,0.01,-8.799999999999999,143.47325134277344,421.5006103515625
5521,5521,-10,158721,0.01,-8.799999999999999,138.03741455078125,396.11529541015625
5522,5522,-10,158739,0.01,-8.799999999999999,186.3719024658203,392.02178955078125
5523,5523,-10,158761,0.01,-8.799999999999999,281.21221923828125,360.14556884765625
5524,5524,100,158771,0.01,-8.799999999999999,167.7066650390625,431.64111328125
5525,5525,-10,158796,0.01,-8.799999999999999,164.94955444335938,385.2725830078125
5526,5526,100,158803,0.01,-8.799999999999999,177.37335205078125,401.0861511230469
5527,5527,-10,158829,0.01,-8.799999999999999,145.3525390625,372.0075378417969
5528,5528,-10,158847,0.01,-8.799999999999999,252.38629150390625,374.4239501953125
5529,5529,-10,158868,0.01,-8.799999999999999,150.18624877929688,404.27752685546875
5530,5530,-10,158886,0.01,-8.799999999999999,93.36256408691406,413.5500183105469
5531,5531,100,158906,0.01,-8.799999999999999,123.0953140258789,411.55328369140625
5532,5532,-10,158924,0.01,-8.799999999999999,251.5709228515625,386.50726318359375
5533,5533,-10,158946,0.01,-8.799999999999999,150.16262817382812,376.3835144042969
5534,5534,-10,158964,0.01,-8.799999999999999,171.12405395507812,404.4039611816406
5535,5535,-10,158982,0.01,-8.799999999999999,100.73847961425781,397.77392578125
5536,5536,100,158989,0.01,-8.799999999999999,206.7321319580078,397.0011901855469
5537,5537,-10,159014,0.01,-8.799999999999999,120.68856811523438,408.8265686035156
5538,5538,-10,159032,0.01,-8.799999999999999,199.02957153320312,392.6650390625
5539,5539,-10,159050,0.01,-8.799999999999999,171.633544921875,374.3885498046875
5540,5540,-10,159075,0.01,-8.799999999999999,152.8170166015625,377.5874938964844
5541,5541,100,159100,0.01,-8.799999999999999,152.65646362304688,366.4894104003906
5542,5542,-10,159126,0.01,-8.799999999999999,265.17022705078125,360.3642578125
5543,5543,-10,159151,0.01,-8.799999999999999,171.0209197998047,380.3207092285156
5544,5544,-10,159169,0.01,-8.799999999999999,183.74612426757812,381.0862121582031
5545,5545,-10,159195,0.01,-8.799999999999999,143.53306579589844,368.12896728515625
5546,5546,-10,159213,0.01,-8.799999999999999,199.77621459960938,386.0338134765625
5547,5547,-10,159239,0.01,-8.799999999999999,92.13729858398438,392.17303466796875
5548,5548,100,159246,0.01,-8.799999999999999,184.61997985839844,361.70068359375
5549,5549,-10,159271,0.01,-8.799999999999999,122.90098571777344,399.36175537109375
5550,5550,-10,159295,0.01,-8.799999999999999,164.44302368164062,374.8553466796875
5551,5551,100,159303,0.0078,4.4,120.46835327148438,401.2312316894531
5552,5552,-10,159326,0.0078,4.4,194.09922790527344,374.97064208984375
5553,5553,-10,159347,0.0078,4.4,222.30332946777344,382.51171875
5554,5554,-10,159373,0.0078,4.4,154.46279907226562,386.60137939453125
5555,5555,-10,159394,0.0078,4.4,120.27129364013672,371.90472412109375
5556,5556,-10,159419,0.0078,4.4,218.29901123046875,367.15069580078125
5557,5557,-10,159444,0.0078,4.4,243.6194305419922,345.4154968261719
5558,5558,-10,159469,0.0078,4.4,163.79605102539062,361.4258728027344
5559,5559,-10,159494,0.0078,4.4,90.85029602050781,386.7879943847656
5560,5560,-10,159515,0.0078,4.4,168.91444396972656,371.87127685546875
5561,5561,-10,159533,0.0078,4.4,188.05987548828125,336.4707336425781
5562,5562,-10,159551,0.0078,4.4,164.08673095703125,381.53643798828125
5563,5563,-10,159569,0.0078,4.4,163.5714111328125,375.2469482421875
5564,5564,-10,159587,0.0078,4.4,214.06491088867188,376.0726318359375
5565,5565,-10,159613,0.0078,4.4,168.7452392578125,361.5994873046875
5566,5566,-10,159632,0.0078,4.4,212.04318237304688,392.0067443847656
5567,5567,-10,159650,0.0078,4.4,171.19464111328125,368.22637939453125
5568,5568,100,159651,0.0078,4.4,105.29083251953125,366.6809387207031
5569,5569,-10,159670,0.0078,4.4,160.05575561523438,387.0668029785156
5570,5570,-10,159689,0.0078,4.4,139.4410400390625,354.5452880859375
5571,5571,-10,159711,0.0078,4.4,180.79942321777344,351.010498046875
5572,5572,-10,159730,0.0078,4.4,160.63267517089844,370.8236083984375
5573,5573,-10,159753,0.0078,4.4,101.65791320800781,361.83160400390625
5574,5574,100,159763,0.0078,4.4,209.22128295898438,367.66259765625
5575,5575,-10,159784,0.0078,4.4,135.7431640625,375.406494140625
5576,5576,100,159792,0.0078,4.4,115.61721801757812,374.80242919921875
5577,5577,-10,159811,0.0078,4.4,123.3280258178711,391.1371765136719
5578,5578,-10,159829,0.0078,4.4,112.74776458740234,377.35113525390625
5579,5579,-10,159854,0.0078,4.4,147.24191284179688,396.44830322265625
5580,5580,-10,159872,0.0078,4.4,217.75177001953125,352.5693359375
5581,5581,100,159882,0.0078,4.4,216.20901489257812,346.183837890625
5582,5582,-10,159907,0.0078,4.4,217.0615997314453,385.823486328125
5583,5583,-10,159929,0.0078,4.4,242.25909423828125,341.2626953125
5584,5584,-10,159954,0.0078,4.4,145.2335968017578,363.9103088378906
5585,5585,-10,159972,0.0078,4.4,102.103759765625,362.4873962402344
5586,5586,-10,159991,0.0078,4.4,134.03530883789062,375.8190002441406
5587,5587,-10,160010,0.0078,4.4,143.31747436523438,340.4687194824219
5588,5588,-10,160035,0.0078,4.4,144.10302734375,320.8633117675781
5589,5589,-10,160060,0.0078,4.4,159.95697021484375,358.75811767578125
5590,5590,-10,160086,0.0078,4.4,123.20254516601562,323.47125244140625
5591,5591,100,160090,0.0078,4.4,186.34475708007812,340.50946044921875
5592,5592,100,160091,0.0078,4.4,176.17408752441406,351.5472717285156
5593,5593,-10,160110,0.0078,4.4,111.13633728027344,369.0803527832031
5594,5594,-10,160132,0.0078,4.4,195.13880920410156,347.65557861328125
5595,5595,-10,160158,0.0078,4.4,161.27243041992188,361.6488037109375
5596,5596,-10,160177,0.0078,4.4,198.5162811279297,344.94183349609375
5597,5597,-10,160199,0.0078,4.4,169.82626342773438,367.69573974609375
5598,5598,-10,160224,0.0078,4.4,159.313720703125,373.17401123046875
5599,5599,-10,160242,0.0078,4.4,171.8866424560547,334.9028625488281
5600,5600,-10,160267,0.0078,4.4,124.20441436767578,342.61151123046875
5601,5601,-10,160289,0.01,-4.4,197.18336486816406,343.00946044921875
5602,5602,100,160299,0.01,-4.4,80.40066528320312,352.7794494628906
5603,5603,-10,160322,0.01,-4.4,145.8148193359375,336.27099609375
5604,5604,-10,160344,0.01,-4.4,98.94801330566406,328.0845031738281
5605,5605,-10,160366,0.01,-4.4,119.01637268066406,347.22174072265625
5606,5606,-10,160387,0.01,-4.4,85.0224609375,346.897216796875
5607,5607,-10,160413,0.01,-4.4,164.66329956054688,349.56182861328125
5608,5608,-10,160432,0.01,-4.4,209.30825805664062,324.0583801269531
5609,5609,-10,160458,0.01,-4.4,160.46676635742188,343.774169921875
5610,5610,-10,160480,0.01,-4.4,133.65438842773438,377.2300109863281
5611,5611,-10,160503,0.01,-4.4,120.73963928222656,355.4877624511719
5612,5612,-10,160524,0.01,-4.4,148.97903442382812,340.8340148925781
5613,5613,-10,160549,0.01,-4.4,136.92544555664062,341.9572448730469
5614,5614,100,160569,0.01,-4.4,180.9914093017578,331.198486328125
5615,5615,-10,160587,0.01,-4.4,1063.7481689453125,314.3206481933594
5616,5616,-10,160610,0.01,-4.4,119.72335815429688,364.7005920410156
5617,5617,-10,160636,0.01,-4.4,79.03640747070312,359.96868896484375
5618,5618,-10,160662,0.01,-4.4,139.97802734375,350.662109375
5619,5619,-10,160688,0.01,-4.4,211.77615356445312,331.7057800292969
5620,5620,100,160698,0.01,-4.4,127.06646728515625,330.325927734375
5621,5621,-10,160723,0.01,-4.4,133.2248992919922,358.02252197265625
5622,5622,-10,160741,0.01,-4.4,138.15823364257812,337.8616638183594
5623,5623,-10,160759,0.01,-4.4,119.9721908569336,356.8156433105469
5624,5624,-10,160781,0.01,-4.4,152.4553985595703,340.7314758300781
5625,5625,-10,160799,0.01,-4.4,102.27986907958984,347.396728515625
5626,5626,-10,160817,0.01,-4.4,143.73931884765625,347.63275146484375
5627,5627,100,160837,0.01,-4.4,154.13731384277344,338.98394775390625
5628,5628,-10,160856,0.01,-4.4,136.61865234375,327.82647705078125
5629,5629,-10,160877,0.01,-4.4,152.56756591796875,330.6708984375
5630,5630,-10,160899,0.01,-4.4,128.36038208007812,330.8850402832031
5631,5631,-10,160924,0.01,-4.4,125.97708129882812,342.230712890625
5632,5632,-10,160945,0.01,-4.4,86.05062866210938,371.480224609375
5633,5633,-10,160971,0.01,-4.4,175.9476776123047,342.08184814453125
5634,5634,-10,160992,0.01,-4.4,153.03860473632812,306.9279479980469
5635,5635,-10,161016,0.01,-4.4,147.58651733398438,334.92303466796875
5636,5636,-10,161038,0.01,-4.4,157.36782836914062,337.8173828125
5637,5637,-10,161063,0.01,-4.4,137.94549560546875,323.70965576171875
5638,5638,-10,161082,0.01,-4.4,110.13127899169922,352.04669189453125
5639,5639,-10,161105,0.01,-4.4,183.06626892089844,332.8451232910156
5640,5640,-10,161128,0.01,-4.4,148.62869262695312,346.7393798828125
5641,5641,-10,161150,0.01,-4.4,167.82577514648438,350.014404296875
5642,5642,-10,161169,0.01,-4.4,143.2820281982422,340.77374267578125
5643,5643,-10,161193,0.01,-4.4,174.4663848876953,316.47259521484375
5644,5644,-10,161219,0.01,-4.4,128.31585693359375,336.80853271484375
5645,5645,-10,161242,0.01,-4.4,306.71771240234375,336.4283447265625
5646,5646,-10,161263,0.01,-4.4,115.88047790527344,334.78045654296875
5647,5647,-10,161284,0.01,-4.4,80.36993408203125,348.80548095703125
5648,5648,100,161294,0.01,-4.4,125.93220520019531,322.5271301269531
5649,5649,-10,161318,0.01,-4.4,183.67446899414062,352.00030517578125
5650,5650,-10,161341,0.01,-4.4,113.98225402832031,324.01068115234375
5651,5651,100,161346,0.01,-4.4,124.5784912109375,336.891845703125
5652,5652,-10,161368,0.01,-4.4,144.58175659179688,330.2292175292969
5653,5653,-10,161386,0.01,-4.4,138.44863891601562,356.5462341308594
5654,5654,-10,161405,0.01,-4.4,146.51950073242188,333.17279052734375
5655,5655,100,161424,0.01,-4.4,101.52149963378906,319.0968933105469
5656,5656,-10,161445,0.01,-4.4,100.17046356201172,354.2917175292969
5657,5657,-10,161464,0.01,-4.4,117.6091079711914,346.70849609375
5658,5658,-10,161485,0.01,-4.4,256.11029052734375,320.5654296875
5659,5659,100,161495,0.01,-4.4,97.83282470703125,325.76318359375
5660,5660,-10,161520,0.01,-4.4,133.6295166015625,337.3734130859375
5661,5661,-10,161538,0.01,-4.4,186.46609497070312,299.35369873046875
5662,5662,-10,161563,0.01,-4.4,96.94776916503906,318.83831787109375
5663,5663,-10,161582,0.01,-4.4,123.67322540283203,305.24981689453125
5664,5664,-10,161602,0.01,-4.4,138.15658569335938,340.012451171875
5665,5665,-10,161627,0.01,-4.4,554.6214599609375,290.996826171875
5666,5666,-10,161645,0.01,-4.4,104.30378723144531,311.85540771484375
5667,5667,100,161664,0.01,-4.4,218.47801208496094,294.38177490234375
5668,5668,-10,161682,0.01,-4.4,140.31036376953125,317.47442626953125
5669,5669,-10,161703,0.01,-4.4,125.98780059814453,313.107177734375
5670,5670,-10,161728,0.01,-4.4,325.592041015625,314.91802978515625
5671,5671,-10,161759,0.01,-4.4,121.82290649414062,315.7259826660156
5672,5672,-10,161778,0.01,-4.4,141.50953674316406,317.882080078125
5673,5673,-10,161804,0.01,-4.4,181.19375610351562,291.1484069824219
5674,5674,100,161825,0.01,-4.4,138.2097625732422,288.00860595703125
5675,5675,-10,161853,0.01,-4.4,159.50411987304688,321.3536682128906
5676,5676,-10,161875,0.01,-4.4,114.36616516113281,297.421142578125
5677,5677,-10,161894,0.01,-4.4,168.72869873046875,327.21484375
5678,5678,-10,161912,0.01,-4.4,111.68069458007812,310.01171875
5679,5679,-10,161931,0.01,-4.4,150.925537109375,289.32659912109375
5680,5680,-10,161952,0.01,-4.4,134.9168243408203,295.63861083984375
5681,5681,-10,161971,0.01,-4.4,224.16876220703125,307.13323974609375
5682,5682,-10,161990,0.01,-4.4,188.0443115234375,311.1903381347656
5683,5683,-10,162010,0.01,-4.4,137.31222534179688,309.6983642578125
5684,5684,-10,162033,0.01,-4.4,93.46379089355469,311.3321533203125
5685,5685,-10,162052,0.01,-4.4,164.3776092529297,302.24334716796875
5686,5686,100,162059,0.01,-4.4,134.22787475585938,300.7640075683594
5687,5687,100,162066,0.01,-4.4,110.05134582519531,306.97564697265625
5688,5688,100,162087,0.01,-4.4,114.23930358886719,320.1965026855469
5689,5689,-10,162106,0.01,-4.4,121.94097900390625,292.7994079589844
5690,5690,-10,162126,0.01,-4.4,144.4686279296875,296.0160827636719
5691,5691,-10,162144,0.01,-4.4,213.46945190429688,262.6485900878906
5692,5692,-10,162170,0.01,-4.4,198.41192626953125,284.551025390625
5693,5693,-10,162202,0.01,-4.4,250.74679565429688,274.5625305175781
5694,5694,-10,162221,0.01,-4.4,109.03921508789062,276.265869140625
5695,5695,100,162241,0.01,-4.4,122.5885009765625,307.0531311035156
5696,5696,-10,162260,0.01,-4.4,128.19528198242188,278.0021057128906
5697,5697,-10,162288,0.01,-4.4,258.939208984375,291.36053466796875
5698,5698,-10,162309,0.01,-4.4,128.71121215820312,262.973876953125
5699,5699,100,162314,0.01,-4.4,236.32936096191406,309.3740234375
5700,5700,-10,162333,0.01,-4.4,171.1300506591797,276.5447082519531
5701,5701,-10,162362,0.0045000000000000005,11.0,113.99339294433594,292.93133544921875
5702,5702,-10,162381,0.0045000000000000005,11.0,104.34915161132812,294.5877380371094
5703,5703,-10,162400,0.0045000000000000005,11.0,102.11831665039062,298.5115051269531
5704,5704,-10,162419,0.0045000000000000005,11.0,151.11138916015625,283.440673828125
5705,5705,-10,162437,0.0045000000000000005,11.0,124.87544250488281,279.615966796875
5706,5706,-10,162468,0.0045000000000000005,11.0,112.75471496582031,294.1346740722656
5707,5707,-10,162487,0.0045000000000000005,11.0,168.1873016357422,297.448974609375
5708,5708,-10,162506,0.0045000000000000005,11.0,101.28469848632812,316.0736083984375
5709,5709,-10,162532,0.0045000000000000005,11.0,142.41192626953125,266.05328369140625
5710,5710,-10,162558,0.0045000000000000005,11.0,113.97171783447266,296.0308837890625
5711,5711,-10,162584,0.0045000000000000005,11.0,116.29667663574219,289.6539306640625
5712,5712,-10,162607,0.0045000000000000005,11.0,141.794677734375,292.45977783203125
5713,5713,-10,162638,0.0045000000000000005,11.0,112.05750274658203,308.4057312011719
5714,5714,-10,162657,0.0045000000000000005,11.0,221.91941833496094,286.10211181640625
5715,5715,100,162658,0.0045000000000000005,11.0,120.3074951171875,276.1090087890625
5716,5716,-10,162676,0.0045000000000000005,11.0,140.1441650390625,285.986328125
5717,5717,-10,162702,0.0045000000000000005,11.0,189.71766662597656,276.3000183105469
5718,5718,100,162707,0.0045000000000000005,11.0,165.00181579589844,268.30804443359375
5719,5719,100,162717,0.0045000000000000005,11.0,118.67127990722656,316.9107666015625
5720,5720,-10,162735,0.0045000000000000005,11.0,131.29095458984375,279.81268310546875
5721,5721,100,162743,0.0045000000000000005,11.0,113.46117401123047,288.3523254394531
5722,5722,100,162751,0.0045000000000000005,11.0,120.15463256835938,266.9557800292969
5723,5723,-10,162776,0.0045000000000000005,11.0,92.00103759765625,282.3080139160156
5724,5724,-10,162795,0.0045000000000000005,11.0,127.32088470458984,284.98956298828125
5725,5725,-10,162814,0.0045000000000000005,11.0,87.04947662353516,288.67681884765625
5726,5726,-10,162832,0.0045000000000000005,11.0,153.42237854003906,269.02435302734375
5727,5727,100,162839,0.0045000000000000005,11.0,104.2319564819336,279.979248046875
5728,5728,-10,162858,0.0045000000000000005,11.0,119.31671142578125,312.8471374511719
5729,5729,-10,162884,0.0045000000000000005,11.0,102.86582946777344,297.018310546875
5730,5730,-10,162909,0.0045000000000000005,11.0,140.95068359375,282.72100830078125
5731,5731,100,162928,0.0045000000000000005,11.0,83.89805603027344,279.34197998046875
5732,5732,-10,162947,0.0045000000000000005,11.0,87.28593444824219,286.4024658203125
5733,5733,-10,162973,0.0045000000000000005,11.0,129.4019775390625,286.2100830078125
5734,5734,100,162978,0.0045000000000000005,11.0,138.02047729492188,278.84954833984375
5735,5735,-10,162997,0.0045000000000000005,11.0,158.3409881591797,282.02288818359375
5736,5736,100,162998,0.0045000000000000005,11.0,134.06228637695312,276.90142822265625
5737,5737,-10,163017,0.0045000000000000005,11.0,102.59175109863281,278.0045166015625
5738,5738,100,163018,0.0045000000000000005,11.0,112.93717193603516,282.8409423828125
5739,5739,100,163019,0.0045000000000000005,11.0,116.73826599121094,303.84228515625
5740,5740,-10,163037,0.0045000000000000005,11.0,134.75978088378906,299.83709716796875
5741,5741,-10,163065,0.0045000000000000005,11.0,156.2161102294922,263.64404296875
5742,5742,-10,163084,0.0045000000000000005,11.0,117.97987365722656,301.9844665527344
5743,5743,-10,163111,0.0045000000000000005,11.0,130.41995239257812,272.60321044921875
5744,5744,-10,163137,0.0045000000000000005,11.0,108.51083374023438,289.854736328125
5745,5745,100,163157,0.0045000000000000005,11.0,172.87457275390625,254.19497680664062
5746,5746,-10,163183,0.0045000000000000005,11.0,103.60179138183594,286.3797302246094
5747,5747,100,163187,0.0045000000000000005,11.0,166.10848999023438,273.3219299316406
5748,5748,100,163207,0.0045000000000000005,11.0,97.34825897216797,296.5484619140625
5749,5749,-10,163234,0.0045000000000000005,11.0,97.80149841308594,262.53411865234375
5750,5750,-10,163261,0.0045000000000000005,11.0,108.18359375,262.4294738769531
5751,5751,-10,163280,0.00010000000000000026,8.8,162.0699462890625,286.374755859375
5752,5752,-10,163306,0.00010000000000000026,8.8,180.8660888671875,299.73321533203125
5753,5753,-10,163324,0.00010000000000000026,8.8,89.58038330078125,276.87060546875
5754,5754,-10,163353,0.00010000000000000026,8.8,115.91139221191406,277.65093994140625
5755,5755,-10,163374,0.00010000000000000026,8.8,143.66946411132812,273.51824951171875
5756,5756,-10,163401,0.00010000000000000026,8.8,154.78260803222656,258.5150146484375
5757,5757,-10,163426,0.00010000000000000026,8.8,116.5918197631836,253.39784240722656
5758,5758,-10,163445,0.00010000000000000026,8.8,583.0570068359375,292.648681640625
5759,5759,100,163464,0.00010000000000000026,8.8,110.61474609375,280.813232421875
5760,5760,100,163465,0.00010000000000000026,8.8,122.39132690429688,257.4570617675781
5761,5761,-10,163488,0.00010000000000000026,8.8,139.16220092773438,281.4778747558594
5762,5762,-10,163517,0.00010000000000000026,8.8,148.7786407470703,267.467041015625
5763,5763,100,163537,0.00010000000000000026,8.8,117.53581237792969,271.35357666015625
5764,5764,-10,163559,0.00010000000000000026,8.8,121.62969970703125,270.7983093261719
5765,5765,-10,163578,0.00010000000000000026,8.8,117.51600646972656,280.93670654296875
5766,5766,100,163597,0.00010000000000000026,8.8,203.63992309570312,240.62515258789062
5767,5767,-10,163616,0.00010000000000000026,8.8,120.83615112304688,246.6228485107422
5768,5768,-10,163638,0.00010000000000000026,8.8,148.0818634033203,238.13323974609375
5769,5769,-10,163661,0.00010000000000000026,8.8,125.22174072265625,299.60150146484375
5770,5770,-10,163688,0.00010000000000000026,8.8,131.38568115234375,257.893310546875
5771,5771,-10,163717,0.00010000000000000026,8.8,128.32638549804688,260.62225341796875
5772,5772,-10,163746,0.00010000000000000026,8.8,95.4293212890625,296.9062194824219
5773,5773,100,163766,0.00010000000000000026,8.8,182.17491149902344,238.87564086914062
5774,5774,100,163774,0.00010000000000000026,8.8,154.81253051757812,255.03318786621094
5775,5775,-10,163802,0.00010000000000000026,8.8,101.87606811523438,272.11566162109375
5776,5776,-10,163821,0.00010000000000000026,8.8,132.32952880859375,272.9870910644531
5777,5777,-10,163840,0.00010000000000000026,8.8,133.07493591308594,280.7863464355469
5778,5778,100,163848,0.00010000000000000026,8.8,151.7220458984375,274.65386962890625
5779,5779,-10,163872,0.00010000000000000026,8.8,144.12738037109375,261.35760498046875
5780,5780,-10,163901,0.00010000000000000026,8.8,97.72639465332031,284.5652160644531
5781,5781,-10,163930,0.00010000000000000026,8.8,154.27430725097656,249.38052368164062
5782,5782,100,163931,0.00010000000000000026,8.8,106.71743774414062,286.4667053222656
5783,5783,-10,163958,0.00010000000000000026,8.8,140.87371826171875,238.42709350585938
5784,5784,-10,163983,0.00010000000000000026,8.8,194.0665283203125,257.69140625
5785,5785,100,163984,0.00010000000000000026,8.8,99.982666015625,237.64431762695312
5786,5786,-10,164008,0.00010000000000000026,8.8,112.499755859375,256.33221435546875
5787,5787,-10,164036,0.00010000000000000026,8.8,135.4656219482422,250.75091552734375
5788,5788,-10,164065,0.00010000000000000026,8.8,96.97775268554688,267.146728515625
5789,5789,100,164070,0.00010000000000000026,8.8,128.91064453125,253.36810302734375
5790,5790,-10,164098,0.00010000000000000026,8.8,152.25015258789062,248.66319274902344
5791,5791,-10,164123,0.00010000000000000026,8.8,100.13583374023438,239.6710205078125
5792,5792,-10,164142,0.00010000000000000026,8.8,133.1304168701172,252.84573364257812
5793,5793,-10,164167,0.00010000000000000026,8.8,155.0452880859375,252.87405395507812
5794,5794,-10,164193,0.00010000000000000026,8.8,142.40565490722656,248.73858642578125
5795,5795,100,164198,0.00010000000000000026,8.8,136.42056274414062,238.4093475341797
5796,5796,-10,164226,0.00010000000000000026,8.8,147.61766052246094,289.2398681640625
5797,5797,-10,164253,0.00010000000000000026,8.8,112.19366455078125,289.2255859375
5798,5798,-10,164272,0.00010000000000000026,8.8,119.10752868652344,266.48736572265625
5799,5799,100,164273,0.00010000000000000026,8.8,132.48362731933594,277.25146484375
5800,5800,-10,164300,0.00010000000000000026,8.8,112.3116455078125,217.57000732421875
5801,5801,-10,164326,0.0023000000000000013,-4.400000000000002,115.27845764160156,281.3087158203125
5802,5802,-10,164350,0.0023000000000000013,-4.400000000000002,118.7308349609375,260.76385498046875
5803,5803,-10,164372,0.0023000000000000013,-4.400000000000002,91.74620056152344,255.17425537109375
5804,5804,-10,164402,0.0023000000000000013,-4.400000000000002,150.60035705566406,269.9373779296875
5805,5805,-10,164425,0.0023000000000000013,-4.400000000000002,119.74280548095703,254.59567260742188
5806,5806,-10,164444,0.0023000000000000013,-4.400000000000002,133.9104766845703,273.35321044921875
5807,5807,-10,164470,0.0023000000000000013,-4.400000000000002,365.5868835449219,251.96002197265625
5808,5808,-10,164489,0.0023000000000000013,-4.400000000000002,178.44171142578125,276.59844970703125
5809,5809,100,164499,0.0023000000000000013,-4.400000000000002,111.93492889404297,230.7314453125
5810,5810,100,164509,0.0023000000000000013,-4.400000000000002,133.65794372558594,258.55224609375
5811,5811,-10,164533,0.0023000000000000013,-4.400000000000002,134.63021850585938,248.3299560546875
5812,5812,-10,164552,0.0023000000000000013,-4.400000000000002,143.3070068359375,289.0425720214844
5813,5813,-10,164571,0.0023000000000000013,-4.400000000000002,95.77487182617188,258.97027587890625
5814,5814,-10,164594,0.0023000000000000013,-4.400000000000002,104.36209106445312,259.2281799316406
5815,5815,-10,164618,0.0023000000000000013,-4.400000000000002,161.91921997070312,255.88327026367188
5816,5816,100,164623,0.0023000000000000013,-4.400000000000002,163.28070068359375,265.5516052246094
5817,5817,-10,164642,0.0023000000000000013,-4.400000000000002,210.06790161132812,271.9488525390625
5818,5818,-10,164661,0.0023000000000000013,-4.400000000000002,121.8448257446289,262.397216796875
5819,5819,-10,164680,0.0023000000000000013,-4.400000000000002,131.35519409179688,271.14447021484375
5820,5820,-10,164701,0.0023000000000000013,-4.400000000000002,78.82110595703125,312.4341735839844
5821,5821,-10,164724,0.0023000000000000013,-4.400000000000002,112.88032531738281,259.1528625488281
5822,5822,100,164729,0.0023000000000000013,-4.400000000000002,144.13433837890625,264.1976318359375
5823,5823,-10,164748,0.0023000000000000013,-4.400000000000002,121.53997039794922,230.25283813476562
5824,5824,-10,164771,0.0023000000000000013,-4.400000000000002,98.4898681640625,269.790283203125
5825,5825,-10,164789,0.0023000000000000013,-4.400000000000002,107.89277648925781,245.197021484375
5826,5826,-10,164817,0.0023000000000000013,-4.400000000000002,142.45408630371094,251.528564453125
5827,5827,100,164825,0.0023000000000000013,-4.400000000000002,114.4827880859375,252.12066650390625
5828,5828,-10,164844,0.0023000000000000013,-4.400000000000002,132.84112548828125,255.08953857421875
5829,5829,100,164854,0.0023000000000000013,-4.400000000000002,159.80722045898438,247.18356323242188
5830,5830,-10,164876,0.0023000000000000013,-4.400000000000002,138.47845458984375,268.3387145996094
5831,5831,-10,164895,0.0023000000000000013,-4.400000000000002,128.574951171875,266.0601806640625
5832,5832,-10,164914,0.0023000000000000013,-4.400000000000002,106.26749420166016,258.404296875
5833,5833,100,164933,0.0023000000000000013,-4.400000000000002,127.02104187011719,253.11572265625
5834,5834,-10,164955,0.0023000000000000013,-4.400000000000002,102.67326354980469,277.87469482421875
5835,5835,-10,164977,0.0023000000000000013,-4.400000000000002,94.2640380859375,259.4676513671875
5836,5836,-10,164998,0.0023000000000000013,-4.400000000000002,100.2143783569336,259.16668701171875
5837,5837,100,165003,0.0023000000000000013,-4.400000000000002,130.05113220214844,259.39569091796875
5838,5838,-10,165027,0.0023000000000000013,-4.400000000000002,727.5554809570312,230.42127990722656
5839,5839,-10,165046,0.0023000000000000013,-4.400000000000002,128.90379333496094,269.60284423828125
5840,5840,-10,165071,0.0023000000000000013,-4.400000000000002,140.3689727783203,260.7165832519531
5841,5841,-10,165096,0.0023000000000000013,-4.400000000000002,129.8212890625,245.27313232421875
5842,5842,-10,165115,0.0023000000000000013,-4.400000000000002,126.84747314453125,247.52981567382812
5843,5843,100,165135,0.0023000000000000013,-4.400000000000002,89.8123779296875,253.97100830078125
5844,5844,100,165155,0.0023000000000000013,-4.400000000000002,114.59548950195312,283.2255859375
5845,5845,-10,165174,0.0023000000000000013,-4.400000000000002,84.82659912109375,279.99078369140625
5846,5846,-10,165193,0.0023000000000000013,-4.400000000000002,98.0051040649414,255.56805419921875
5847,5847,-10,165212,0.0023000000000000013,-4.400000000000002,95.27252197265625,259.6607360839844
5848,5848,-10,165231,0.0023000000000000013,-4.400000000000002,102.16226959228516,266.35040283203125
5849,5849,100,165241,0.0023000000000000013,-4.400000000000002,98.93072509765625,270.640380859375
5850,5850,-10,165266,0.0023000000000000013,-4.400000000000002,118.30809020996094,252.94403076171875
5851,5851,-10,165290,0.003400000000000001,-2.1999999999999993,115.80047607421875,230.94708251953125
5852,5852,100,165295,0.003400000000000001,-2.1999999999999993,153.30751037597656,258.20306396484375
5853,5853,-10,165319,0.003400000000000001,-2.1999999999999993,133.1820068359375,234.0498046875
5854,5854,-10,165342,0.003400000000000001,-2.1999999999999993,89.93696594238281,266.07012939453125
5855,5855,-10,165361,0.003400000000000001,-2.1999999999999993,181.68612670898438,237.005859375
5856,5856,-10,165380,0.003400000000000001,-2.1999999999999993,81.97006225585938,273.486328125
5857,5857,-10,165402,0.003400000000000001,-2.1999999999999993,115.39390563964844,245.68531799316406
5858,5858,-10,165424,0.003400000000000001,-2.1999999999999993,133.69381713867188,249.7390594482422
5859,5859,-10,165444,0.003400000000000001,-2.1999999999999993,96.44063568115234,274.0184326171875
5860,5860,-10,165469,0.003400000000000001,-2.1999999999999993,83.94087219238281,259.521484375
5861,5861,-10,165488,0.003400000000000001,-2.1999999999999993,101.61078643798828,248.2705841064453
5862,5862,-10,165513,0.003400000000000001,-2.1999999999999993,97.27284240722656,266.7679138183594
5863,5863,-10,165531,0.003400000000000001,-2.1999999999999993,110.939208984375,260.0838317871094
5864,5864,-10,165550,0.003400000000000001,-2.1999999999999993,123.3564682006836,267.3741455078125
5865,5865,-10,165577,0.003400000000000001,-2.1999999999999993,109.38065338134766,257.7257080078125
5866,5866,-10,165602,0.003400000000000001,-2.1999999999999993,122.95883178710938,231.0152587890625
5867,5867,100,165603,0.003400000000000001,-2.1999999999999993,93.02501678466797,269.3847351074219
5868,5868,-10,165622,0.003400000000000001,-2.1999999999999993,237.25167846679688,259.58258056640625
5869,5869,-10,165640,0.003400000000000001,-2.1999999999999993,100.6272201538086,269.66424560546875
5870,5870,-10,165665,0.003400000000000001,-2.1999999999999993,143.57232666015625,240.6105499267578
5871,5871,-10,165684,0.003400000000000001,-2.1999999999999993,125.34796905517578,223.138427734375
5872,5872,-10,165703,0.003400000000000001,-2.1999999999999993,116.54782104492188,267.6593322753906
5873,5873,-10,165730,0.003400000000000001,-2.1999999999999993,89.95967102050781,244.482666015625
5874,5874,-10,165749,0.003400000000000001,-2.1999999999999993,176.368896484375,254.16604614257812
5875,5875,-10,165767,0.003400000000000001,-2.1999999999999993,141.76931762695312,259.0959777832031
5876,5876,-10,165786,0.003400000000000001,-2.1999999999999993,112.70720672607422,241.29470825195312
5877,5877,100,165805,0.003400000000000001,-2.1999999999999993,97.82474517822266,258.636962890625
5878,5878,100,165815,0.003400000000000001,-2.1999999999999993,85.95342254638672,230.7650604248047
5879,5879,100,165816,0.003400000000000001,-2.1999999999999993,86.96231079101562,260.32220458984375
5880,5880,-10,165835,0.003400000000000001,-2.1999999999999993,98.1191177368164,249.20919799804688
5881,5881,-10,165853,0.003400000000000001,-2.1999999999999993,108.77436828613281,244.9197235107422
5882,5882,-10,165876,0.003400000000000001,-2.1999999999999993,94.20657348632812,253.8879852294922
5883,5883,-10,165901,0.003400000000000001,-2.1999999999999993,69.89625549316406,244.79922485351562
5884,5884,-10,165920,0.003400000000000001,-2.1999999999999993,150.2812957763672,232.5940399169922
5885,5885,-10,165939,0.003400000000000001,-2.1999999999999993,107.913330078125,265.04339599609375
5886,5886,-10,165958,0.003400000000000001,-2.1999999999999993,113.9564437866211,245.8562469482422
5887,5887,-10,165976,0.003400000000000001,-2.1999999999999993,76.6951904296875,268.1429748535156
5888,5888,-10,165995,0.003400000000000001,-2.1999999999999993,117.66275787353516,259.8973388671875
5889,5889,-10,166013,0.003400000000000001,-2.1999999999999993,110.97540283203125,257.26959228515625
5890,5890,-10,166032,0.003400000000000001,-2.1999999999999993,71.46949768066406,253.82533264160156
5891,5891,-10,166051,0.003400000000000001,-2.1999999999999993,63.73881149291992,227.33816528320312
5892,5892,-10,166073,0.003400000000000001,-2.1999999999999993,73.86166381835938,262.61431884765625
5893,5893,100,166083,0.003400000000000001,-2.1999999999999993,105.92232513427734,223.4906005859375
5894,5894,100,166091,0.003400000000000001,-2.1999999999999993,148.67042541503906,258.5791015625
5895,5895,-10,166119,0.003400000000000001,-2.1999999999999993,136.30386352539062,236.25289916992188
5896,5896,-10,166147,0.003400000000000001,-2.1999999999999993,112.55288696289062,253.3481903076172
5897,5897,100,166157,0.003400000000000001,-2.1999999999999993,109.76170349121094,249.47247314453125
5898,5898,100,166167,0.003400000000000001,-2.1999999999999993,61.8722038269043,268.02154541015625
5899,5899,-10,166187,0.003400000000000001,-2.1999999999999993,112.41441345214844,251.23294067382812
5900,5900,-10,166210,0.003400000000000001,-2.1999999999999993,128.22654724121094,249.17617797851562
5901,5901,100,166211,0.005600000000000001,-4.399999999999999,95.94209289550781,243.43655395507812
5902,5902,-10,166230,0.005600000000000001,-4.399999999999999,155.67459106445312,240.88275146484375
5903,5903,-10,166249,0.005600000000000001,-4.399999999999999,772.0704345703125,242.66815185546875
5904,5904,100,166269,0.005600000000000001,-4.399999999999999,134.32354736328125,259.42620849609375
5905,5905,-10,166295,0.005600000000000001,-4.399999999999999,118.19328308105469,242.41455078125
5906,5906,-10,166313,0.005600000000000001,-4.399999999999999,78.79869842529297,246.71792602539062
5907,5907,100,166332,0.005600000000000001,-4.399999999999999,66.58668518066406,256.2472229003906
5908,5908,-10,166355,0.005600000000000001,-4.399999999999999,129.44271850585938,265.5531005859375
5909,5909,-10,166374,0.005600000000000001,-4.399999999999999,134.83319091796875,232.34201049804688
5910,5910,-10,166397,0.005600000000000001,-4.399999999999999,106.80239868164062,260.1747131347656
5911,5911,-10,166419,0.005600000000000001,-4.399999999999999,120.8132095336914,218.02774047851562
5912,5912,100,166439,0.005600000000000001,-4.399999999999999,77.39344787597656,257.63348388671875
5913,5913,100,166447,0.005600000000000001,-4.399999999999999,115.48287963867188,252.4469451904297
5914,5914,-10,166474,0.005600000000000001,-4.399999999999999,114.41412353515625,226.11070251464844
5915,5915,-10,166500,0.005600000000000001,-4.399999999999999,138.46688842773438,250.05258178710938
5916,5916,-10,166519,0.005600000000000001,-4.399999999999999,149.15118408203125,246.35330200195312
5917,5917,-10,166538,0.005600000000000001,-4.399999999999999,163.6592559814453,236.7346954345703
5918,5918,-10,166564,0.005600000000000001,-4.399999999999999,113.2886962890625,230.42735290527344
5919,5919,-10,166588,0.005600000000000001,-4.399999999999999,136.7277374267578,218.95872497558594
5920,5920,-10,166607,0.005600000000000001,-4.399999999999999,114.44770050048828,239.21737670898438
5921,5921,100,166627,0.005600000000000001,-4.399999999999999,121.25860595703125,240.10531616210938
5922,5922,-10,166646,0.005600000000000001,-4.399999999999999,152.68157958984375,242.1753692626953
5923,5923,-10,166665,0.005600000000000001,-4.399999999999999,90.06397247314453,270.23187255859375
5924,5924,-10,166700,0.005600000000000001,-4.399999999999999,129.95892333984375,237.83982849121094
5925,5925,-10,166718,0.005600000000000001,-4.399999999999999,108.17465209960938,258.0730285644531
5926,5926,-10,166736,0.005600000000000001,-4.399999999999999,107.43004608154297,233.51913452148438
5927,5927,100,166755,0.005600000000000001,-4.399999999999999,95.96627044677734,286.619873046875
5928,5928,-10,166773,0.005600000000000001,-4.399999999999999,124.45765686035156,244.89572143554688
5929,5929,100,166783,0.005600000000000001,-4.399999999999999,90.88546752929688,249.90628051757812
5930,5930,-10,166806,0.005600000000000001,-4.399999999999999,139.38980102539062,267.15185546875
5931,5931,-10,166825,0.005600000000000001,-4.399999999999999,72.59696197509766,262.17327880859375
5932,5932,-10,166847,0.005600000000000001,-4.399999999999999,123.183349609375,260.9281005859375
5933,5933,-10,166869,0.005600000000000001,-4.399999999999999,158.91864013671875,222.3806915283203
5934,5934,-10,166890,0.005600000000000001,-4.399999999999999,78.18833923339844,252.2513885498047
5935,5935,-10,166914,0.005600000000000001,-4.399999999999999,149.23460388183594,239.094482421875
5936,5936,-10,166933,0.005600000000000001,-4.399999999999999,134.7173614501953,237.63169860839844
5937,5937,-10,166952,0.005600000000000001,-4.399999999999999,105.35836029052734,246.5321807861328
5938,5938,-10,166981,0.005600000000000001,-4.399999999999999,80.36325073242188,255.20431518554688
5939,5939,-10,167008,0.005600000000000001,-4.399999999999999,105.3055419921875,247.20675659179688
5940,5940,-10,167026,0.005600000000000001,-4.399999999999999,106.6199951171875,222.78909301757812
5941,5941,100,167065,0.005600000000000001,-4.399999999999999,102.48985290527344,231.32818603515625
5942,5942,100,167066,0.005600000000000001,-4.399999999999999,108.02961730957031,233.3369598388672
5943,5943,100,167076,0.005600000000000001,-4.399999999999999,95.80522918701172,248.31324768066406
5944,5944,100,167084,0.005600000000000001,-4.399999999999999,82.80460357666016,256.4804382324219
5945,5945,-10,167113,0.005600000000000001,-4.399999999999999,125.61457824707031,223.66078186035156
5946,5946,-10,167131,0.005600000000000001,-4.399999999999999,85.63722229003906,243.87283325195312
5947,5947,-10,167158,0.005600000000000001,-4.399999999999999,95.09484100341797,249.6059112548828
5948,5948,-10,167177,0.005600000000000001,-4.399999999999999,112.74343872070312,229.21560668945312
5949,5949,-10,167196,0.005600000000000001,-4.399999999999999,82.59603881835938,238.66229248046875
5950,5950,-10,167218,0.005600000000000001,-4.399999999999999,120.13227081298828,241.7593536376953
5951,5951,-10,167236,0.0023000000000000017,6.599999999999998,136.03872680664062,213.4671630859375
5952,5952,-10,167255,0.0023000000000000017,6.599999999999998,134.2010498046875,231.58291625976562
5953,5953,100,167256,0.0023000000000000017,6.599999999999998,120.59281921386719,252.85887145996094
5954,5954,-10,167276,0.0023000000000000017,6.599999999999998,89.84164428710938,244.47714233398438
5955,5955,-10,167299,0.0023000000000000017,6.599999999999998,119.61262512207031,226.294677734375
5956,5956,-10,167317,0.0023000000000000017,6.599999999999998,133.53546142578125,227.62705993652344
5957,5957,-10,167336,0.0023000000000000017,6.599999999999998,149.64498901367188,229.7144775390625
5958,5958,-10,167364,0.0023000000000000017,6.599999999999998,98.94448852539062,236.19659423828125
5959,5959,100,167383,0.0023000000000000017,6.599999999999998,93.0810546875,235.695556640625
5960,5960,-10,167402,0.0023000000000000017,6.599999999999998,112.2256851196289,219.36004638671875
5961,5961,-10,167421,0.0023000000000000017,6.599999999999998,136.58108520507812,240.7229461669922
5962,5962,-10,167443,0.0023000000000000017,6.599999999999998,81.92291259765625,244.1384735107422
5963,5963,-10,167467,0.0023000000000000017,6.599999999999998,94.82311248779297,242.8797607421875
5964,5964,-10,167486,0.0023000000000000017,6.599999999999998,128.08270263671875,230.22726440429688
5965,5965,100,167494,0.0023000000000000017,6.599999999999998,117.52335357666016,241.1417999267578
5966,5966,100,167504,0.0023000000000000017,6.599999999999998,122.44259643554688,217.20684814453125
5967,5967,-10,167522,0.0023000000000000017,6.599999999999998,113.50288391113281,230.91845703125
5968,5968,-10,167544,0.0023000000000000017,6.599999999999998,72.39464569091797,256.8101806640625
5969,5969,-10,167562,0.0023000000000000017,6.599999999999998,144.46417236328125,225.41998291015625
5970,5970,100,167575,0.0023000000000000017,6.599999999999998,88.27780151367188,243.3289794921875
5971,5971,-10,167594,0.0023000000000000017,6.599999999999998,123.53425598144531,236.401123046875
5972,5972,-10,167613,0.0023000000000000017,6.599999999999998,79.30252075195312,233.74119567871094
5973,5973,-10,167632,0.0023000000000000017,6.599999999999998,87.94895935058594,232.73150634765625
5974,5974,-10,167650,0.0023000000000000017,6.599999999999998,127.03655242919922,223.55320739746094
5975,5975,-10,167669,0.0023000000000000017,6.599999999999998,128.82150268554688,228.11756896972656
5976,5976,-10,167688,0.0023000000000000017,6.599999999999998,75.73568725585938,235.4247283935547
5977,5977,-10,167706,0.0023000000000000017,6.599999999999998,103.49142456054688,198.26182556152344
5978,5978,-10,167725,0.0023000000000000017,6.599999999999998,229.38168334960938,185.61029052734375
5979,5979,-10,167747,0.0023000000000000017,6.599999999999998,113.05784606933594,234.64483642578125
5980,5980,-10,167766,0.0023000000000000017,6.599999999999998,95.8736801147461,248.95387268066406
5981,5981,100,167785,0.0023000000000000017,6.599999999999998,92.88169860839844,236.30743408203125
5982,5982,-10,167804,0.0023000000000000017,6.599999999999998,107.22203826904297,237.71432495117188
5983,5983,-10,167823,0.0023000000000000017,6.599999999999998,78.9070053100586,218.51809692382812
5984,5984,100,167842,0.0023000000000000017,6.599999999999998,125.41069030761719,222.14541625976562
5985,5985,-10,167870,0.0023000000000000017,6.599999999999998,72.99055480957031,230.88357543945312
5986,5986,-10,167888,0.0023000000000000017,6.599999999999998,171.173095703125,239.5391387939453
5987,5987,-10,167915,0.0023000000000000017,6.599999999999998,100.7362060546875,230.10586547851562
5988,5988,-10,167934,0.0023000000000000017,6.599999999999998,98.0782241821289,229.61325073242188
5989,5989,-10,167953,0.0023000000000000017,6.599999999999998,160.22027587890625,225.88348388671875
5990,5990,-10,167971,0.0023000000000000017,6.599999999999998,89.02001953125,235.56414794921875
5991,5991,100,167984,0.0023000000000000017,6.599999999999998,99.14332580566406,243.37557983398438
5992,5992,-10,168012,0.0023000000000000017,6.599999999999998,84.36593627929688,259.61126708984375
5993,5993,-10,168045,0.0023000000000000017,6.599999999999998,105.93675231933594,225.8006591796875
5994,5994,-10,168067,0.0023000000000000017,6.599999999999998,89.11749267578125,239.984375
5995,5995,100,168087,0.0023000000000000017,6.599999999999998,107.31815338134766,215.81021118164062
5996,5996,-10,168106,0.0023000000000000017,6.599999999999998,137.34100341796875,221.76004028320312
5997,5997,-10,168139,0.0023000000000000017,6.599999999999998,126.63143920898438,237.9581298828125
5998,5998,100,168140,0.0023000000000000017,6.599999999999998,87.1902084350586,244.265869140625
5999,5999,-10,168167,0.0023000000000000017,6.599999999999998,114.09175109863281,214.19989013671875
6000,6000,-10,168187,0.0023000000000000017,6.599999999999998,86.718994140625,230.6750030517578
6001,6001,-10,168206,0.0045000000000000005,-4.399999999999999,100.10256958007812,216.2376708984375
6002,6002,-10,168235,0.0045000000000000005,-4.399999999999999,93.80943298339844,255.81298828125
6003,6003,-10,168254,0.0045000000000000005,-4.399999999999999,96.98854064941406,229.42120361328125
6004,6004,-10,168273,0.0045000000000000005,-4.399999999999999,153.5819854736328,233.532958984375
6005,6005,100,168309,0.0045000000000000005,-4.399999999999999,74.43359375,227.53839111328125
6006,6006,-10,168330,0.0045000000000000005,-4.399999999999999,99.42807006835938,221.3287353515625
6007,6007,-10,168348,0.0045000000000000005,-4.399999999999999,84.820068359375,235.91763305664062
6008,6008,-10,168378,0.0045000000000000005,-4.399999999999999,89.37227630615234,238.29151916503906
6009,6009,-10,168397,0.0045000000000000005,-4.399999999999999,128.99188232421875,210.50982666015625
6010,6010,-10,168426,0.0045000000000000005,-4.399999999999999,103.82563018798828,208.19552612304688
6011,6011,100,168434,0.0045000000000000005,-4.399999999999999,104.783203125,234.3732452392578
6012,6012,-10,168461,0.0045000000000000005,-4.399999999999999,133.70947265625,218.3740234375
6013,6013,-10,168480,0.0045000000000000005,-4.399999999999999,172.26425170898438,208.08770751953125
6014,6014,100,168517,0.0045000000000000005,-4.399999999999999,158.069580078125,195.66253662109375
6015,6015,-10,168543,0.0045000000000000005,-4.399999999999999,133.10623168945312,207.77224731445312
6016,6016,100,168556,0.0045000000000000005,-4.399999999999999,116.22368621826172,237.87371826171875
6017,6017,-10,168583,0.0045000000000000005,-4.399999999999999,124.72853088378906,197.52761840820312
6018,6018,-10,168601,0.0045000000000000005,-4.399999999999999,510.80975341796875,265.5096435546875
6019,6019,-10,168620,0.0045000000000000005,-4.399999999999999,106.22784423828125,199.0001678466797
6020,6020,-10,168647,0.0045000000000000005,-4.399999999999999,92.97811889648438,199.69232177734375
6021,6021,100,168657,0.0045000000000000005,-4.399999999999999,59.20283508300781,253.66265869140625
6022,6022,-10,168676,0.0045000000000000005,-4.399999999999999,107.09814453125,222.19854736328125
6023,6023,100,168684,0.0045000000000000005,-4.399999999999999,140.99276733398438,229.96206665039062
6024,6024,-10,168703,0.0045000000000000005,-4.399999999999999,115.46504974365234,213.28518676757812
6025,6025,-10,168721,0.0045000000000000005,-4.399999999999999,69.62498474121094,260.2970275878906
6026,6026,100,168765,0.0045000000000000005,-4.399999999999999,131.783935546875,202.74395751953125
6027,6027,-10,168795,0.0045000000000000005,-4.399999999999999,89.45404052734375,238.18045043945312
6028,6028,100,168809,0.0045000000000000005,-4.399999999999999,85.64319610595703,229.86752319335938
6029,6029,-10,168828,0.0045000000000000005,-4.399999999999999,100.95397186279297,220.21405029296875
6030,6030,100,168838,0.0045000000000000005,-4.399999999999999,83.79084777832031,232.7606201171875
6031,6031,100,168876,0.0045000000000000005,-4.399999999999999,85.5212631225586,233.1024627685547
6032,6032,-10,168894,0.0045000000000000005,-4.399999999999999,91.69297790527344,227.52467346191406
6033,6033,-10,168922,0.0045000000000000005,-4.399999999999999,125.41840362548828,221.98672485351562
6034,6034,-10,168941,0.0045000000000000005,-4.399999999999999,103.36192321777344,240.68807983398438
6035,6035,-10,168973,0.0045000000000000005,-4.399999999999999,77.1166763305664,210.2650909423828
6036,6036,-10,168992,0.0045000000000000005,-4.399999999999999,85.89920043945312,230.08934020996094
6037,6037,100,168993,0.0045000000000000005,-4.399999999999999,75.57431030273438,242.28466796875
6038,6038,-10,169020,0.0045000000000000005,-4.399999999999999,107.34016418457031,237.57589721679688
6039,6039,-10,169048,0.0045000000000000005,-4.399999999999999,106.06085205078125,237.58001708984375
6040,6040,-10,169066,0.0045000000000000005,-4.399999999999999,53.01478576660156,224.45779418945312
6041,6041,-10,169087,0.0045000000000000005,-4.399999999999999,103.74436950683594,238.02511596679688
6042,6042,100,169088,0.0045000000000000005,-4.399999999999999,119.4024429321289,229.06460571289062
6043,6043,-10,169115,0.0045000000000000005,-4.399999999999999,203.9532470703125,217.89096069335938
6044,6044,-10,169133,0.0045000000000000005,-4.399999999999999,86.71958923339844,231.95547485351562
6045,6045,-10,169162,0.0045000000000000005,-4.399999999999999,82.36265563964844,234.02490234375
6046,6046,-10,169188,0.0045000000000000005,-4.399999999999999,381.78594970703125,212.68441772460938
6047,6047,100,169207,0.0045000000000000005,-4.399999999999999,117.65447998046875,229.8402099609375
6048,6048,100,169226,0.0045000000000000005,-4.399999999999999,111.69706726074219,226.33895874023438
6049,6049,-10,169254,0.0045000000000000005,-4.399999999999999,80.50892639160156,211.2802734375
6050,6050,-10,169281,0.0045000000000000005,-4.399999999999999,194.35183715820312,243.85626220703125
6051,6051,100,169330,0.00010000000000000026,8.8,123.65762329101562,234.22804260253906
6052,6052,-10,169349,0.00010000000000000026,8.8,93.1739273071289,233.3258514404297
6053,6053,-10,169368,0.00010000000000000026,8.8,102.89696502685547,233.183349609375
6054,6054,-10,169395,0.00010000000000000026,8.8,70.99151611328125,225.92425537109375
6055,6055,-10,169422,0.00010000000000000026,8.8,105.41648864746094,237.7059326171875
6056,6056,-10,169441,0.00010000000000000026,8.8,140.74411010742188,231.8363037109375
6057,6057,-10,169467,0.00010000000000000026,8.8,85.93492126464844,202.5994110107422
6058,6058,-10,169494,0.00010000000000000026,8.8,89.95791625976562,229.231689453125
6059,6059,-10,169513,0.00010000000000000026,8.8,72.99282836914062,259.72314453125
6060,6060,-10,169532,0.00010000000000000026,8.8,100.642333984375,204.509765625
6061,6061,-10,169559,0.00010000000000000026,8.8,72.86691284179688,250.05223083496094
6062,6062,100,169569,0.00010000000000000026,8.8,104.06307983398438,215.87387084960938
6063,6063,100,169607,0.00010000000000000026,8.8,81.07264709472656,212.74246215820312
6064,6064,100,169628,0.00010000000000000026,8.8,79.58319091796875,220.5068359375
6065,6065,100,169638,0.00010000000000000026,8.8,79.59152221679688,223.7252960205078
6066,6066,-10,169666,0.00010000000000000026,8.8,81.14714050292969,213.12562561035156
6067,6067,-10,169699,0.00010000000000000026,8.8,92.71147155761719,234.59571838378906
6068,6068,-10,169727,0.00010000000000000026,8.8,74.89031982421875,239.08212280273438
6069,6069,-10,169754,0.00010000000000000026,8.8,107.15570068359375,229.97747802734375
6070,6070,-10,169773,0.00010000000000000026,8.8,102.95344543457031,230.22299194335938
6071,6071,-10,169799,0.00010000000000000026,8.8,97.9837646484375,227.5190887451172
6072,6072,-10,169817,0.00010000000000000026,8.8,77.90811920166016,223.2392578125
6073,6073,-10,169835,0.00010000000000000026,8.8,77.98464965820312,217.04318237304688
6074,6074,100,169856,0.00010000000000000026,8.8,110.87770080566406,207.2102508544922
6075,6075,-10,169883,0.00010000000000000026,8.8,126.58096313476562,209.82073974609375
6076,6076,100,169891,0.00010000000000000026,8.8,158.7726287841797,212.55284118652344
6077,6077,-10,169918,0.00010000000000000026,8.8,66.24119567871094,220.50869750976562
6078,6078,-10,169944,0.00010000000000000026,8.8,132.14199829101562,237.70098876953125
6079,6079,-10,169971,0.00010000000000000026,8.8,87.832763671875,225.1399688720703
6080,6080,100,169990,0.00010000000000000026,8.8,123.02307891845703,210.29672241210938
6081,6081,100,170004,0.00010000000000000026,8.8,111.2123794555664,219.28118896484375
6082,6082,-10,170039,0.00010000000000000026,8.8,87.85538482666016,235.15419006347656
6083,6083,100,170047,0.00010000000000000026,8.8,85.60919189453125,246.73562622070312
6084,6084,100,170066,0.00010000000000000026,8.8,85.71357727050781,242.29037475585938
6085,6085,100,170076,0.00010000000000000026,8.8,108.75983428955078,211.77935791015625
6086,6086,-10,170103,0.00010000000000000026,8.8,400.88946533203125,235.62400817871094
6087,6087,-10,170122,0.00010000000000000026,8.8,105.32160186767578,232.06553649902344
6088,6088,-10,170148,0.00010000000000000026,8.8,225.65936279296875,218.3567352294922
6089,6089,-10,170175,0.00010000000000000026,8.8,76.38861846923828,215.63241577148438
6090,6090,-10,170201,0.00010000000000000026,8.8,104.58053588867188,231.9451904296875
6091,6091,-10,170227,0.00010000000000000026,8.8,74.70991516113281,240.5425567626953
6092,6092,100,170228,0.00010000000000000026,8.8,112.53901672363281,227.69180297851562
6093,6093,100,170263,0.00010000000000000026,8.8,123.16336822509766,214.22518920898438
6094,6094,-10,170289,0.00010000000000000026,8.8,75.06918334960938,249.51632690429688
6095,6095,-10,170315,0.00010000000000000026,8.8,63.13520050048828,224.03875732421875
6096,6096,100,170323,0.00010000000000000026,8.8,93.55475616455078,229.52947998046875
6097,6097,-10,170349,0.00010000000000000026,8.8,62.20995330810547,234.58734130859375
6098,6098,-10,170375,0.00010000000000000026,8.8,127.87727355957031,232.77999877929688
6099,6099,-10,170401,0.00010000000000000026,8.8,84.92695617675781,231.61480712890625
6100,6100,100,170420,0.00010000000000000026,8.8,89.53166198730469,225.19778442382812
6101,6101,100,170440,0.0001,4.399999999999999,96.42731475830078,240.57025146484375
6102,6102,100,170460,0.0001,4.399999999999999,108.65376281738281,226.1930694580078
6103,6103,100,170488,0.0001,4.399999999999999,112.78558349609375,224.7468719482422
6104,6104,-10,170506,0.0001,4.399999999999999,106.93769836425781,223.494873046875
6105,6105,-10,170533,0.0001,4.399999999999999,83.35690307617188,228.77166748046875
6106,6106,100,170541,0.0001,4.399999999999999,66.17159271240234,227.60829162597656
6107,6107,-10,170568,0.0001,4.399999999999999,85.78704833984375,238.7711181640625
6108,6108,-10,170594,0.0001,4.399999999999999,65.7995376586914,227.37509155273438
6109,6109,-10,170623,0.0001,4.399999999999999,68.50312805175781,205.50669860839844
6110,6110,100,170633,0.0001,4.399999999999999,123.12223815917969,229.9814453125
6111,6111,100,170647,0.0001,4.399999999999999,175.10601806640625,210.6182861328125
6112,6112,-10,170674,0.0001,4.399999999999999,57.70396423339844,260.8849182128906
6113,6113,-10,170701,0.0001,4.399999999999999,130.37501525878906,222.75152587890625
6114,6114,100,170721,0.0001,4.399999999999999,76.7249755859375,237.4676513671875
6115,6115,-10,170740,0.0001,4.399999999999999,131.4560546875,199.03952026367188
6116,6116,-10,170766,0.0001,4.399999999999999,75.06007385253906,219.90298461914062
6117,6117,100,170785,0.0001,4.399999999999999,123.11288452148438,226.7803955078125
6118,6118,-10,170811,0.0001,4.399999999999999,89.74880981445312,238.05514526367188
6119,6119,100,170830,0.0001,4.399999999999999,88.12005615234375,215.4725341796875
6120,6120,-10,170849,0.0001,4.399999999999999,137.41452026367188,231.23504638671875
6121,6121,100,170870,0.0001,4.399999999999999,87.63251495361328,239.49720764160156
6122,6122,-10,170898,0.0001,4.399999999999999,110.46888732910156,229.49154663085938
6123,6123,-10,170925,0.0001,4.399999999999999,62.85421371459961,244.00955200195312
6124,6124,-10,170951,0.0001,4.399999999999999,75.05680847167969,244.05743408203125
6125,6125,100,170952,0.0001,4.399999999999999,61.0385627746582,254.98788452148438
6126,6126,-10,170971,0.0001,4.399999999999999,77.4046630859375,239.34091186523438
6127,6127,-10,170997,0.0001,4.399999999999999,157.16134643554688,233.21205139160156
6128,6128,-10,171024,0.0001,4.399999999999999,131.87353515625,195.6642303466797
6129,6129,-10,171052,0.0001,4.399999999999999,96.7562255859375,240.01077270507812
6130,6130,100,171072,0.0001,4.399999999999999,105.8898696899414,243.26947021484375
6131,6131,100,171091,0.0001,4.399999999999999,96.34426879882812,255.79751586914062
6132,6132,-10,171117,0.0001,4.399999999999999,92.55523681640625,241.29522705078125
6133,6133,-10,171145,0.0001,4.399999999999999,131.1129913330078,245.88607788085938
6134,6134,-10,171170,0.0001,4.399999999999999,101.98643493652344,224.73953247070312
6135,6135,100,171184,0.0001,4.399999999999999,92.95403289794922,225.09576416015625
6136,6136,-10,171211,0.0001,4.399999999999999,97.94747924804688,244.08934020996094
6137,6137,-10,171230,0.0001,4.399999999999999,103.88763427734375,229.73634338378906
6138,6138,-10,171255,0.0001,4.399999999999999,78.09718322753906,259.51373291015625
6139,6139,-10,171281,0.0001,4.399999999999999,80.75160217285156,248.81619262695312
6140,6140,100,171301,0.0001,4.399999999999999,67.36399841308594,241.3798828125
6141,6141,100,171306,0.0001,4.399999999999999,66.84545135498047,240.41171264648438
6142,6142,-10,171346,0.0001,4.399999999999999,85.1878662109375,250.46075439453125
6143,6143,-10,171372,0.0001,4.399999999999999,95.40018463134766,216.44509887695312
6144,6144,-10,171399,0.0001,4.399999999999999,82.31796264648438,252.02249145507812
6145,6145,-10,171425,0.0001,4.399999999999999,87.79562377929688,247.56765747070312
6146,6146,-10,171451,0.0001,4.399999999999999,90.11961364746094,230.50738525390625
6147,6147,-10,171476,0.0001,4.399999999999999,58.876487731933594,256.0220947265625
6148,6148,100,171477,0.0001,4.399999999999999,77.04408264160156,255.65435791015625
6149,6149,-10,171501,0.0001,4.399999999999999,77.70429992675781,247.90684509277344
6150,6150,-10,171543,0.0001,4.399999999999999,74.59072875976562,229.94595336914062
6151,6151,-10,171570,0.0001,2.1999999999999993,124.67145538330078,219.93292236328125
6152,6152,-10,171596,0.0001,2.1999999999999993,80.12712097167969,244.124267578125
6153,6153,100,171601,0.0001,2.1999999999999993,84.90225982666016,236.67843627929688
6154,6154,100,171620,0.0001,2.1999999999999993,91.38675689697266,231.7748260498047
6155,6155,-10,171639,0.0001,2.1999999999999993,73.58152770996094,255.5402374267578
6156,6156,-10,171665,0.0001,2.1999999999999993,84.72589111328125,246.7467041015625
6157,6157,100,171673,0.0001,2.1999999999999993,112.4373779296875,252.59732055664062
6158,6158,-10,171699,0.0001,2.1999999999999993,99.92511749267578,232.40289306640625
6159,6159,-10,171724,0.0001,2.1999999999999993,93.89421844482422,264.9764099121094
6160,6160,-10,171750,0.0001,2.1999999999999993,106.80928039550781,238.12875366210938
6161,6161,-10,171789,0.0001,2.1999999999999993,94.02798461914062,261.9297790527344
6162,6162,-10,171814,0.0001,2.1999999999999993,108.48628997802734,224.42169189453125
6163,6163,-10,171839,0.0001,2.1999999999999993,77.416015625,251.10699462890625
6164,6164,100,171858,0.0001,2.1999999999999993,91.34346008300781,263.4573059082031
6165,6165,-10,171884,0.0001,2.1999999999999993,122.76777648925781,241.21298217773438
6166,6166,100,171904,0.0001,2.1999999999999993,167.48141479492188,230.4043426513672
6167,6167,-10,171925,0.0001,2.1999999999999993,100.04454040527344,230.70364379882812
6168,6168,100,171944,0.0001,2.1999999999999993,51.64659881591797,269.68304443359375
6169,6169,-10,171963,0.0001,2.1999999999999993,155.51937866210938,232.2946319580078
6170,6170,-10,171989,0.0001,2.1999999999999993,87.02958679199219,231.55909729003906
6171,6171,-10,172015,0.0001,2.1999999999999993,91.49583435058594,259.722412109375
6172,6172,100,172023,0.0001,2.1999999999999993,68.89957427978516,261.544189453125
6173,6173,-10,172041,0.0001,2.1999999999999993,120.00007629394531,227.19699096679688
6174,6174,-10,172067,0.0001,2.1999999999999993,51.81764221191406,231.0909881591797
6175,6175,100,172081,0.0001,2.1999999999999993,143.17233276367188,255.7870635986328
6176,6176,-10,172107,0.0001,2.1999999999999993,75.15599060058594,264.74737548828125
6177,6177,-10,172135,0.0001,2.1999999999999993,107.26699829101562,246.15174865722656
6178,6178,-10,172159,0.0001,2.1999999999999993,222.94686889648438,220.67730712890625
6179,6179,-10,172200,0.0001,2.1999999999999993,64.22725677490234,250.48548889160156
6180,6180,-10,172226,0.0001,2.1999999999999993,63.160865783691406,249.05799865722656
6181,6181,100,172254,0.0001,2.1999999999999993,121.13907623291016,230.0443115234375
6182,6182,100,172267,0.0001,2.1999999999999993,68.82855987548828,243.0544891357422
6183,6183,-10,172295,0.0001,2.1999999999999993,74.31985473632812,241.61737060546875
6184,6184,100,172303,0.0001,2.1999999999999993,90.2056884765625,243.96316528320312
6185,6185,100,172322,0.0001,2.1999999999999993,117.34465026855469,225.49642944335938
6186,6186,100,172341,0.0001,2.1999999999999993,61.787208557128906,235.28147888183594
6187,6187,100,172349,0.0001,2.1999999999999993,71.8499755859375,246.48565673828125
6188,6188,-10,172368,0.0001,2.1999999999999993,62.16594696044922,246.19003295898438
6189,6189,-10,172394,0.0001,2.1999999999999993,86.11908721923828,249.5284423828125
6190,6190,-10,172420,0.0001,2.1999999999999993,84.41160583496094,244.05662536621094
6191,6191,-10,172445,0.0001,2.1999999999999993,103.27287292480469,242.84548950195312
6192,6192,-10,172464,0.0001,2.1999999999999993,108.60700988769531,238.76678466796875
6193,6193,100,172485,0.0001,2.1999999999999993,76.90866088867188,251.06715393066406
6194,6194,-10,172511,0.0001,2.1999999999999993,136.05465698242188,245.93417358398438
6195,6195,-10,172537,0.0001,2.1999999999999993,107.20599365234375,246.9078369140625
6196,6196,-10,172562,0.0001,2.1999999999999993,68.51615905761719,259.2379150390625
6197,6197,-10,172587,0.0001,2.1999999999999993,44.41151428222656,253.34861755371094
6198,6198,100,172615,0.0001,2.1999999999999993,56.909481048583984,246.727294921875
6199,6199,-10,172641,0.0001,2.1999999999999993,76.70298767089844,243.1624298095703
6200,6200,100,172642,0.0001,2.1999999999999993,128.7957305908203,249.63458251953125
6201,6201,-10,172666,0.0001,0.0,167.84530639648438,227.48065185546875
6202,6202,100,172698,0.0001,0.0,469.43231201171875,254.69886779785156
6203,6203,-10,172724,0.0001,0.0,64.8363037109375,246.87738037109375
6204,6204,100,172725,0.0001,0.0,119.81864929199219,242.83535766601562
6205,6205,100,172739,0.0001,0.0,87.4687728881836,246.86257934570312
6206,6206,100,172758,0.0001,0.0,101.48070526123047,230.28353881835938
6207,6207,-10,172787,0.0001,0.0,87.40548706054688,230.17041015625
6208,6208,-10,172813,0.0001,0.0,112.89675903320312,217.89993286132812
6209,6209,-10,172832,0.0001,0.0,139.13308715820312,238.72259521484375
6210,6210,100,172851,0.0001,0.0,47.92311096191406,263.951904296875
6211,6211,-10,172877,0.0001,0.0,93.73625946044922,261.583984375
6212,6212,-10,172902,0.0001,0.0,79.08243560791016,253.4981231689453
6213,6213,-10,172921,0.0001,0.0,150.32862854003906,260.4749755859375
6214,6214,-10,172947,0.0001,0.0,100.90216827392578,257.8009033203125
6215,6215,-10,172972,0.0001,0.0,118.37042236328125,227.48574829101562
6216,6216,-10,172997,0.0001,0.0,127.03898620605469,246.39559936523438
6217,6217,100,173007,0.0001,0.0,125.57120513916016,263.6952209472656
6218,6218,-10,173032,0.0001,0.0,137.73370361328125,244.39227294921875
6219,6219,-10,173058,0.0001,0.0,90.3820571899414,281.00030517578125
6220,6220,-10,173083,0.0001,0.0,119.73554229736328,243.3507537841797
6221,6221,-10,173108,0.0001,0.0,127.06266784667969,246.13848876953125
6222,6222,100,173109,0.0001,0.0,103.22761535644531,258.166259765625
6223,6223,100,173114,0.0001,0.0,97.62010192871094,261.74267578125
6224,6224,100,173133,0.0001,0.0,260.3258972167969,258.14471435546875
6225,6225,100,173160,0.0001,0.0,99.89938354492188,245.19686889648438
6226,6226,-10,173185,0.0001,0.0,150.73756408691406,238.91448974609375
6227,6227,-10,173208,0.0001,0.0,238.44622802734375,278.4169006347656
6228,6228,-10,173226,0.0001,0.0,98.04301452636719,250.228759765625
6229,6229,100,173245,0.0001,0.0,100.6087875366211,262.51300048828125
6230,6230,100,173264,0.0001,0.0,82.86763000488281,260.4476013183594
6231,6231,-10,173292,0.0001,0.0,454.3210754394531,244.77493286132812
6232,6232,-10,173316,0.0001,0.0,100.34204864501953,240.63641357421875
6233,6233,-10,173347,0.0001,0.0,121.39053344726562,237.86196899414062
6234,6234,-10,173371,0.0001,0.0,120.8122329711914,270.3598327636719
6235,6235,-10,173390,0.0001,0.0,109.80540466308594,256.03985595703125
6236,6236,-10,173413,0.0001,0.0,113.02061462402344,264.4146423339844
6237,6237,-10,173431,0.0001,0.0,144.5069580078125,244.7281494140625
6238,6238,-10,173455,0.0001,0.0,72.7872543334961,264.2708435058594
6239,6239,-10,173480,0.0001,0.0,70.71790313720703,289.557373046875
6240,6240,100,173481,0.0001,0.0,64.21865844726562,241.89126586914062
6241,6241,100,173491,0.0001,0.0,99.37672424316406,251.423095703125
6242,6242,-10,173515,0.0001,0.0,96.01547241210938,272.66876220703125
6243,6243,-10,173540,0.0001,0.0,206.14617919921875,241.35313415527344
6244,6244,-10,173565,0.0001,0.0,176.48048400878906,292.14532470703125
6245,6245,100,173575,0.0001,0.0,157.97885131835938,246.19699096679688
6246,6246,100,173594,0.0001,0.0,97.82530212402344,254.6696319580078
6247,6247,-10,173618,0.0001,0.0,103.10862731933594,255.02645874023438
6248,6248,-10,173642,0.0001,0.0,90.94807434082031,279.04290771484375
6249,6249,-10,173671,0.0001,0.0,92.07611083984375,249.83255004882812
6250,6250,-10,173689,0.0001,0.0,67.72543334960938,266.41436767578125
6251,6251,-10,173710,0.0011999999999999997,-2.1999999999999993,84.17236328125,258.48382568359375
6252,6252,100,173729,0.0011999999999999997,-2.1999999999999993,155.0813751220703,254.29432678222656
6253,6253,-10,173753,0.0011999999999999997,-2.1999999999999993,67.93485260009766,280.9922790527344
6254,6254,100,173757,0.0011999999999999997,-2.1999999999999993,71.3790283203125,258.77313232421875
6255,6255,-10,173780,0.0011999999999999997,-2.1999999999999993,105.82872772216797,245.67514038085938
6256,6256,100,173799,0.0011999999999999997,-2.1999999999999993,84.55696105957031,266.0694580078125
6257,6257,-10,173823,0.0011999999999999997,-2.1999999999999993,106.89137268066406,236.1658477783203
6258,6258,100,173837,0.0011999999999999997,-2.1999999999999993,74.46084594726562,247.40650939941406
6259,6259,-10,173855,0.0011999999999999997,-2.1999999999999993,97.00152587890625,264.3266906738281
6260,6260,100,173889,0.0011999999999999997,-2.1999999999999993,96.58450317382812,277.96417236328125
6261,6261,100,173908,0.0011999999999999997,-2.1999999999999993,160.08779907226562,248.4418182373047
6262,6262,100,173935,0.0011999999999999997,-2.1999999999999993,117.09966278076172,241.84300231933594
6263,6263,-10,173954,0.0011999999999999997,-2.1999999999999993,122.20085906982422,273.9681091308594
6264,6264,-10,173978,0.0011999999999999997,-2.1999999999999993,611.5528564453125,264.95281982421875
6265,6265,-10,174000,0.0011999999999999997,-2.1999999999999993,104.67341613769531,254.101806640625
6266,6266,-10,174021,0.0011999999999999997,-2.1999999999999993,100.70980834960938,255.41925048828125
6267,6267,-10,174045,0.0011999999999999997,-2.1999999999999993,505.59295654296875,259.9039611816406
6268,6268,-10,174069,0.0011999999999999997,-2.1999999999999993,119.85002899169922,267.0385437011719
6269,6269,100,174088,0.0011999999999999997,-2.1999999999999993,157.18067932128906,250.66944885253906
6270,6270,100,174102,0.0011999999999999997,-2.1999999999999993,100.5020523071289,242.64906311035156
6271,6271,-10,174126,0.0011999999999999997,-2.1999999999999993,119.44660949707031,244.8245849609375
6272,6272,-10,174152,0.0011999999999999997,-2.1999999999999993,139.83108520507812,241.04867553710938
6273,6273,100,174172,0.0011999999999999997,-2.1999999999999993,62.517845153808594,267.40057373046875
6274,6274,-10,174194,0.0011999999999999997,-2.1999999999999993,234.97662353515625,247.1643524169922
6275,6275,-10,174218,0.0011999999999999997,-2.1999999999999993,80.27723693847656,266.9010925292969
6276,6276,-10,174236,0.0011999999999999997,-2.1999999999999993,90.33663940429688,265.1146240234375
6277,6277,-10,174260,0.0011999999999999997,-2.1999999999999993,105.49930572509766,232.77809143066406
6278,6278,-10,174284,0.0011999999999999997,-2.1999999999999993,91.016845703125,278.3284912109375
6279,6279,100,174289,0.0011999999999999997,-2.1999999999999993,84.86060333251953,270.76702880859375
6280,6280,-10,174312,0.0011999999999999997,-2.1999999999999993,50.92372131347656,255.21511840820312
6281,6281,-10,174337,0.0011999999999999997,-2.1999999999999993,144.61944580078125,259.85662841796875
6282,6282,-10,174362,0.0011999999999999997,-2.1999999999999993,55.164764404296875,271.992431640625
6283,6283,-10,174386,0.0011999999999999997,-2.1999999999999993,97.9212646484375,253.4591064453125
6284,6284,100,174396,0.0011999999999999997,-2.1999999999999993,65.73992156982422,267.5108642578125
6285,6285,-10,174414,0.0011999999999999997,-2.1999999999999993,124.02310180664062,267.5614929199219
6286,6286,100,174446,0.0011999999999999997,-2.1999999999999993,105.43668365478516,259.2889099121094
6287,6287,-10,174470,0.0011999999999999997,-2.1999999999999993,61.7835807800293,260.46197509765625
6288,6288,-10,174493,0.0011999999999999997,-2.1999999999999993,66.60356140136719,270.016845703125
6289,6289,-10,174517,0.0011999999999999997,-2.1999999999999993,67.69003295898438,274.3027648925781
6290,6290,100,174527,0.0011999999999999997,-2.1999999999999993,136.65684509277344,269.0367431640625
6291,6291,-10,174551,0.0011999999999999997,-2.1999999999999993,127.77603149414062,271.2873229980469
6292,6292,100,174559,0.0011999999999999997,-2.1999999999999993,68.88043212890625,270.94219970703125
6293,6293,-10,174583,0.0011999999999999997,-2.1999999999999993,143.25311279296875,263.4602966308594
6294,6294,-10,174607,0.0011999999999999997,-2.1999999999999993,185.2469024658203,258.74285888671875
6295,6295,-10,174632,0.0011999999999999997,-2.1999999999999993,123.25753784179688,259.487060546875
6296,6296,-10,174650,0.0011999999999999997,-2.1999999999999993,59.78156280517578,292.5240783691406
6297,6297,-10,174674,0.0011999999999999997,-2.1999999999999993,92.3851547241211,257.1584167480469
6298,6298,-10,174698,0.0011999999999999997,-2.1999999999999993,58.15285110473633,268.8592224121094
6299,6299,-10,174722,0.0011999999999999997,-2.1999999999999993,71.1867446899414,237.47886657714844
6300,6300,-10,174747,0.0011999999999999997,-2.1999999999999993,131.48458862304688,259.69537353515625
6301,6301,-10,174771,0.002299999999999999,-2.1999999999999993,53.762855529785156,290.08514404296875
6302,6302,-10,174789,0.002299999999999999,-2.1999999999999993,96.79908752441406,268.1934814453125
6303,6303,100,174808,0.002299999999999999,-2.1999999999999993,125.630859375,243.8004150390625
6304,6304,-10,174832,0.002299999999999999,-2.1999999999999993,65.43449401855469,281.88970947265625
6305,6305,100,174833,0.002299999999999999,-2.1999999999999993,90.36898803710938,247.18341064453125
6306,6306,-10,174855,0.002299999999999999,-2.1999999999999993,105.06452178955078,261.54638671875
6307,6307,-10,174884,0.002299999999999999,-2.1999999999999993,67.75000762939453,262.715087890625
6308,6308,100,174892,0.002299999999999999,-2.1999999999999993,117.92677307128906,269.709228515625
6309,6309,-10,174917,0.002299999999999999,-2.1999999999999993,78.52582550048828,251.30929565429688
6310,6310,-10,174936,0.002299999999999999,-2.1999999999999993,98.12321472167969,259.30889892578125
6311,6311,-10,174968,0.002299999999999999,-2.1999999999999993,80.78976440429688,249.97723388671875
6312,6312,-10,174991,0.002299999999999999,-2.1999999999999993,98.6423568725586,239.55076599121094
6313,6313,-10,175014,0.002299999999999999,-2.1999999999999993,119.49514770507812,244.801025390625
6314,6314,-10,175038,0.002299999999999999,-2.1999999999999993,98.27871704101562,235.41448974609375
6315,6315,100,175046,0.002299999999999999,-2.1999999999999993,235.48255920410156,270.5128173828125
6316,6316,-10,175064,0.002299999999999999,-2.1999999999999993,115.24209594726562,251.90689086914062
6317,6317,-10,175093,0.002299999999999999,-2.1999999999999993,88.88536834716797,259.5386962890625
6318,6318,100,175098,0.002299999999999999,-2.1999999999999993,97.80557250976562,253.26095581054688
6319,6319,-10,175116,0.002299999999999999,-2.1999999999999993,256.954833984375,254.2091064453125
6320,6320,-10,175140,0.002299999999999999,-2.1999999999999993,53.49982833862305,280.2082214355469
6321,6321,-10,175164,0.002299999999999999,-2.1999999999999993,77.33000946044922,276.68865966796875
6322,6322,100,175165,0.002299999999999999,-2.1999999999999993,81.37024688720703,253.4417724609375
6323,6323,-10,175188,0.002299999999999999,-2.1999999999999993,69.01182556152344,255.87185668945312
6324,6324,-10,175212,0.002299999999999999,-2.1999999999999993,104.54586791992188,264.35089111328125
6325,6325,100,175226,0.002299999999999999,-2.1999999999999993,92.27934265136719,278.14208984375
6326,6326,100,175245,0.002299999999999999,-2.1999999999999993,87.54730224609375,258.35870361328125
6327,6327,-10,175269,0.002299999999999999,-2.1999999999999993,62.893638610839844,269.9256591796875
6328,6328,100,175288,0.002299999999999999,-2.1999999999999993,138.39669799804688,258.70172119140625
6329,6329,-10,175312,0.002299999999999999,-2.1999999999999993,135.48516845703125,284.0403747558594
6330,6330,100,175322,0.002299999999999999,-2.1999999999999993,121.23486328125,242.8246612548828
6331,6331,100,175326,0.002299999999999999,-2.1999999999999993,275.130126953125,260.02520751953125
6332,6332,-10,175350,0.002299999999999999,-2.1999999999999993,123.09552001953125,261.074462890625
6333,6333,-10,175372,0.002299999999999999,-2.1999999999999993,58.78846740722656,254.66506958007812
6334,6334,-10,175395,0.002299999999999999,-2.1999999999999993,54.32329559326172,273.602294921875
6335,6335,100,175414,0.002299999999999999,-2.1999999999999993,98.3501968383789,244.4971923828125
6336,6336,-10,175438,0.002299999999999999,-2.1999999999999993,72.24896240234375,255.0378875732422
6337,6337,-10,175462,0.002299999999999999,-2.1999999999999993,83.34761810302734,258.0970153808594
6338,6338,100,175481,0.002299999999999999,-2.1999999999999993,57.4599609375,278.9613952636719
6339,6339,-10,175505,0.002299999999999999,-2.1999999999999993,48.55907440185547,249.5047607421875
6340,6340,-10,175529,0.002299999999999999,-2.1999999999999993,83.86923217773438,262.70947265625
6341,6341,-10,175553,0.002299999999999999,-2.1999999999999993,67.12722778320312,239.943359375
6342,6342,100,175573,0.002299999999999999,-2.1999999999999993,65.4544448852539,266.76275634765625
6343,6343,100,175587,0.002299999999999999,-2.1999999999999993,74.27996826171875,237.2252655029297
6344,6344,100,175607,0.002299999999999999,-2.1999999999999993,75.59475708007812,267.8552551269531
6345,6345,-10,175630,0.002299999999999999,-2.1999999999999993,74.72624206542969,269.77447509765625
6346,6346,-10,175654,0.002299999999999999,-2.1999999999999993,91.3357925415039,239.15792846679688
6347,6347,-10,175678,0.002299999999999999,-2.1999999999999993,75.14653778076172,264.179443359375
6348,6348,100,175697,0.002299999999999999,-2.1999999999999993,62.94513702392578,256.83160400390625
6349,6349,100,175711,0.002299999999999999,-2.1999999999999993,74.95765686035156,255.14747619628906
6350,6350,-10,175735,0.002299999999999999,-2.1999999999999993,197.76828002929688,259.007568359375
6351,6351,-10,175759,0.0001,6.600000000000001,91.20562744140625,276.4800720214844
6352,6352,-10,175783,0.0001,6.600000000000001,61.449066162109375,258.1337890625
6353,6353,-10,175801,0.0001,6.600000000000001,65.65203094482422,280.33905029296875
6354,6354,-10,175825,0.0001,6.600000000000001,69.87062072753906,245.15478515625
6355,6355,-10,175858,0.0001,6.600000000000001,73.52128601074219,231.06765747070312
6356,6356,-10,175882,0.0001,6.600000000000001,470.71270751953125,257.05419921875
6357,6357,100,175896,0.0001,6.600000000000001,124.27313232421875,235.139404296875
6358,6358,-10,175920,0.0001,6.600000000000001,86.49605560302734,256.3095703125
6359,6359,-10,175949,0.0001,6.600000000000001,86.86770629882812,248.78904724121094
6360,6360,100,175972,0.0001,6.600000000000001,104.80609130859375,273.83099365234375
6361,6361,100,175973,0.0001,6.600000000000001,123.11637878417969,251.33226013183594
6362,6362,-10,176001,0.0001,6.600000000000001,112.16131591796875,251.34368896484375
6363,6363,100,176002,0.0001,6.600000000000001,120.16487884521484,254.1416473388672
6364,6364,-10,176025,0.0001,6.600000000000001,51.58279800415039,270.2811279296875
6365,6365,-10,176048,0.0001,6.600000000000001,51.93627166748047,271.2994384765625
6366,6366,100,176070,0.0001,6.600000000000001,125.2677230834961,234.82183837890625
6367,6367,100,176078,0.0001,6.600000000000001,88.38479614257812,258.1061706542969
6368,6368,100,176086,0.0001,6.600000000000001,65.57715606689453,246.40460205078125
6369,6369,-10,176117,0.0001,6.600000000000001,93.53436279296875,253.479736328125
6370,6370,-10,176146,0.0001,6.600000000000001,60.96247482299805,263.3921203613281
6371,6371,100,176147,0.0001,6.600000000000001,69.46295166015625,269.47979736328125
6372,6372,-10,176170,0.0001,6.600000000000001,84.95504760742188,268.6409912109375
6373,6373,-10,176193,0.0001,6.600000000000001,58.26034927368164,244.63800048828125
6374,6374,-10,176212,0.0001,6.600000000000001,70.80703735351562,261.6612243652344
6375,6375,100,176226,0.0001,6.600000000000001,86.34381103515625,243.28765869140625
6376,6376,100,176245,0.0001,6.600000000000001,96.82846069335938,249.92657470703125
6377,6377,100,176253,0.0001,6.600000000000001,41.301918029785156,264.90814208984375
6378,6378,-10,176276,0.0001,6.600000000000001,50.38193893432617,283.17108154296875
6379,6379,-10,176299,0.0001,6.600000000000001,70.40707397460938,267.1375732421875
6380,6380,100,176300,0.0001,6.600000000000001,118.36491394042969,268.1568603515625
6381,6381,-10,176323,0.0001,6.600000000000001,55.52001190185547,278.89312744140625
6382,6382,-10,176346,0.0001,6.600000000000001,55.854248046875,251.12200927734375
6383,6383,-10,176369,0.0001,6.600000000000001,48.301055908203125,283.07623291015625
6384,6384,-10,176391,0.0001,6.600000000000001,106.69821166992188,250.68923950195312
6385,6385,-10,176412,0.0001,6.600000000000001,45.47026062011719,260.35919189453125
6386,6386,100,176431,0.0001,6.600000000000001,98.53926849365234,268.6805419921875
6387,6387,100,176432,0.0001,6.600000000000001,95.36283111572266,268.1785888671875
6388,6388,100,176442,0.0001,6.600000000000001,87.63441467285156,261.59429931640625
6389,6389,-10,176464,0.0001,6.600000000000001,63.83586120605469,269.33599853515625
6390,6390,-10,176483,0.0001,6.600000000000001,174.46432495117188,279.0841064453125
6391,6391,-10,176502,0.0001,6.600000000000001,136.44970703125,263.3645935058594
6392,6392,-10,176526,0.0001,6.600000000000001,571.479248046875,255.55252075195312
6393,6393,-10,176549,0.0001,6.600000000000001,124.19337463378906,263.74920654296875
6394,6394,100,176563,0.0001,6.600000000000001,66.02373504638672,268.02099609375
6395,6395,-10,176586,0.0001,6.600000000000001,59.84883499145508,274.93182373046875
6396,6396,100,176594,0.0001,6.600000000000001,662.2884521484375,264.5268249511719
6397,6397,-10,176617,0.0001,6.600000000000001,53.42143249511719,273.35992431640625
6398,6398,100,176625,0.0001,6.600000000000001,85.57653045654297,259.0729064941406
6399,6399,-10,176644,0.0001,6.600000000000001,49.801551818847656,251.4771270751953
6400,6400,-10,176665,0.0001,6.600000000000001,69.93580627441406,265.3404235839844
6401,6401,100,176684,0.0001,0.0,80.51513671875,263.3887939453125
6402,6402,100,176703,0.0001,0.0,53.243804931640625,275.24285888671875
6403,6403,-10,176725,0.0001,0.0,72.01528930664062,271.4378356933594
6404,6404,-10,176747,0.0001,0.0,64.26493835449219,261.0230407714844
6405,6405,-10,176769,0.0001,0.0,70.4692153930664,288.220703125
6406,6406,-10,176787,0.0001,0.0,80.30284118652344,268.507568359375
6407,6407,100,176806,0.0001,0.0,60.194583892822266,286.55169677734375
6408,6408,-10,176824,0.0001,0.0,173.05313110351562,281.418701171875
6409,6409,-10,176849,0.0001,0.0,101.64161682128906,264.11279296875
6410,6410,-10,176872,0.0001,0.0,79.70166015625,280.135009765625
6411,6411,100,176873,0.0001,0.0,513.4193725585938,276.8994140625
6412,6412,100,176881,0.0001,0.0,82.63880157470703,264.34234619140625
6413,6413,100,176902,0.0001,0.0,95.85346984863281,249.86505126953125
6414,6414,-10,176924,0.0001,0.0,47.543418884277344,266.22332763671875
6415,6415,-10,176942,0.0001,0.0,45.595237731933594,281.34906005859375
6416,6416,100,176962,0.0001,0.0,82.2611083984375,279.19158935546875
6417,6417,-10,176984,0.0001,0.0,63.595611572265625,270.8758239746094
6418,6418,-10,177008,0.0001,0.0,50.945465087890625,273.53851318359375
6419,6419,100,177027,0.0001,0.0,70.18997192382812,290.7920227050781
6420,6420,100,177047,0.0001,0.0,181.76467895507812,274.1778869628906
6421,6421,100,177048,0.0001,0.0,121.46826171875,279.26629638671875
6422,6422,-10,177069,0.0001,0.0,64.57185363769531,267.17462158203125
6423,6423,100,177088,0.0001,0.0,47.83537673950195,286.8548583984375
6424,6424,100,177102,0.0001,0.0,94.66746520996094,253.05975341796875
6425,6425,-10,177124,0.0001,0.0,66.60877227783203,251.74330139160156
6426,6426,-10,177142,0.0001,0.0,98.70663452148438,267.6125183105469
6427,6427,100,177146,0.0001,0.0,529.418212890625,252.90646362304688
6428,6428,100,177165,0.0001,0.0,503.4396667480469,272.4996337890625
6429,6429,-10,177188,0.0001,0.0,54.89051818847656,267.37066650390625
6430,6430,100,177196,0.0001,0.0,323.1708068847656,242.55245971679688
6431,6431,-10,177218,0.0001,0.0,93.39310455322266,259.606689453125
6432,6432,-10,177240,0.0001,0.0,70.44229888916016,256.9334716796875
6433,6433,-10,177260,0.0001,0.0,87.48136901855469,268.05499267578125
6434,6434,-10,177282,0.0001,0.0,113.30348205566406,251.33786010742188
6435,6435,-10,177304,0.0001,0.0,87.4948959350586,246.3809814453125
6436,6436,100,177318,0.0001,0.0,131.78236389160156,241.98350524902344
6437,6437,100,177322,0.0001,0.0,55.2928466796875,271.69677734375
6438,6438,-10,177344,0.0001,0.0,78.3233642578125,279.53228759765625
6439,6439,-10,177365,0.0001,0.0,71.08146667480469,295.47967529296875
6440,6440,-10,177384,0.0001,0.0,45.18233871459961,291.25537109375
6441,6441,100,177389,0.0001,0.0,70.78729248046875,282.98992919921875
6442,6442,100,177394,0.0001,0.0,87.37515258789062,255.67669677734375
6443,6443,-10,177417,0.0001,0.0,69.83009338378906,292.6725158691406
6444,6444,-10,177440,0.0001,0.0,87.75299072265625,264.5859069824219
6445,6445,100,177459,0.0001,0.0,75.81568908691406,239.88059997558594
6446,6446,-10,177477,0.0001,0.0,60.10897445678711,255.42617797851562
6447,6447,100,177487,0.0001,0.0,103.94062805175781,261.55389404296875
6448,6448,-10,177508,0.0001,0.0,60.20915985107422,277.0967102050781
6449,6449,-10,177530,0.0001,0.0,67.02163696289062,282.3778991699219
6450,6450,-10,177548,0.0001,0.0,53.31181335449219,274.8023376464844
6451,6451,-10,177571,0.0001,6.600000000000001,74.20329284667969,274.04217529296875
6452,6452,-10,177593,0.0001,6.600000000000001,70.83712005615234,285.56903076171875
6453,6453,-10,177615,0.0001,6.600000000000001,59.80742645263672,271.58929443359375
6454,6454,-10,177637,0.0001,6.600000000000001,61.23998260498047,290.9556884765625
6455,6455,100,177658,0.0001,6.600000000000001,102.28892517089844,279.9339904785156
6456,6456,-10,177681,0.0001,6.600000000000001,79.17945861816406,265.4361572265625
6457,6457,-10,177703,0.0001,6.600000000000001,70.95228576660156,265.0871276855469
6458,6458,100,177722,0.0001,6.600000000000001,41.56977844238281,301.0494689941406
6459,6459,100,177730,0.0001,6.600000000000001,104.00443267822266,261.1976013183594
6460,6460,-10,177751,0.0001,6.600000000000001,105.61235046386719,253.51602172851562
6461,6461,-10,177773,0.0001,6.600000000000001,45.512474060058594,281.9671936035156
6462,6462,-10,177794,0.0001,6.600000000000001,140.3116455078125,265.11444091796875
6463,6463,100,177795,0.0001,6.600000000000001,63.19324493408203,260.49249267578125
6464,6464,-10,177816,0.0001,6.600000000000001,79.07858276367188,284.4002990722656
6465,6465,-10,177834,0.0001,6.600000000000001,70.41935729980469,269.564697265625
6466,6466,-10,177853,0.0001,6.600000000000001,80.83995056152344,265.0452880859375
6467,6467,100,177867,0.0001,6.600000000000001,55.99479293823242,294.3605041503906
6468,6468,-10,177889,0.0001,6.600000000000001,122.05532836914062,253.148193359375
6469,6469,-10,177912,0.0001,6.600000000000001,228.51394653320312,273.42218017578125
6470,6470,-10,177934,0.0001,6.600000000000001,67.7011947631836,275.0360107421875
6471,6471,-10,177955,0.0001,6.600000000000001,61.26951599121094,249.08827209472656
6472,6472,-10,177973,0.0001,6.600000000000001,118.23587799072266,282.04833984375
6473,6473,-10,177994,0.0001,6.600000000000001,61.08367919921875,273.2890625
6474,6474,-10,178015,0.0001,6.600000000000001,59.181114196777344,301.4892883300781
6475,6475,-10,178036,0.0001,6.600000000000001,68.3544921875,276.4488525390625
6476,6476,-10,178054,0.0001,6.600000000000001,57.039039611816406,271.70697021484375
6477,6477,100,178062,0.0001,6.600000000000001,77.4971923828125,256.7585754394531
6478,6478,-10,178084,0.0001,6.600000000000001,108.55775451660156,252.36842346191406
6479,6479,-10,178106,0.0001,6.600000000000001,53.58625793457031,291.68560791015625
6480,6480,-10,178127,0.0001,6.600000000000001,73.55401611328125,261.25274658203125
6481,6481,-10,178151,0.0001,6.600000000000001,68.04600524902344,276.1558837890625
6482,6482,-10,178170,0.0001,6.600000000000001,66.39910125732422,272.002685546875
6483,6483,-10,178192,0.0001,6.600000000000001,64.2322998046875,298.4051818847656
6484,6484,-10,178213,0.0001,6.600000000000001,86.43282318115234,257.94677734375
6485,6485,-10,178233,0.0001,6.600000000000001,86.724853515625,274.28363037109375
6486,6486,-10,178254,0.0001,6.600000000000001,184.1488494873047,269.28594970703125
6487,6487,-10,178274,0.0001,6.600000000000001,89.77803039550781,289.9608154296875
6488,6488,-10,178296,0.0001,6.600000000000001,82.5693130493164,273.9724426269531
6489,6489,-10,178316,0.0001,6.600000000000001,44.79161071777344,294.75323486328125
6490,6490,100,178317,0.0001,6.600000000000001,112.52030944824219,283.7322998046875
6491,6491,100,178331,0.0001,6.600000000000001,60.847023010253906,299.5565185546875
6492,6492,100,178341,0.0001,6.600000000000001,59.206077575683594,260.236083984375
6493,6493,-10,178362,0.0001,6.600000000000001,72.47508239746094,275.155517578125
6494,6494,-10,178380,0.0001,6.600000000000001,48.57685089111328,299.16741943359375
6495,6495,100,178394,0.0001,6.600000000000001,217.99603271484375,290.4682312011719
6496,6496,100,178413,0.0001,6.600000000000001,99.81505584716797,230.27182006835938
6497,6497,100,178414,0.0001,6.600000000000001,45.50181579589844,286.24957275390625
6498,6498,-10,178434,0.0001,6.600000000000001,85.236328125,289.159423828125
6499,6499,-10,178455,0.0001,6.600000000000001,55.80274200439453,269.7327880859375
6500,6500,-10,178475,0.0001,6.600000000000001,81.70883178710938,261.259033203125
6501,6501,-10,178493,0.01,-19.800000000000004,72.68389892578125,285.7681884765625
6502,6502,-10,178515,0.01,-19.800000000000004,99.9978256225586,285.0875244140625
6503,6503,-10,178537,0.01,-19.800000000000004,60.670806884765625,300.3656005859375
6504,6504,-10,178556,0.01,-19.800000000000004,78.50700378417969,262.6605224609375
6505,6505,100,178561,0.01,-19.800000000000004,78.99235534667969,281.979736328125
6506,6506,100,178562,0.01,-19.800000000000004,193.62582397460938,281.822998046875
6507,6507,100,178581,0.01,-19.800000000000004,69.18993377685547,274.22100830078125
6508,6508,100,178600,0.01,-19.800000000000004,69.02059173583984,287.40350341796875
6509,6509,-10,178620,0.01,-19.800000000000004,102.4451675415039,269.2618408203125
6510,6510,100,178630,0.01,-19.800000000000004,88.75303649902344,286.5231018066406
6511,6511,-10,178648,0.01,-19.800000000000004,57.85600280761719,278.923828125
6512,6512,-10,178669,0.01,-19.800000000000004,72.63794708251953,258.20599365234375
6513,6513,-10,178690,0.01,-19.800000000000004,71.3838882446289,284.8367614746094
6514,6514,100,178711,0.01,-19.800000000000004,62.75446319580078,272.1929931640625
6515,6515,-10,178731,0.01,-19.800000000000004,72.67680358886719,279.88336181640625
6516,6516,100,178739,0.01,-19.800000000000004,67.64936828613281,270.9930419921875
6517,6517,-10,178761,0.01,-19.800000000000004,90.37110137939453,288.91058349609375
6518,6518,-10,178781,0.01,-19.800000000000004,112.49195861816406,272.75384521484375
6519,6519,-10,178803,0.01,-19.800000000000004,45.764896392822266,293.63128662109375
6520,6520,-10,178823,0.01,-19.800000000000004,56.93984603881836,265.4921875
6521,6521,-10,178843,0.01,-19.800000000000004,92.3910903930664,291.100341796875
6522,6522,-10,178865,0.01,-19.800000000000004,36.094688415527344,277.1046142578125
6523,6523,-10,178886,0.01,-19.800000000000004,181.758056640625,270.4056396484375
6524,6524,-10,178909,0.01,-19.800000000000004,62.08534622192383,264.4399108886719
6525,6525,-10,178929,0.01,-19.800000000000004,70.00773620605469,274.6487121582031
6526,6526,100,178949,0.01,-19.800000000000004,54.50623321533203,267.63360595703125
6527,6527,-10,178972,0.01,-19.800000000000004,73.64443969726562,276.0284423828125
6528,6528,100,178991,0.01,-19.800000000000004,99.16093444824219,264.2763671875
6529,6529,-10,179012,0.01,-19.800000000000004,62.749202728271484,281.7196960449219
6530,6530,-10,179033,0.01,-19.800000000000004,87.11650085449219,302.48114013671875
6531,6531,-10,179054,0.01,-19.800000000000004,69.16386413574219,278.1952819824219
6532,6532,100,179062,0.01,-19.800000000000004,55.47028732299805,273.89910888671875
6533,6533,-10,179083,0.01,-19.800000000000004,70.21910095214844,285.489990234375
6534,6534,-10,179105,0.01,-19.800000000000004,59.086334228515625,267.705078125
6535,6535,-10,179126,0.01,-19.800000000000004,75.55974578857422,280.78753662109375
6536,6536,-10,179147,0.01,-19.800000000000004,63.982784271240234,243.73861694335938
6537,6537,-10,179167,0.01,-19.800000000000004,215.5740966796875,266.52825927734375
6538,6538,-10,179189,0.01,-19.800000000000004,95.48118591308594,264.67828369140625
6539,6539,-10,179209,0.01,-19.800000000000004,61.35972213745117,263.085205078125
6540,6540,-10,179229,0.01,-19.800000000000004,89.72833251953125,284.1739501953125
6541,6541,100,179239,0.01,-19.800000000000004,72.52061462402344,270.8995361328125
6542,6542,100,179240,0.01,-19.800000000000004,86.78113555908203,262.68511962890625
6543,6543,-10,179260,0.01,-19.800000000000004,99.77149963378906,282.32696533203125
6544,6544,-10,179280,0.01,-19.800000000000004,62.35399627685547,262.6460876464844
6545,6545,-10,179298,0.01,-19.800000000000004,86.22404479980469,288.3916015625
6546,6546,100,179299,0.01,-19.800000000000004,85.83489227294922,260.4189453125
6547,6547,100,179304,0.01,-19.800000000000004,62.204959869384766,268.7422790527344
6548,6548,-10,179322,0.01,-19.800000000000004,129.329833984375,258.68780517578125
6549,6549,-10,179344,0.01,-19.800000000000004,85.89288330078125,266.0611572265625
6550,6550,-10,179365,0.01,-19.800000000000004,133.9347686767578,274.4811706542969
6551,6551,-10,179383,0.0078,4.400000000000002,64.64376068115234,250.92803955078125
6552,6552,-10,179404,0.0078,4.400000000000002,53.52435302734375,274.197265625
6553,6553,-10,179425,0.0078,4.400000000000002,71.51151275634766,277.62042236328125
6554,6554,-10,179444,0.0078,4.400000000000002,58.55769729614258,266.898681640625
6555,6555,-10,179464,0.0078,4.400000000000002,39.71571350097656,290.53265380859375
6556,6556,-10,179484,0.0078,4.400000000000002,55.22673797607422,279.52215576171875
6557,6557,100,179504,0.0078,4.400000000000002,52.683712005615234,280.1216125488281
6558,6558,100,179512,0.0078,4.400000000000002,81.14759826660156,275.14093017578125
6559,6559,-10,179533,0.0078,4.400000000000002,97.15875244140625,255.7520294189453
6560,6560,-10,179553,0.0078,4.400000000000002,94.50879669189453,264.3448486328125
6561,6561,100,179554,0.0078,4.400000000000002,74.01779174804688,285.8468322753906
6562,6562,-10,179572,0.0078,4.400000000000002,117.25785827636719,283.59075927734375
6563,6563,100,179577,0.0078,4.400000000000002,92.24514770507812,262.11968994140625
6564,6564,-10,179597,0.0078,4.400000000000002,69.42752075195312,287.60614013671875
6565,6565,-10,179618,0.0078,4.400000000000002,58.27412796020508,282.50372314453125
6566,6566,100,179637,0.0078,4.400000000000002,137.2591094970703,271.9017333984375
6567,6567,-10,179658,0.0078,4.400000000000002,88.09625244140625,268.67919921875
6568,6568,100,179666,0.0078,4.400000000000002,60.168487548828125,245.53750610351562
6569,6569,-10,179686,0.0078,4.400000000000002,95.7452163696289,251.33065795898438
6570,6570,-10,179708,0.0078,4.400000000000002,78.22489166259766,304.3587646484375
6571,6571,-10,179727,0.0078,4.400000000000002,60.56598663330078,303.84271240234375
6572,6572,-10,179747,0.0078,4.400000000000002,59.2379150390625,271.74212646484375
6573,6573,-10,179765,0.0078,4.400000000000002,62.23267364501953,287.4285583496094
6574,6574,-10,179787,0.0078,4.400000000000002,42.959007263183594,285.85345458984375
6575,6575,-10,179808,0.0078,4.400000000000002,48.120182037353516,279.9362487792969
6576,6576,-10,179828,0.0078,4.400000000000002,77.96597290039062,274.238525390625
6577,6577,100,179838,0.0078,4.400000000000002,69.26385498046875,265.1317138671875
6578,6578,100,179858,0.0078,4.400000000000002,49.64141845703125,293.2294921875
6579,6579,-10,179880,0.0078,4.400000000000002,100.73265075683594,258.94744873046875
6580,6580,100,179900,0.0078,4.400000000000002,96.66476440429688,265.05084228515625
6581,6581,-10,179920,0.0078,4.400000000000002,78.84523010253906,261.5088195800781
6582,6582,-10,179942,0.0078,4.400000000000002,85.33932495117188,279.7830810546875
6583,6583,-10,179962,0.0078,4.400000000000002,52.21210861206055,269.0722961425781
6584,6584,-10,179980,0.0078,4.400000000000002,80.29484558105469,274.71563720703125
6585,6585,-10,180000,0.0078,4.400000000000002,77.37837219238281,260.1158447265625
6586,6586,100,180005,0.0078,4.400000000000002,75.28994750976562,286.58349609375
6587,6587,100,180006,0.0078,4.400000000000002,94.32044219970703,269.5179443359375
6588,6588,-10,180028,0.0078,4.400000000000002,35.70314025878906,297.6388244628906
6589,6589,-10,180048,0.0078,4.400000000000002,76.16897583007812,260.0440673828125
6590,6590,-10,180069,0.0078,4.400000000000002,349.8692626953125,269.302001953125
6591,6591,-10,180089,0.0078,4.400000000000002,67.81768798828125,262.6799011230469
6592,6592,-10,180110,0.0078,4.400000000000002,69.7177734375,274.4065856933594
6593,6593,-10,180130,0.0078,4.400000000000002,731.7236938476562,275.44915771484375
6594,6594,-10,180152,0.0078,4.400000000000002,70.32989501953125,261.32177734375
6595,6595,-10,180176,0.0078,4.400000000000002,82.45585632324219,261.14556884765625
6596,6596,-10,180198,0.0078,4.400000000000002,44.19103240966797,260.38043212890625
6597,6597,100,180203,0.0078,4.400000000000002,77.77194213867188,260.77996826171875
6598,6598,-10,180223,0.0078,4.400000000000002,80.79430389404297,254.27098083496094
6599,6599,-10,180244,0.0078,4.400000000000002,57.245277404785156,259.14129638671875
6600,6600,-10,180265,0.0078,4.400000000000002,55.93410110473633,246.6025848388672
6601,6601,100,180273,0.01,-4.400000000000002,63.90073013305664,276.0685119628906
6602,6602,-10,180291,0.01,-4.400000000000002,64.70185089111328,284.3118591308594
6603,6603,100,180292,0.01,-4.400000000000002,72.25543975830078,277.0278625488281
6604,6604,-10,180313,0.01,-4.400000000000002,73.00296783447266,286.9658203125
6605,6605,100,180332,0.01,-4.400000000000002,73.95931243896484,267.7052001953125
6606,6606,100,180345,0.01,-4.400000000000002,59.522701263427734,271.643310546875
6607,6607,-10,180365,0.01,-4.400000000000002,57.95743179321289,282.2210388183594
6608,6608,-10,180385,0.01,-4.400000000000002,65.94231414794922,235.52200317382812
6609,6609,-10,180405,0.01,-4.400000000000002,76.99847412109375,275.011962890625
6610,6610,-10,180425,0.01,-4.400000000000002,71.52561950683594,272.46734619140625
6611,6611,-10,180446,0.01,-4.400000000000002,93.85398864746094,270.2899169921875
6612,6612,100,180447,0.01,-4.400000000000002,71.04334259033203,241.62623596191406
6613,6613,-10,180465,0.01,-4.400000000000002,51.39061737060547,278.16448974609375
6614,6614,-10,180486,0.01,-4.400000000000002,78.63037872314453,245.39910888671875
6615,6615,-10,180506,0.01,-4.400000000000002,267.1885070800781,256.38397216796875
6616,6616,-10,180527,0.01,-4.400000000000002,80.2451171875,248.60324096679688
6617,6617,-10,180547,0.01,-4.400000000000002,61.528045654296875,277.9559326171875
6618,6618,-10,180568,0.01,-4.400000000000002,57.54774475097656,283.1382141113281
6619,6619,-10,180589,0.01,-4.400000000000002,66.95108032226562,274.6854248046875
6620,6620,-10,180609,0.01,-4.400000000000002,88.25152587890625,254.90451049804688
6621,6621,100,180619,0.01,-4.400000000000002,52.4228401184082,256.409423828125
6622,6622,100,180633,0.01,-4.400000000000002,54.652339935302734,294.81787109375
6623,6623,-10,180653,0.01,-4.400000000000002,59.070899963378906,294.50323486328125
6624,6624,-10,180671,0.01,-4.400000000000002,49.80464172363281,283.5751953125
6625,6625,-10,180691,0.01,-4.400000000000002,48.209259033203125,283.7711486816406
6626,6626,-10,180713,0.01,-4.400000000000002,46.646385192871094,252.11199951171875
6627,6627,-10,180733,0.01,-4.400000000000002,76.96916198730469,279.47540283203125
6628,6628,-10,180754,0.01,-4.400000000000002,638.5399169921875,249.48252868652344
6629,6629,100,180762,0.01,-4.400000000000002,106.23656463623047,254.29347229003906
6630,6630,-10,180783,0.01,-4.400000000000002,55.249717712402344,274.1250915527344
6631,6631,-10,180801,0.01,-4.400000000000002,73.54080200195312,285.60601806640625
6632,6632,-10,180822,0.01,-4.400000000000002,67.34868621826172,262.3977355957031
6633,6633,-10,180842,0.01,-4.400000000000002,92.93827819824219,248.81024169921875
6634,6634,-10,180860,0.01,-4.400000000000002,144.12030029296875,237.57852172851562
6635,6635,-10,180881,0.01,-4.400000000000002,60.41558837890625,260.69097900390625
6636,6636,-10,180903,0.01,-4.400000000000002,108.60370635986328,238.48062133789062
6637,6637,-10,180922,0.01,-4.400000000000002,116.14655303955078,223.98785400390625
6638,6638,-10,180943,0.01,-4.400000000000002,64.30022430419922,251.94068908691406
6639,6639,-10,180964,0.01,-4.400000000000002,72.5657958984375,242.4807891845703
6640,6640,-10,180984,0.01,-4.400000000000002,37.733619689941406,237.94485473632812
6641,6641,-10,181005,0.01,-4.400000000000002,86.9305419921875,259.59063720703125
6642,6642,100,181010,0.01,-4.400000000000002,119.33839416503906,264.36614990234375
6643,6643,-10,181031,0.01,-4.400000000000002,81.00228881835938,256.2640380859375
6644,6644,-10,181052,0.01,-4.400000000000002,46.90506362915039,289.60040283203125
6645,6645,-10,181072,0.01,-4.400000000000002,84.2598648071289,277.173828125
6646,6646,-10,181094,0.01,-4.400000000000002,90.39918518066406,238.99038696289062
6647,6647,100,181104,0.01,-4.400000000000002,155.152587890625,267.32696533203125
6648,6648,-10,181125,0.01,-4.400000000000002,81.63667297363281,245.69407653808594
6649,6649,-10,181143,0.01,-4.400000000000002,751.5294189453125,243.29701232910156
6650,6650,-10,181164,0.01,-4.400000000000002,88.76726531982422,261.40594482421875
6651,6651,-10,181185,0.01,-4.399999999999999,72.26336669921875,254.97238159179688
6652,6652,100,181195,0.01,-4.399999999999999,97.91313171386719,260.0361633300781
6653,6653,-10,181217,0.01,-4.399999999999999,65.07514953613281,270.700439453125
6654,6654,-10,181238,0.01,-4.399999999999999,70.88713073730469,264.07489013671875
6655,6655,-10,181259,0.01,-4.399999999999999,50.11163330078125,278.04327392578125
6656,6656,-10,181280,0.01,-4.399999999999999,48.5643310546875,263.27490234375
6657,6657,100,181293,0.01,-4.399999999999999,121.16267395019531,278.9107971191406
6658,6658,-10,181314,0.01,-4.399999999999999,240.50857543945312,279.03521728515625
6659,6659,-10,181334,0.01,-4.399999999999999,54.89081573486328,257.90167236328125
6660,6660,-10,181355,0.01,-4.399999999999999,59.93770217895508,278.3575134277344
6661,6661,-10,181377,0.01,-4.399999999999999,57.57387161254883,252.7097930908203
6662,6662,-10,181398,0.01,-4.399999999999999,91.80752563476562,256.83331298828125
6663,6663,100,181406,0.01,-4.399999999999999,75.80085754394531,249.56057739257812
6664,6664,-10,181426,0.01,-4.399999999999999,60.69171905517578,272.34674072265625
6665,6665,100,181446,0.01,-4.399999999999999,57.34687042236328,260.52960205078125
6666,6666,-10,181466,0.01,-4.399999999999999,88.78717041015625,266.36944580078125
6667,6667,100,181476,0.01,-4.399999999999999,63.44066619873047,264.0093994140625
6668,6668,-10,181495,0.01,-4.399999999999999,257.4311218261719,257.8186340332031
6669,6669,-10,181513,0.01,-4.399999999999999,90.78131866455078,269.89105224609375
6670,6670,100,181518,0.01,-4.399999999999999,96.14656829833984,259.908935546875
6671,6671,-10,181538,0.01,-4.399999999999999,57.98943328857422,267.3941650390625
6672,6672,-10,181556,0.01,-4.399999999999999,51.851112365722656,274.2807312011719
6673,6673,-10,181576,0.01,-4.399999999999999,78.7009506225586,275.8316650390625
6674,6674,-10,181597,0.01,-4.399999999999999,57.9231071472168,261.3173522949219
6675,6675,-10,181619,0.01,-4.399999999999999,62.51499938964844,281.4793395996094
6676,6676,-10,181637,0.01,-4.399999999999999,69.23291015625,243.43585205078125
6677,6677,100,181647,0.01,-4.399999999999999,71.48326110839844,263.5293884277344
6678,6678,-10,181665,0.01,-4.399999999999999,66.02922058105469,248.32803344726562
6679,6679,-10,181683,0.01,-4.399999999999999,65.20736694335938,265.00079345703125
6680,6680,-10,181704,0.01,-4.399999999999999,72.31121826171875,258.7556457519531
6681,6681,-10,181725,0.01,-4.399999999999999,44.05221176147461,253.42958068847656
6682,6682,-10,181746,0.01,-4.399999999999999,63.4935417175293,259.76263427734375
6683,6683,-10,181767,0.01,-4.399999999999999,75.5202407836914,280.17913818359375
6684,6684,-10,181788,0.01,-4.399999999999999,96.96431732177734,251.3725128173828
6685,6685,100,181802,0.01,-4.399999999999999,68.28612518310547,259.76922607421875
6686,6686,100,181807,0.01,-4.399999999999999,110.52896118164062,235.55665588378906
6687,6687,-10,181826,0.01,-4.399999999999999,69.74433135986328,261.9595642089844
6688,6688,100,181846,0.01,-4.399999999999999,74.69285583496094,242.21714782714844
6689,6689,-10,181867,0.01,-4.399999999999999,134.59027099609375,260.4117431640625
6690,6690,-10,181888,0.01,-4.399999999999999,55.621360778808594,269.47296142578125
6691,6691,-10,181909,0.01,-4.399999999999999,69.49563598632812,259.0224609375
6692,6692,-10,181930,0.01,-4.399999999999999,192.9109649658203,252.38970947265625
6693,6693,-10,181950,0.01,-4.399999999999999,77.29811096191406,256.552490234375
6694,6694,-10,181970,0.01,-4.399999999999999,88.88005828857422,273.89080810546875
6695,6695,100,181989,0.01,-4.399999999999999,118.48939514160156,279.6826477050781
6696,6696,100,182009,0.01,-4.399999999999999,59.2186393737793,276.7958984375
6697,6697,-10,182030,0.01,-4.399999999999999,120.96090698242188,267.38323974609375
6698,6698,-10,182050,0.01,-4.399999999999999,54.92716979980469,256.5535888671875
6699,6699,-10,182068,0.01,-4.399999999999999,62.936607360839844,258.12506103515625
6700,6700,-10,182089,0.01,-4.399999999999999,63.07841110229492,267.0884704589844
6701,6701,-10,182109,0.007800000000000001,4.399999999999999,78.77210998535156,247.1051483154297
6702,6702,100,182114,0.007800000000000001,4.399999999999999,93.72632598876953,263.5448303222656
6703,6703,-10,182134,0.007800000000000001,4.399999999999999,55.69623565673828,268.413330078125
6704,6704,100,182154,0.007800000000000001,4.399999999999999,117.17626953125,240.1238250732422
6705,6705,100,182164,0.007800000000000001,4.399999999999999,82.62858581542969,243.60269165039062
6706,6706,-10,182185,0.007800000000000001,4.399999999999999,68.3486328125,247.483642578125
6707,6707,100,182198,0.007800000000000001,4.399999999999999,56.600059509277344,268.0779724121094
6708,6708,-10,182218,0.007800000000000001,4.399999999999999,76.27075958251953,259.6150207519531
6709,6709,-10,182238,0.007800000000000001,4.399999999999999,67.82795715332031,258.5441589355469
6710,6710,-10,182259,0.007800000000000001,4.399999999999999,78.1350326538086,264.9409484863281
6711,6711,-10,182277,0.007800000000000001,4.399999999999999,66.41925048828125,266.5914306640625
6712,6712,-10,182297,0.007800000000000001,4.399999999999999,59.879150390625,247.27565002441406
6713,6713,-10,182318,0.007800000000000001,4.399999999999999,54.24287796020508,263.3856201171875
6714,6714,100,182323,0.007800000000000001,4.399999999999999,78.20628356933594,271.6797180175781
6715,6715,-10,182343,0.007800000000000001,4.399999999999999,59.434635162353516,264.9920959472656
6716,6716,100,182351,0.007800000000000001,4.399999999999999,62.50598907470703,251.4789581298828
6717,6717,100,182371,0.007800000000000001,4.399999999999999,76.39663696289062,249.3886260986328
6718,6718,-10,182392,0.007800000000000001,4.399999999999999,71.35929107666016,244.251708984375
6719,6719,100,182397,0.007800000000000001,4.399999999999999,88.819091796875,266.2291564941406
6720,6720,-10,182417,0.007800000000000001,4.399999999999999,71.08233642578125,272.41339111328125
6721,6721,-10,182435,0.007800000000000001,4.399999999999999,74.20099639892578,253.79884338378906
6722,6722,-10,182456,0.007800000000000001,4.399999999999999,215.45526123046875,268.43438720703125
6723,6723,100,182464,0.007800000000000001,4.399999999999999,57.088409423828125,259.85650634765625
6724,6724,-10,182485,0.007800000000000001,4.399999999999999,54.07529830932617,255.84954833984375
6725,6725,100,182495,0.007800000000000001,4.399999999999999,101.35374450683594,221.41146850585938
6726,6726,-10,182513,0.007800000000000001,4.399999999999999,117.38829040527344,241.204345703125
6727,6727,-10,182533,0.007800000000000001,4.399999999999999,66.11384582519531,252.38607788085938
6728,6728,-10,182551,0.007800000000000001,4.399999999999999,82.3082046508789,240.7549285888672
6729,6729,-10,182572,0.007800000000000001,4.399999999999999,50.116981506347656,243.61483764648438
6730,6730,100,182582,0.007800000000000001,4.399999999999999,75.79545593261719,223.77105712890625
6731,6731,-10,182602,0.007800000000000001,4.399999999999999,58.62964630126953,264.01129150390625
6732,6732,-10,182622,0.007800000000000001,4.399999999999999,65.5085220336914,245.09812927246094
6733,6733,100,182632,0.007800000000000001,4.399999999999999,63.866458892822266,273.5359191894531
6734,6734,-10,182652,0.007800000000000001,4.399999999999999,57.27981948852539,253.91903686523438
6735,6735,-10,182673,0.007800000000000001,4.399999999999999,67.7348861694336,229.16757202148438
6736,6736,-10,182691,0.007800000000000001,4.399999999999999,63.69521713256836,232.5823974609375
6737,6737,100,182696,0.007800000000000001,4.399999999999999,68.99665832519531,229.99026489257812
6738,6738,-10,182715,0.007800000000000001,4.399999999999999,78.17893981933594,237.2284698486328
6739,6739,100,182734,0.007800000000000001,4.399999999999999,56.13362121582031,268.17608642578125
6740,6740,-10,182759,0.007800000000000001,4.399999999999999,97.88082885742188,245.6070556640625
6741,6741,-10,182780,0.007800000000000001,4.399999999999999,52.930667877197266,243.58551025390625
6742,6742,-10,182800,0.007800000000000001,4.399999999999999,69.73277282714844,238.78907775878906
6743,6743,-10,182821,0.007800000000000001,4.399999999999999,75.91001892089844,237.14065551757812
6744,6744,-10,182843,0.007800000000000001,4.399999999999999,54.227272033691406,253.56365966796875
6745,6745,-10,182863,0.007800000000000001,4.399999999999999,54.883079528808594,252.54681396484375
6746,6746,-10,182883,0.007800000000000001,4.399999999999999,93.791748046875,259.2113952636719
6747,6747,100,182888,0.007800000000000001,4.399999999999999,45.71826934814453,241.2827606201172
6748,6748,-10,182907,0.007800000000000001,4.399999999999999,76.835205078125,239.095458984375
6749,6749,-10,182927,0.007800000000000001,4.399999999999999,51.00018310546875,248.88302612304688
6750,6750,100,182940,0.007800000000000001,4.399999999999999,106.08979034423828,268.2413330078125
6751,6751,-10,182961,0.003400000000000001,8.8,61.961753845214844,229.35037231445312
6752,6752,-10,182982,0.003400000000000001,8.8,103.45101165771484,264.62091064453125
6753,6753,-10,183002,0.003400000000000001,8.8,69.27399444580078,243.55215454101562
6754,6754,100,183012,0.003400000000000001,8.8,60.48207092285156,268.5224304199219
6755,6755,-10,183034,0.003400000000000001,8.8,62.780311584472656,229.2131805419922
6756,6756,-10,183055,0.003400000000000001,8.8,83.92430877685547,228.19773864746094
6757,6757,-10,183076,0.003400000000000001,8.8,69.01750183105469,234.8646697998047
6758,6758,-10,183097,0.003400000000000001,8.8,59.389862060546875,224.2777557373047
6759,6759,-10,183118,0.003400000000000001,8.8,76.17694854736328,256.2425537109375
6760,6760,-10,183136,0.003400000000000001,8.8,152.17050170898438,260.32452392578125
6761,6761,100,183149,0.003400000000000001,8.8,81.56864929199219,256.63519287109375
6762,6762,-10,183170,0.003400000000000001,8.8,62.71529769897461,286.4732666015625
6763,6763,-10,183190,0.003400000000000001,8.8,109.41226959228516,208.48748779296875
6764,6764,100,183200,0.003400000000000001,8.8,439.1114501953125,290.7921142578125
6765,6765,-10,183221,0.003400000000000001,8.8,82.59539794921875,234.11041259765625
6766,6766,-10,183239,0.003400000000000001,8.8,87.34573364257812,234.97164916992188
6767,6767,100,183240,0.003400000000000001,8.8,56.29248046875,249.00010681152344
6768,6768,-10,183261,0.003400000000000001,8.8,48.936614990234375,262.52423095703125
6769,6769,-10,183279,0.003400000000000001,8.8,87.33183288574219,258.02838134765625
6770,6770,-10,183299,0.003400000000000001,8.8,108.47050476074219,225.78289794921875
6771,6771,100,183319,0.003400000000000001,8.8,85.68913269042969,257.73553466796875
6772,6772,-10,183337,0.003400000000000001,8.8,53.57539749145508,254.2772216796875
6773,6773,100,183356,0.003400000000000001,8.8,71.43781280517578,251.64340209960938
6774,6774,-10,183376,0.003400000000000001,8.8,61.13090515136719,240.22055053710938
6775,6775,-10,183401,0.003400000000000001,8.8,52.70921325683594,237.4596405029297
6776,6776,-10,183422,0.003400000000000001,8.8,82.83837890625,235.8963165283203
6777,6777,-10,183443,0.003400000000000001,8.8,57.215152740478516,240.35064697265625
6778,6778,-10,183464,0.003400000000000001,8.8,88.86441040039062,247.5809783935547
6779,6779,100,183465,0.003400000000000001,8.8,49.1504020690918,261.8387451171875
6780,6780,-10,183485,0.003400000000000001,8.8,54.89585876464844,242.12313842773438
6781,6781,-10,183506,0.003400000000000001,8.8,59.73686599731445,251.27943420410156
6782,6782,-10,183524,0.003400000000000001,8.8,101.98997497558594,259.8128967285156
6783,6783,-10,183545,0.003400000000000001,8.8,59.87047576904297,247.98838806152344
6784,6784,-10,183566,0.003400000000000001,8.8,69.02885437011719,255.1906280517578
6785,6785,-10,183586,0.003400000000000001,8.8,57.261314392089844,251.04302978515625
6786,6786,100,183590,0.003400000000000001,8.8,101.3636474609375,240.34664916992188
6787,6787,-10,183608,0.003400000000000001,8.8,43.39305114746094,260.14697265625
6788,6788,-10,183629,0.003400000000000001,8.8,103.27949523925781,225.3203582763672
6789,6789,-10,183647,0.003400000000000001,8.8,50.77136993408203,236.31552124023438
6790,6790,-10,183669,0.003400000000000001,8.8,79.76842498779297,232.4398956298828
6791,6791,-10,183691,0.003400000000000001,8.8,42.2033805847168,238.0550537109375
6792,6792,-10,183712,0.003400000000000001,8.8,58.79910659790039,247.023681640625
6793,6793,-10,183732,0.003400000000000001,8.8,74.50729370117188,241.03591918945312
6794,6794,-10,183753,0.003400000000000001,8.8,76.08857727050781,224.36050415039062
6795,6795,100,183757,0.003400000000000001,8.8,46.2992057800293,250.4573516845703
6796,6796,-10,183777,0.003400000000000001,8.8,83.24185180664062,232.99505615234375
6797,6797,-10,183795,0.003400000000000001,8.8,85.17964935302734,242.45858764648438
6798,6798,-10,183813,0.003400000000000001,8.8,70.22520446777344,235.51351928710938
6799,6799,-10,183835,0.003400000000000001,8.8,56.05010986328125,248.07614135742188
6800,6800,-10,183853,0.003400000000000001,8.8,63.06431579589844,243.30972290039062
6801,6801,-10,183871,0.01,-15.399999999999999,64.88680267333984,229.11932373046875
6802,6802,-10,183891,0.01,-15.399999999999999,114.65097045898438,237.8105926513672
6803,6803,100,183896,0.01,-15.399999999999999,72.72647094726562,226.14666748046875
6804,6804,-10,183914,0.01,-15.399999999999999,111.4375228881836,241.78604125976562
6805,6805,-10,183932,0.01,-15.399999999999999,55.0610466003418,220.4232177734375
6806,6806,100,183933,0.01,-15.399999999999999,72.1207275390625,257.0032653808594
6807,6807,100,183953,0.01,-15.399999999999999,74.47755432128906,224.06005859375
6808,6808,-10,183974,0.01,-15.399999999999999,71.25419616699219,247.6822509765625
6809,6809,-10,183992,0.01,-15.399999999999999,86.37464904785156,250.17100524902344
6810,6810,-10,184010,0.01,-15.399999999999999,78.54376983642578,258.60369873046875
6811,6811,100,184023,0.01,-15.399999999999999,93.6960220336914,240.38673400878906
6812,6812,-10,184043,0.01,-15.399999999999999,55.70379638671875,246.95089721679688
6813,6813,-10,184064,0.01,-15.399999999999999,66.86093139648438,216.84197998046875
6814,6814,-10,184082,0.01,-15.399999999999999,94.81261444091797,207.20372009277344
6815,6815,-10,184102,0.01,-15.399999999999999,51.786197662353516,240.21282958984375
6816,6816,-10,184122,0.01,-15.399999999999999,73.31563568115234,235.51483154296875
6817,6817,-10,184142,0.01,-15.399999999999999,50.95610046386719,230.3252410888672
6818,6818,100,184147,0.01,-15.399999999999999,334.6600341796875,212.8947296142578
6819,6819,-10,184169,0.01,-15.399999999999999,76.15560913085938,230.0138397216797
6820,6820,100,184182,0.01,-15.399999999999999,72.32052612304688,234.99468994140625
6821,6821,-10,184202,0.01,-15.399999999999999,60.11963653564453,233.9286346435547
6822,6822,100,184203,0.01,-15.399999999999999,65.48098754882812,273.3331604003906
6823,6823,100,184208,0.01,-15.399999999999999,50.39659881591797,238.34210205078125
6824,6824,-10,184228,0.01,-15.399999999999999,71.63031005859375,228.4627227783203
6825,6825,-10,184247,0.01,-15.399999999999999,56.469146728515625,239.77899169921875
6826,6826,100,184257,0.01,-15.399999999999999,120.58538818359375,198.01138305664062
6827,6827,-10,184275,0.01,-15.399999999999999,87.17776489257812,249.24710083007812
6828,6828,-10,184296,0.01,-15.399999999999999,67.49729919433594,226.18731689453125
6829,6829,-10,184314,0.01,-15.399999999999999,53.64241027832031,208.29351806640625
6830,6830,-10,184336,0.01,-15.399999999999999,68.82975769042969,225.42564392089844
6831,6831,-10,184354,0.01,-15.399999999999999,70.19831848144531,236.35910034179688
6832,6832,100,184355,0.01,-15.399999999999999,81.63296508789062,226.59130859375
6833,6833,-10,184373,0.01,-15.399999999999999,123.30337524414062,231.77935791015625
6834,6834,-10,184393,0.01,-15.399999999999999,108.26686096191406,232.24856567382812
6835,6835,-10,184411,0.01,-15.399999999999999,76.015380859375,220.43959045410156
6836,6836,-10,184429,0.01,-15.399999999999999,59.42290496826172,274.9009094238281
6837,6837,-10,184455,0.01,-15.399999999999999,47.534603118896484,214.435546875
6838,6838,-10,184475,0.01,-15.399999999999999,89.68243408203125,225.9786376953125
6839,6839,-10,184496,0.01,-15.399999999999999,93.11294555664062,224.6937713623047
6840,6840,100,184506,0.01,-15.399999999999999,72.51278686523438,231.21072387695312
6841,6841,-10,184526,0.01,-15.399999999999999,57.45491027832031,230.06918334960938
6842,6842,100,184534,0.01,-15.399999999999999,92.80677795410156,235.08956909179688
6843,6843,-10,184555,0.01,-15.399999999999999,126.03398895263672,228.664794921875
6844,6844,100,184574,0.01,-15.399999999999999,79.4251708984375,249.21804809570312
6845,6845,-10,184595,0.01,-15.399999999999999,100.77423095703125,250.2550048828125
6846,6846,-10,184616,0.01,-15.399999999999999,66.03059387207031,222.815185546875
6847,6847,-10,184634,0.01,-15.399999999999999,59.29612731933594,221.57867431640625
6848,6848,-10,184652,0.01,-15.399999999999999,312.4058837890625,207.8711700439453
6849,6849,-10,184672,0.01,-15.399999999999999,93.44438934326172,208.2105712890625
6850,6850,-10,184692,0.01,-15.399999999999999,60.84817123413086,241.37176513671875
6851,6851,-10,184713,0.0056,8.8,99.33876037597656,214.41424560546875
6852,6852,100,184723,0.0056,8.8,145.89315795898438,234.97503662109375
6853,6853,-10,184744,0.0056,8.8,74.44680786132812,223.23928833007812
6854,6854,100,184764,0.0056,8.8,72.73973083496094,249.5755157470703
6855,6855,100,184769,0.0056,8.8,55.38865661621094,245.86746215820312
6856,6856,-10,184787,0.0056,8.8,93.93355560302734,223.96920776367188
6857,6857,-10,184805,0.0056,8.8,114.15083312988281,219.67941284179688
6858,6858,100,184818,0.0056,8.8,67.97942352294922,204.78392028808594
6859,6859,-10,184838,0.0056,8.8,93.14833068847656,233.89190673828125
6860,6860,100,184846,0.0056,8.8,91.27243041992188,253.89697265625
6861,6861,-10,184866,0.0056,8.8,103.96617889404297,227.19677734375
6862,6862,-10,184887,0.0056,8.8,63.38078308105469,215.29766845703125
6863,6863,100,184907,0.0056,8.8,77.11759185791016,236.58914184570312
6864,6864,-10,184927,0.0056,8.8,49.616294860839844,228.72767639160156
6865,6865,-10,184945,0.0056,8.8,58.26985549926758,257.1845703125
6866,6866,-10,184965,0.0056,8.8,49.09101104736328,245.82464599609375
6867,6867,-10,184983,0.0056,8.8,68.57215881347656,214.60113525390625
6868,6868,100,185003,0.0056,8.8,84.83704376220703,230.18624877929688
6869,6869,-10,185021,0.0056,8.8,65.41803741455078,236.0418701171875
6870,6870,-10,185039,0.0056,8.8,98.58355712890625,204.96429443359375
6871,6871,-10,185057,0.0056,8.8,49.96910858154297,237.742919921875
6872,6872,-10,185076,0.0056,8.8,126.52233123779297,236.98269653320312
6873,6873,-10,185096,0.0056,8.8,88.06475830078125,217.84059143066406
6874,6874,-10,185114,0.0056,8.8,78.60704803466797,222.439453125
6875,6875,-10,185132,0.0056,8.8,49.08209991455078,221.0269775390625
6876,6876,100,185151,0.0056,8.8,66.39803314208984,214.52783203125
6877,6877,-10,185175,0.0056,8.8,59.6373291015625,230.64724731445312
6878,6878,-10,185193,0.0056,8.8,71.77127075195312,230.51040649414062
6879,6879,-10,185214,0.0056,8.8,104.41647338867188,237.95396423339844
6880,6880,-10,185232,0.0056,8.8,62.27106857299805,243.72256469726562
6881,6881,-10,185253,0.0056,8.8,86.14546203613281,235.18020629882812
6882,6882,100,185258,0.0056,8.8,56.43498992919922,226.95028686523438
6883,6883,-10,185278,0.0056,8.8,53.94458770751953,213.79820251464844
6884,6884,-10,185299,0.0056,8.8,71.68191528320312,222.99148559570312
6885,6885,-10,185317,0.0056,8.8,47.27264404296875,216.4836883544922
6886,6886,-10,185337,0.0056,8.8,108.49150085449219,226.88531494140625
6887,6887,100,185342,0.0056,8.8,69.17398071289062,211.46353149414062
6888,6888,-10,185362,0.0056,8.8,98.4903335571289,236.22439575195312
6889,6889,100,185372,0.0056,8.8,56.026939392089844,248.2109832763672
6890,6890,-10,185390,0.0056,8.8,99.64848327636719,215.27334594726562
6891,6891,100,185403,0.0056,8.8,49.37758255004883,242.98956298828125
6892,6892,-10,185424,0.0056,8.8,59.428199768066406,213.84153747558594
6893,6893,-10,185445,0.0056,8.8,73.18220520019531,236.17762756347656
6894,6894,-10,185465,0.0056,8.8,72.36398315429688,225.1006622314453
6895,6895,-10,185486,0.0056,8.8,48.95768737792969,244.89608764648438
6896,6896,-10,185506,0.0056,8.8,262.7745361328125,202.72390747070312
6897,6897,-10,185524,0.0056,8.8,62.768211364746094,222.61810302734375
6898,6898,100,185537,0.0056,8.8,104.91011810302734,229.65576171875
6899,6899,-10,185557,0.0056,8.8,64.21815490722656,220.6915283203125
6900,6900,-10,185577,0.0056,8.8,46.23588562011719,237.81451416015625
6901,6901,-10,185597,0.0056,0.0,70.51869201660156,215.11404418945312
6902,6902,100,185598,0.0056,0.0,67.22289276123047,202.99154663085938
6903,6903,-10,185616,0.0056,0.0,46.364990234375,224.52505493164062
6904,6904,-10,185637,0.0056,0.0,179.53952026367188,227.80844116210938
6905,6905,-10,185655,0.0056,0.0,90.49343872070312,223.7545928955078
6906,6906,-10,185676,0.0056,0.0,48.34892272949219,234.7587890625
6907,6907,-10,185694,0.0056,0.0,70.88470458984375,231.15457153320312
6908,6908,-10,185712,0.0056,0.0,62.50432586669922,236.209228515625
6909,6909,-10,185733,0.0056,0.0,90.46269226074219,228.76669311523438
6910,6910,-10,185751,0.0056,0.0,60.32958221435547,209.62277221679688
6911,6911,-10,185771,0.0056,0.0,74.14241790771484,239.8319549560547
6912,6912,-10,185793,0.0056,0.0,86.48939514160156,208.5967559814453
6913,6913,-10,185815,0.0056,0.0,73.41300201416016,224.0297393798828
6914,6914,-10,185833,0.0056,0.0,643.66796875,211.591552734375
6915,6915,-10,185853,0.0056,0.0,46.87389373779297,221.5526580810547
6916,6916,-10,185871,0.0056,0.0,71.95708465576172,220.32192993164062
6917,6917,-10,185889,0.0056,0.0,52.19145965576172,206.4361572265625
6918,6918,-10,185907,0.0056,0.0,317.65765380859375,221.10165405273438
6919,6919,-10,185925,0.0056,0.0,63.165287017822266,228.28826904296875
6920,6920,100,185926,0.0056,0.0,77.4107666015625,206.5235595703125
6921,6921,-10,185945,0.0056,0.0,65.25359344482422,222.52841186523438
6922,6922,-10,185963,0.0056,0.0,185.71484375,215.4062042236328
6923,6923,-10,185985,0.0056,0.0,57.5875129699707,195.61386108398438
6924,6924,-10,186006,0.0056,0.0,45.550838470458984,248.77932739257812
6925,6925,-10,186024,0.0056,0.0,65.21591186523438,222.81689453125
6926,6926,100,186032,0.0056,0.0,72.12244415283203,240.78656005859375
6927,6927,-10,186053,0.0056,0.0,49.997764587402344,209.328857421875
6928,6928,-10,186074,0.0056,0.0,90.89540100097656,236.5708465576172
6929,6929,-10,186092,0.0056,0.0,70.66664123535156,231.96463012695312
6930,6930,-10,186110,0.0056,0.0,63.11084747314453,203.78182983398438
6931,6931,-10,186128,0.0056,0.0,54.65715789794922,216.01370239257812
6932,6932,-10,186146,0.0056,0.0,74.11735534667969,213.63572692871094
6933,6933,-10,186165,0.0056,0.0,127.25074005126953,220.18406677246094
6934,6934,-10,186184,0.0056,0.0,74.19361877441406,208.72601318359375
6935,6935,-10,186204,0.0056,0.0,62.637969970703125,225.37823486328125
6936,6936,-10,186222,0.0056,0.0,137.2391357421875,221.36021423339844
6937,6937,-10,186240,0.0056,0.0,50.883216857910156,206.60086059570312
6938,6938,-10,186260,0.0056,0.0,70.25948333740234,208.406494140625
6939,6939,-10,186280,0.0056,0.0,49.02070617675781,216.48922729492188
6940,6940,-10,186298,0.0056,0.0,49.21381759643555,214.02149963378906
6941,6941,-10,186316,0.0056,0.0,80.04251098632812,200.46295166015625
6942,6942,-10,186337,0.0056,0.0,81.26036071777344,211.09661865234375
6943,6943,-10,186355,0.0056,0.0,58.10328674316406,215.955078125
6944,6944,100,186356,0.0056,0.0,49.532859802246094,212.3632049560547
6945,6945,-10,186374,0.0056,0.0,44.6558837890625,231.0461883544922
6946,6946,-10,186392,0.0056,0.0,55.4752197265625,229.975341796875
6947,6947,-10,186412,0.0056,0.0,77.13523864746094,238.70126342773438
6948,6948,-10,186433,0.0056,0.0,79.74310302734375,229.2560272216797
6949,6949,-10,186451,0.0056,0.0,60.359588623046875,219.58627319335938
6950,6950,-10,186469,0.0056,0.0,64.50262451171875,193.19268798828125
6951,6951,-10,186490,0.01,-19.8,42.16630935668945,227.01060485839844
6952,6952,100,186491,0.01,-19.8,54.644500732421875,208.384033203125
6953,6953,-10,186509,0.01,-19.8,74.4612045288086,224.1195068359375
6954,6954,-10,186529,0.01,-19.8,103.7459945678711,191.79550170898438
6955,6955,-10,186547,0.01,-19.8,68.41094970703125,224.65679931640625
6956,6956,-10,186569,0.01,-19.8,72.73844909667969,201.74224853515625
6957,6957,100,186582,0.01,-19.8,55.25952911376953,212.98948669433594
6958,6958,-10,186603,0.01,-19.8,61.27012252807617,208.35252380371094
6959,6959,-10,186621,0.01,-19.8,51.54661178588867,202.9043426513672
6960,6960,-10,186642,0.01,-19.8,51.65058135986328,183.85690307617188
6961,6961,-10,186660,0.01,-19.8,57.21241760253906,209.48117065429688
6962,6962,100,186661,0.01,-19.8,55.87986755371094,220.1470184326172
6963,6963,-10,186679,0.01,-19.8,74.00201416015625,216.76686096191406
6964,6964,-10,186697,0.01,-19.8,148.83807373046875,207.81475830078125
6965,6965,-10,186715,0.01,-19.8,64.81304931640625,211.769287109375
6966,6966,-10,186733,0.01,-19.8,81.06326293945312,213.93797302246094
6967,6967,-10,186751,0.01,-19.8,44.87925720214844,245.3697967529297
6968,6968,-10,186769,0.01,-19.8,58.7642936706543,210.8726348876953
6969,6969,100,186788,0.01,-19.8,80.76765441894531,205.09091186523438
6970,6970,-10,186811,0.01,-19.8,71.54776000976562,231.46630859375
6971,6971,-10,186832,0.01,-19.8,51.754066467285156,216.11264038085938
6972,6972,-10,186852,0.01,-19.8,73.61649322509766,202.25645446777344
6973,6973,-10,186873,0.01,-19.8,81.6982650756836,228.820556640625
6974,6974,-10,186894,0.01,-19.8,78.246337890625,199.96678161621094
6975,6975,-10,186915,0.01,-19.8,41.68278884887695,234.82717895507812
6976,6976,100,186935,0.01,-19.8,53.848758697509766,214.68771362304688
6977,6977,-10,186953,0.01,-19.8,47.118919372558594,244.58319091796875
6978,6978,-10,186975,0.01,-19.8,58.269775390625,253.44053649902344
6979,6979,100,186983,0.01,-19.8,60.77960968017578,222.5281219482422
6980,6980,-10,187001,0.01,-19.8,60.31182861328125,204.6860809326172
6981,6981,-10,187019,0.01,-19.8,64.08953857421875,215.9876708984375
6982,6982,-10,187040,0.01,-19.8,49.34345245361328,220.31884765625
6983,6983,-10,187061,0.01,-19.8,63.55071258544922,215.92929077148438
6984,6984,-10,187081,0.01,-19.8,74.94275665283203,217.9029541015625
6985,6985,100,187101,0.01,-19.8,124.66746520996094,219.38400268554688
6986,6986,100,187111,0.01,-19.8,45.82826614379883,218.41070556640625
6987,6987,-10,187129,0.01,-19.8,48.35248947143555,212.30111694335938
6988,6988,-10,187150,0.01,-19.8,92.61518096923828,216.05499267578125
6989,6989,-10,187168,0.01,-19.8,84.493896484375,228.11032104492188
6990,6990,100,187176,0.01,-19.8,89.41020202636719,204.35906982421875
6991,6991,100,187186,0.01,-19.8,67.72695922851562,211.4744873046875
6992,6992,-10,187207,0.01,-19.8,71.16926574707031,207.6732635498047
6993,6993,-10,187229,0.01,-19.8,549.2694091796875,216.22654724121094
6994,6994,-10,187249,0.01,-19.8,81.60054016113281,194.52618408203125
6995,6995,100,187254,0.01,-19.8,69.62458038330078,213.19876098632812
6996,6996,-10,187272,0.01,-19.8,95.32328033447266,205.78160095214844
6997,6997,-10,187293,0.01,-19.8,66.37736511230469,185.59814453125
6998,6998,-10,187314,0.01,-19.8,56.92463302612305,231.01364135742188
6999,6999,-10,187335,0.01,-19.8,72.95741271972656,210.77706909179688
7000,7000,100,187339,0.01,-19.8,56.87421417236328,210.6278839111328
7001,7001,-10,187359,0.0012000000000000014,17.599999999999998,88.74607849121094,185.01605224609375
7002,7002,-10,187380,0.0012000000000000014,17.599999999999998,93.84110260009766,228.039306640625
7003,7003,100,187393,0.0012000000000000014,17.599999999999998,148.2508544921875,193.281005859375
7004,7004,-10,187411,0.0012000000000000014,17.599999999999998,84.20454406738281,196.34716796875
7005,7005,100,187431,0.0012000000000000014,17.599999999999998,44.777854919433594,213.78909301757812
7006,7006,100,187445,0.0012000000000000014,17.599999999999998,47.74321365356445,208.92123413085938
7007,7007,-10,187463,0.0012000000000000014,17.599999999999998,37.428775787353516,215.23788452148438
7008,7008,-10,187481,0.0012000000000000014,17.599999999999998,66.73880004882812,203.64065551757812
7009,7009,100,187485,0.0012000000000000014,17.599999999999998,59.20248031616211,205.8228302001953
7010,7010,-10,187503,0.0012000000000000014,17.599999999999998,61.8495979309082,218.0424041748047
7011,7011,-10,187524,0.0012000000000000014,17.599999999999998,64.60504150390625,197.80343627929688
7012,7012,-10,187545,0.0012000000000000014,17.599999999999998,75.88314819335938,202.22938537597656
7013,7013,-10,187563,0.0012000000000000014,17.599999999999998,48.602134704589844,189.41757202148438
7014,7014,-10,187584,0.0012000000000000014,17.599999999999998,137.45797729492188,192.5656280517578
7015,7015,-10,187602,0.0012000000000000014,17.599999999999998,47.715599060058594,197.70504760742188
7016,7016,100,187603,0.0012000000000000014,17.599999999999998,68.59102630615234,173.6405792236328
7017,7017,-10,187623,0.0012000000000000014,17.599999999999998,65.40079498291016,198.61932373046875
7018,7018,-10,187641,0.0012000000000000014,17.599999999999998,49.804412841796875,217.47816467285156
7019,7019,-10,187662,0.0012000000000000014,17.599999999999998,87.16250610351562,203.80056762695312
7020,7020,-10,187684,0.0012000000000000014,17.599999999999998,119.48136901855469,198.84764099121094
7021,7021,100,187697,0.0012000000000000014,17.599999999999998,75.77098083496094,207.80288696289062
7022,7022,100,187705,0.0012000000000000014,17.599999999999998,541.8203735351562,203.36648559570312
7023,7023,-10,187726,0.0012000000000000014,17.599999999999998,50.10059356689453,188.69015502929688
7024,7024,-10,187748,0.0012000000000000014,17.599999999999998,64.86653137207031,208.70941162109375
7025,7025,-10,187766,0.0012000000000000014,17.599999999999998,45.89348602294922,205.6967010498047
7026,7026,-10,187786,0.0012000000000000014,17.599999999999998,59.555633544921875,184.15699768066406
7027,7027,-10,187807,0.0012000000000000014,17.599999999999998,64.32955932617188,195.66232299804688
7028,7028,-10,187825,0.0012000000000000014,17.599999999999998,74.32987213134766,215.16513061523438
7029,7029,100,187833,0.0012000000000000014,17.599999999999998,64.89778137207031,202.0240478515625
7030,7030,-10,187854,0.0012000000000000014,17.599999999999998,80.64283752441406,195.49557495117188
7031,7031,-10,187872,0.0012000000000000014,17.599999999999998,78.83798217773438,190.92205810546875
7032,7032,-10,187890,0.0012000000000000014,17.599999999999998,99.35964965820312,200.58421325683594
7033,7033,-10,187911,0.0012000000000000014,17.599999999999998,68.8318862915039,199.79312133789062
7034,7034,-10,187929,0.0012000000000000014,17.599999999999998,62.855010986328125,200.47128295898438
7035,7035,100,187930,0.0012000000000000014,17.599999999999998,103.22105407714844,189.9935760498047
7036,7036,-10,187950,0.0012000000000000014,17.599999999999998,51.65233612060547,225.9520721435547
7037,7037,-10,187970,0.0012000000000000014,17.599999999999998,60.25665283203125,217.84371948242188
7038,7038,-10,187990,0.0012000000000000014,17.599999999999998,72.13194274902344,213.9775390625
7039,7039,-10,188010,0.0012000000000000014,17.599999999999998,58.349754333496094,222.83447265625
7040,7040,-10,188031,0.0012000000000000014,17.599999999999998,66.02140045166016,222.85150146484375
7041,7041,-10,188051,0.0012000000000000014,17.599999999999998,54.91667556762695,205.07070922851562
7042,7042,100,188064,0.0012000000000000014,17.599999999999998,52.29378890991211,201.27203369140625
7043,7043,-10,188084,0.0012000000000000014,17.599999999999998,55.351173400878906,207.47862243652344
7044,7044,-10,188105,0.0012000000000000014,17.599999999999998,62.42193603515625,210.0481414794922
7045,7045,-10,188125,0.0012000000000000014,17.599999999999998,48.29569625854492,196.09185791015625
7046,7046,-10,188146,0.0012000000000000014,17.599999999999998,49.23670959472656,192.1322784423828
7047,7047,-10,188164,0.0012000000000000014,17.599999999999998,57.048831939697266,214.32923889160156
7048,7048,-10,188182,0.0012000000000000014,17.599999999999998,90.64137268066406,215.3289794921875
7049,7049,-10,188200,0.0012000000000000014,17.599999999999998,52.03976821899414,218.59805297851562
7050,7050,-10,188218,0.0012000000000000014,17.599999999999998,72.88323974609375,207.248291015625
7051,7051,100,188238,0.0034000000000000007,-4.399999999999999,51.535614013671875,204.19400024414062
7052,7052,-10,188256,0.0034000000000000007,-4.399999999999999,74.35421752929688,195.20553588867188
7053,7053,-10,188282,0.0034000000000000007,-4.399999999999999,60.1387825012207,213.9805145263672
7054,7054,100,188302,0.0034000000000000007,-4.399999999999999,70.90704345703125,198.61056518554688
7055,7055,-10,188321,0.0034000000000000007,-4.399999999999999,76.29391479492188,202.14610290527344
7056,7056,100,188329,0.0034000000000000007,-4.399999999999999,114.01683807373047,179.79649353027344
7057,7057,-10,188348,0.0034000000000000007,-4.399999999999999,79.96711730957031,210.27439880371094
7058,7058,100,188353,0.0034000000000000007,-4.399999999999999,60.60553741455078,199.06202697753906
7059,7059,-10,188372,0.0034000000000000007,-4.399999999999999,60.51427459716797,206.3721160888672
7060,7060,-10,188393,0.0034000000000000007,-4.399999999999999,82.37210845947266,202.51881408691406
7061,7061,-10,188411,0.0034000000000000007,-4.399999999999999,111.56529235839844,181.98890686035156
7062,7062,-10,188429,0.0034000000000000007,-4.399999999999999,47.177772521972656,211.21783447265625
7063,7063,100,188433,0.0034000000000000007,-4.399999999999999,64.04761505126953,198.65496826171875
7064,7064,100,188453,0.0034000000000000007,-4.399999999999999,67.087890625,191.71981811523438
7065,7065,-10,188472,0.0034000000000000007,-4.399999999999999,105.97731018066406,181.00302124023438
7066,7066,-10,188490,0.0034000000000000007,-4.399999999999999,74.5649185180664,196.25363159179688
7067,7067,100,188491,0.0034000000000000007,-4.399999999999999,40.98841857910156,189.73240661621094
7068,7068,-10,188510,0.0034000000000000007,-4.399999999999999,55.23952102661133,195.35841369628906
7069,7069,-10,188528,0.0034000000000000007,-4.399999999999999,50.18587112426758,213.67361450195312
7070,7070,-10,188549,0.0034000000000000007,-4.399999999999999,60.39081954956055,177.79104614257812
7071,7071,-10,188567,0.0034000000000000007,-4.399999999999999,74.58056640625,203.8450164794922
7072,7072,100,188587,0.0034000000000000007,-4.399999999999999,54.468528747558594,186.73812866210938
7073,7073,-10,188605,0.0034000000000000007,-4.399999999999999,160.34437561035156,202.27505493164062
7074,7074,-10,188624,0.0034000000000000007,-4.399999999999999,77.6278305053711,184.73770141601562
7075,7075,-10,188644,0.0034000000000000007,-4.399999999999999,45.123085021972656,195.41409301757812
7076,7076,-10,188665,0.0034000000000000007,-4.399999999999999,60.7042236328125,196.3563690185547
7077,7077,-10,188686,0.0034000000000000007,-4.399999999999999,57.988739013671875,175.17620849609375
7078,7078,100,188696,0.0034000000000000007,-4.399999999999999,91.52263641357422,199.90869140625
7079,7079,-10,188716,0.0034000000000000007,-4.399999999999999,57.15534210205078,200.40220642089844
7080,7080,-10,188734,0.0034000000000000007,-4.399999999999999,62.9025993347168,193.2588348388672
7081,7081,100,188739,0.0034000000000000007,-4.399999999999999,71.35896301269531,196.22447204589844
7082,7082,-10,188758,0.0034000000000000007,-4.399999999999999,106.72563171386719,175.76400756835938
7083,7083,100,188771,0.0034000000000000007,-4.399999999999999,76.16423034667969,196.15576171875
7084,7084,-10,188789,0.0034000000000000007,-4.399999999999999,78.97148895263672,213.68975830078125
7085,7085,-10,188807,0.0034000000000000007,-4.399999999999999,55.43075942993164,204.45089721679688
7086,7086,-10,188825,0.0034000000000000007,-4.399999999999999,53.855934143066406,199.61685180664062
7087,7087,-10,188843,0.0034000000000000007,-4.399999999999999,93.03269958496094,208.2156219482422
7088,7088,-10,188861,0.0034000000000000007,-4.399999999999999,53.79485321044922,193.64199829101562
7089,7089,-10,188881,0.0034000000000000007,-4.399999999999999,55.57937240600586,210.11041259765625
7090,7090,-10,188899,0.0034000000000000007,-4.399999999999999,68.69737243652344,184.0772705078125
7091,7091,-10,188918,0.0034000000000000007,-4.399999999999999,54.31537628173828,198.2980194091797
7092,7092,-10,188936,0.0034000000000000007,-4.399999999999999,84.96017456054688,192.90232849121094
7093,7093,100,188946,0.0034000000000000007,-4.399999999999999,52.57200622558594,212.25054931640625
7094,7094,100,188959,0.0034000000000000007,-4.399999999999999,58.27650451660156,193.74786376953125
7095,7095,100,188969,0.0034000000000000007,-4.399999999999999,47.3912353515625,203.02432250976562
7096,7096,-10,188990,0.0034000000000000007,-4.399999999999999,62.509944915771484,217.68206787109375
7097,7097,-10,189008,0.0034000000000000007,-4.399999999999999,56.41200637817383,188.87522888183594
7098,7098,-10,189026,0.0034000000000000007,-4.399999999999999,55.87321472167969,201.00314331054688
7099,7099,-10,189045,0.0034000000000000007,-4.399999999999999,54.07417297363281,209.62008666992188
7100,7100,-10,189067,0.0034000000000000007,-4.399999999999999,65.46501922607422,209.0467529296875
7101,7101,-10,189085,0.0001,8.8,53.8344612121582,198.99578857421875
7102,7102,-10,189103,0.0001,8.8,55.39385223388672,178.33941650390625
7103,7103,-10,189121,0.0001,8.8,47.84523010253906,203.05499267578125
7104,7104,-10,189139,0.0001,8.8,44.983760833740234,191.24769592285156
7105,7105,-10,189157,0.0001,8.8,84.71141052246094,185.98561096191406
7106,7106,100,189176,0.0001,8.8,67.35356140136719,186.76895141601562
7107,7107,-10,189194,0.0001,8.8,77.1121597290039,216.2017364501953
7108,7108,-10,189212,0.0001,8.8,64.57547760009766,220.6282196044922
7109,7109,-10,189230,0.0001,8.8,78.2279052734375,196.20486450195312
7110,7110,100,189250,0.0001,8.8,59.98638153076172,189.49961853027344
7111,7111,100,189270,0.0001,8.8,68.7738037109375,183.55059814453125
7112,7112,-10,189288,0.0001,8.8,90.322509765625,187.912841796875
7113,7113,-10,189306,0.0001,8.8,81.99193572998047,188.4616241455078
7114,7114,-10,189327,0.0001,8.8,51.715736389160156,194.72727966308594
7115,7115,-10,189345,0.0001,8.8,64.50712585449219,184.91360473632812
7116,7116,100,189365,0.0001,8.8,69.85848999023438,187.9748077392578
7117,7117,-10,189384,0.0001,8.8,90.2452621459961,173.096923828125
7118,7118,100,189394,0.0001,8.8,55.025936126708984,193.63096618652344
7119,7119,100,189404,0.0001,8.8,68.47821044921875,199.8208465576172
7120,7120,-10,189422,0.0001,8.8,69.83956909179688,189.28219604492188
7121,7121,-10,189440,0.0001,8.8,60.28557586669922,198.7161865234375
7122,7122,-10,189458,0.0001,8.8,59.439842224121094,172.2250518798828
7123,7123,-10,189476,0.0001,8.8,54.50999450683594,208.18148803710938
7124,7124,-10,189498,0.0001,8.8,106.32614135742188,186.44390869140625
7125,7125,100,189508,0.0001,8.8,67.20964050292969,210.09091186523438
7126,7126,100,189528,0.0001,8.8,69.51002502441406,203.487548828125
7127,7127,-10,189546,0.0001,8.8,85.9183578491211,187.9585418701172
7128,7128,-10,189564,0.0001,8.8,41.308921813964844,214.0592803955078
7129,7129,-10,189589,0.0001,8.8,83.57032775878906,187.41107177734375
7130,7130,-10,189611,0.0001,8.8,56.12152862548828,209.53341674804688
7131,7131,100,189621,0.0001,8.8,55.89347839355469,198.01943969726562
7132,7132,-10,189644,0.0001,8.8,52.09641647338867,213.96987915039062
7133,7133,100,189645,0.0001,8.8,78.36298370361328,198.89920043945312
7134,7134,-10,189663,0.0001,8.8,68.2752685546875,212.117431640625
7135,7135,100,189668,0.0001,8.8,91.6610336303711,187.73431396484375
7136,7136,100,189673,0.0001,8.8,62.06072235107422,169.14004516601562
7137,7137,100,189674,0.0001,8.8,66.38187408447266,174.79180908203125
7138,7138,100,189684,0.0001,8.8,74.07322692871094,185.8932647705078
7139,7139,100,189685,0.0001,8.8,65.33383178710938,196.15069580078125
7140,7140,-10,189708,0.0001,8.8,77.54934692382812,172.29051208496094
7141,7141,-10,189726,0.0001,8.8,101.99488830566406,175.89938354492188
7142,7142,-10,189744,0.0001,8.8,107.05439758300781,198.85623168945312
7143,7143,-10,189762,0.0001,8.8,75.74519348144531,173.9676055908203
7144,7144,-10,189780,0.0001,8.8,93.73710632324219,162.03195190429688
7145,7145,-10,189804,0.0001,8.8,106.49402618408203,161.53904724121094
7146,7146,100,189823,0.0001,8.8,61.1706428527832,205.54299926757812
7147,7147,-10,189841,0.0001,8.8,57.1641845703125,211.91796875
7148,7148,-10,189860,0.0001,8.8,65.14718627929688,201.23190307617188
7149,7149,100,189870,0.0001,8.8,70.84070587158203,189.989501953125
7150,7150,-10,189889,0.0001,8.8,54.67180633544922,176.7461700439453
7151,7151,-10,189910,0.0001,6.599999999999998,52.63396072387695,199.81362915039062
7152,7152,-10,189928,0.0001,6.599999999999998,69.70258331298828,190.6671142578125
7153,7153,-10,189947,0.0001,6.599999999999998,66.65794372558594,186.0194091796875
7154,7154,-10,189965,0.0001,6.599999999999998,56.768035888671875,207.2042236328125
7155,7155,100,189984,0.0001,6.599999999999998,51.25444412231445,230.636962890625
7156,7156,-10,190003,0.0001,6.599999999999998,47.42115783691406,205.23355102539062
7157,7157,-10,190023,0.0001,6.599999999999998,70.45722198486328,193.23448181152344
7158,7158,-10,190043,0.0001,6.599999999999998,65.55462646484375,179.5863037109375
7159,7159,100,190057,0.0001,6.599999999999998,69.43228149414062,191.7630615234375
7160,7160,-10,190075,0.0001,6.599999999999998,74.96720886230469,177.09181213378906
7161,7161,-10,190093,0.0001,6.599999999999998,68.22241973876953,182.86819458007812
7162,7162,-10,190114,0.0001,6.599999999999998,79.14927673339844,180.6478729248047
7163,7163,100,190124,0.0001,6.599999999999998,71.55480194091797,189.17984008789062
7164,7164,-10,190143,0.0001,6.599999999999998,67.11332702636719,200.4699249267578
7165,7165,100,190144,0.0001,6.599999999999998,52.80201721191406,183.44883728027344
7166,7166,-10,190163,0.0001,6.599999999999998,44.36270523071289,190.87022399902344
7167,7167,100,190168,0.0001,6.599999999999998,48.74586486816406,191.076171875
7168,7168,-10,190187,0.0001,6.599999999999998,71.8173599243164,196.65542602539062
7169,7169,-10,190205,0.0001,6.599999999999998,52.70410919189453,196.6400146484375
7170,7170,-10,190223,0.0001,6.599999999999998,53.28129959106445,196.64718627929688
7171,7171,100,190224,0.0001,6.599999999999998,69.41307830810547,196.89549255371094
7172,7172,-10,190242,0.0001,6.599999999999998,69.20372009277344,196.55343627929688
7173,7173,-10,190260,0.0001,6.599999999999998,77.57350158691406,184.5380859375
7174,7174,-10,190278,0.0001,6.599999999999998,68.80599212646484,195.10552978515625
7175,7175,100,190298,0.0001,6.599999999999998,75.09004974365234,185.95034790039062
7176,7176,100,190299,0.0001,6.599999999999998,65.03096771240234,206.32485961914062
7177,7177,100,190313,0.0001,6.599999999999998,79.88248443603516,184.90631103515625
7178,7178,-10,190331,0.0001,6.599999999999998,53.39303207397461,206.33749389648438
7179,7179,-10,190352,0.0001,6.599999999999998,60.9729118347168,211.76373291015625
7180,7180,-10,190370,0.0001,6.599999999999998,90.72868347167969,202.208984375
7181,7181,-10,190389,0.0001,6.599999999999998,129.34222412109375,192.43898010253906
7182,7182,-10,190408,0.0001,6.599999999999998,58.41973114013672,204.53170776367188
7183,7183,-10,190426,0.0001,6.599999999999998,48.47770309448242,205.6433868408203
7184,7184,-10,190444,0.0001,6.599999999999998,64.87828063964844,205.98486328125
7185,7185,-10,190462,0.0001,6.599999999999998,59.65083312988281,189.27989196777344
7186,7186,-10,190480,0.0001,6.599999999999998,52.81235885620117,203.32952880859375
7187,7187,-10,190498,0.0001,6.599999999999998,54.07363510131836,175.43072509765625
7188,7188,-10,190516,0.0001,6.599999999999998,69.11611938476562,191.30557250976562
7189,7189,100,190530,0.0001,6.599999999999998,41.7432746887207,207.43434143066406
7190,7190,-10,190551,0.0001,6.599999999999998,77.72370910644531,202.9403076171875
7191,7191,-10,190569,0.0001,6.599999999999998,81.3195571899414,180.673828125
7192,7192,-10,190589,0.0001,6.599999999999998,63.749366760253906,176.43341064453125
7193,7193,-10,190607,0.0001,6.599999999999998,57.2679443359375,204.49884033203125
7194,7194,-10,190625,0.0001,6.599999999999998,139.18434143066406,174.84771728515625
7195,7195,100,190626,0.0001,6.599999999999998,74.46261596679688,207.57827758789062
7196,7196,-10,190645,0.0001,6.599999999999998,72.83975219726562,204.28317260742188
7197,7197,100,190650,0.0001,6.599999999999998,60.06138610839844,198.70870971679688
7198,7198,-10,190668,0.0001,6.599999999999998,76.96255493164062,189.99563598632812
7199,7199,-10,190689,0.0001,6.599999999999998,60.819000244140625,191.6392822265625
7200,7200,100,190702,0.0001,6.599999999999998,75.43809509277344,185.6842498779297
7201,7201,-10,190721,0.004499999999999999,-8.799999999999997,52.75515365600586,192.711181640625
7202,7202,-10,190740,0.004499999999999999,-8.799999999999997,95.40113830566406,209.65802001953125
7203,7203,-10,190758,0.004499999999999999,-8.799999999999997,67.36164855957031,202.8293914794922
7204,7204,100,190759,0.004499999999999999,-8.799999999999997,84.82827758789062,178.9324188232422
7205,7205,-10,190777,0.004499999999999999,-8.799999999999997,75.41651153564453,203.139404296875
7206,7206,-10,190795,0.004499999999999999,-8.799999999999997,71.44308471679688,187.74118041992188
7207,7207,-10,190813,0.004499999999999999,-8.799999999999997,67.82249450683594,188.62791442871094
7208,7208,100,190832,0.004499999999999999,-8.799999999999997,40.077510833740234,185.13162231445312
7209,7209,100,190852,0.004499999999999999,-8.799999999999997,69.11534118652344,186.259765625
7210,7210,100,190871,0.004499999999999999,-8.799999999999997,46.091575622558594,193.587158203125
7211,7211,-10,190890,0.004499999999999999,-8.799999999999997,61.11231994628906,198.62771606445312
7212,7212,-10,190908,0.004499999999999999,-8.799999999999997,74.211181640625,190.8082733154297
7213,7213,-10,190927,0.004499999999999999,-8.799999999999997,62.972930908203125,177.65994262695312
7214,7214,-10,190945,0.004499999999999999,-8.799999999999997,70.1436996459961,186.8568115234375
7215,7215,100,190964,0.004499999999999999,-8.799999999999997,104.57075500488281,200.78143310546875
7216,7216,-10,190985,0.004499999999999999,-8.799999999999997,71.63274383544922,192.11590576171875
7217,7217,-10,191003,0.004499999999999999,-8.799999999999997,69.72454833984375,200.26808166503906
7218,7218,-10,191022,0.004499999999999999,-8.799999999999997,93.1655502319336,187.299072265625
7219,7219,100,191030,0.004499999999999999,-8.799999999999997,107.50421142578125,191.9822998046875
7220,7220,100,191049,0.004499999999999999,-8.799999999999997,119.17781066894531,194.86383056640625
7221,7221,-10,191070,0.004499999999999999,-8.799999999999997,95.32334899902344,195.27996826171875
7222,7222,-10,191088,0.004499999999999999,-8.799999999999997,75.83087158203125,198.54530334472656
7223,7223,-10,191109,0.004499999999999999,-8.799999999999997,50.12253952026367,191.878662109375
7224,7224,-10,191127,0.004499999999999999,-8.799999999999997,82.23023223876953,186.769775390625
7225,7225,100,191140,0.004499999999999999,-8.799999999999997,84.55101013183594,182.00721740722656
7226,7226,100,191159,0.004499999999999999,-8.799999999999997,64.44586181640625,189.3104705810547
7227,7227,-10,191178,0.004499999999999999,-8.799999999999997,70.86579895019531,208.29901123046875
7228,7228,-10,191196,0.004499999999999999,-8.799999999999997,78.00785827636719,194.45826721191406
7229,7229,-10,191214,0.004499999999999999,-8.799999999999997,76.22149658203125,181.58358764648438
7230,7230,-10,191239,0.004499999999999999,-8.799999999999997,77.38369750976562,188.07818603515625
7231,7231,100,191244,0.004499999999999999,-8.799999999999997,53.30263137817383,191.7070770263672
7232,7232,-10,191263,0.004499999999999999,-8.799999999999997,207.46124267578125,150.49293518066406
7233,7233,-10,191281,0.004499999999999999,-8.799999999999997,84.02546691894531,191.58316040039062
7234,7234,-10,191301,0.004499999999999999,-8.799999999999997,52.50727844238281,196.20375061035156
7235,7235,-10,191319,0.004499999999999999,-8.799999999999997,100.3280258178711,195.07278442382812
7236,7236,-10,191338,0.004499999999999999,-8.799999999999997,66.95429992675781,175.59945678710938
7237,7237,-10,191357,0.004499999999999999,-8.799999999999997,82.62735748291016,202.8329620361328
7238,7238,-10,191376,0.004499999999999999,-8.799999999999997,69.43728637695312,169.67672729492188
7239,7239,100,191377,0.004499999999999999,-8.799999999999997,53.147850036621094,195.73861694335938
7240,7240,-10,191395,0.004499999999999999,-8.799999999999997,65.22191619873047,193.67259216308594
7241,7241,-10,191413,0.004499999999999999,-8.799999999999997,51.71514892578125,179.47140502929688
7242,7242,-10,191431,0.004499999999999999,-8.799999999999997,77.66062927246094,203.09353637695312
7243,7243,-10,191450,0.004499999999999999,-8.799999999999997,70.26445770263672,177.75003051757812
7244,7244,-10,191471,0.004499999999999999,-8.799999999999997,68.08331298828125,200.45916748046875
7245,7245,100,191490,0.004499999999999999,-8.799999999999997,262.9963073730469,192.794189453125
7246,7246,-10,191508,0.004499999999999999,-8.799999999999997,56.945491790771484,188.50152587890625
7247,7247,-10,191529,0.004499999999999999,-8.799999999999997,48.225372314453125,182.61270141601562
7248,7248,-10,191547,0.004499999999999999,-8.799999999999997,61.10496139526367,181.69491577148438
7249,7249,-10,191565,0.004499999999999999,-8.799999999999997,74.86674499511719,184.73773193359375
7250,7250,-10,191583,0.004499999999999999,-8.799999999999997,165.6049041748047,174.50816345214844
7251,7251,100,191597,0.0056,-2.200000000000003,103.69979858398438,179.5177001953125
7252,7252,-10,191615,0.0056,-2.200000000000003,126.34432983398438,181.22738647460938
7253,7253,-10,191634,0.0056,-2.200000000000003,52.301116943359375,188.04647827148438
7254,7254,100,191638,0.0056,-2.200000000000003,86.65673828125,182.25344848632812
7255,7255,100,191642,0.0056,-2.200000000000003,71.33023071289062,202.49209594726562
7256,7256,-10,191661,0.0056,-2.200000000000003,88.96034240722656,182.333984375
7257,7257,100,191681,0.0056,-2.200000000000003,76.82159423828125,187.59523010253906
7258,7258,-10,191699,0.0056,-2.200000000000003,60.38348388671875,187.9231414794922
7259,7259,-10,191718,0.0056,-2.200000000000003,53.250701904296875,197.06597900390625
7260,7260,100,191737,0.0056,-2.200000000000003,64.2140121459961,203.5871124267578
7261,7261,-10,191755,0.0056,-2.200000000000003,89.29950714111328,182.49029541015625
7262,7262,-10,191774,0.0056,-2.200000000000003,50.39316940307617,184.68614196777344
7263,7263,-10,191792,0.0056,-2.200000000000003,38.22458267211914,203.66079711914062
7264,7264,-10,191811,0.0056,-2.200000000000003,76.5887222290039,174.1363525390625
7265,7265,-10,191832,0.0056,-2.200000000000003,55.06944274902344,192.66961669921875
7266,7266,100,191840,0.0056,-2.200000000000003,87.09557342529297,176.18637084960938
7267,7267,-10,191858,0.0056,-2.200000000000003,64.40443420410156,188.3915557861328
7268,7268,-10,191879,0.0056,-2.200000000000003,76.36721801757812,187.27273559570312
7269,7269,100,191887,0.0056,-2.200000000000003,112.40853881835938,184.11151123046875
7270,7270,100,191897,0.0056,-2.200000000000003,84.12141418457031,180.91954040527344
7271,7271,-10,191915,0.0056,-2.200000000000003,51.91816711425781,196.87063598632812
7272,7272,100,191916,0.0056,-2.200000000000003,105.34400939941406,199.29864501953125
7273,7273,-10,191935,0.0056,-2.200000000000003,83.97986602783203,178.16912841796875
7274,7274,100,191943,0.0056,-2.200000000000003,58.539825439453125,202.84927368164062
7275,7275,100,191956,0.0056,-2.200000000000003,59.26572799682617,197.21261596679688
7276,7276,-10,191974,0.0056,-2.200000000000003,84.10332489013672,178.57611083984375
7277,7277,-10,191993,0.0056,-2.200000000000003,133.34075927734375,197.29275512695312
7278,7278,-10,192012,0.0056,-2.200000000000003,85.11205291748047,181.9247283935547
7279,7279,-10,192030,0.0056,-2.200000000000003,55.587608337402344,186.7095947265625
7280,7280,-10,192049,0.0056,-2.200000000000003,32.2982292175293,196.49610900878906
7281,7281,-10,192070,0.0056,-2.200000000000003,74.06884765625,174.88461303710938
7282,7282,-10,192089,0.0056,-2.200000000000003,106.11482238769531,171.418212890625
7283,7283,-10,192108,0.0056,-2.200000000000003,93.9335708618164,184.80679321289062
7284,7284,-10,192127,0.0056,-2.200000000000003,101.26683807373047,198.72711181640625
7285,7285,-10,192145,0.0056,-2.200000000000003,76.33796691894531,170.11749267578125
7286,7286,-10,192163,0.0056,-2.200000000000003,52.64264678955078,188.1685028076172
7287,7287,100,192173,0.0056,-2.200000000000003,59.681732177734375,174.66351318359375
7288,7288,-10,192191,0.0056,-2.200000000000003,66.98396301269531,173.8819122314453
7289,7289,-10,192212,0.0056,-2.200000000000003,69.94720458984375,181.48602294921875
7290,7290,-10,192231,0.0056,-2.200000000000003,86.00146484375,196.69552612304688
7291,7291,100,192239,0.0056,-2.200000000000003,78.14762878417969,182.7965087890625
7292,7292,-10,192258,0.0056,-2.200000000000003,62.31529998779297,175.24647521972656
7293,7293,100,192259,0.0056,-2.200000000000003,55.561988830566406,189.39389038085938
7294,7294,100,192260,0.0056,-2.200000000000003,58.04712677001953,182.16336059570312
7295,7295,-10,192279,0.0056,-2.200000000000003,71.8721923828125,196.8641357421875
7296,7296,-10,192298,0.0056,-2.200000000000003,73.12581634521484,167.7506103515625
7297,7297,-10,192317,0.0056,-2.200000000000003,70.17432403564453,202.71633911132812
7298,7298,-10,192335,0.0056,-2.200000000000003,56.98479461669922,163.81613159179688
7299,7299,-10,192353,0.0056,-2.200000000000003,62.98644256591797,190.906005859375
7300,7300,-10,192371,0.0056,-2.200000000000003,69.366455078125,196.11129760742188
7301,7301,100,192390,0.002299999999999999,6.600000000000001,54.424617767333984,187.2993621826172
7302,7302,-10,192411,0.002299999999999999,6.600000000000001,74.86282348632812,173.4927978515625
7303,7303,100,192421,0.002299999999999999,6.600000000000001,54.940093994140625,189.7574462890625
7304,7304,-10,192439,0.002299999999999999,6.600000000000001,52.2188835144043,195.2432098388672
7305,7305,-10,192458,0.002299999999999999,6.600000000000001,81.8065185546875,163.08798217773438
7306,7306,100,192468,0.002299999999999999,6.600000000000001,53.092018127441406,192.31480407714844
7307,7307,-10,192486,0.002299999999999999,6.600000000000001,51.43346405029297,179.28366088867188
7308,7308,-10,192505,0.002299999999999999,6.600000000000001,68.9446792602539,191.2010498046875
7309,7309,-10,192523,0.002299999999999999,6.600000000000001,54.6322135925293,190.097900390625
7310,7310,-10,192541,0.002299999999999999,6.600000000000001,54.448219299316406,197.66793823242188
7311,7311,-10,192562,0.002299999999999999,6.600000000000001,79.58560180664062,187.13397216796875
7312,7312,-10,192580,0.002299999999999999,6.600000000000001,59.99713897705078,169.1682891845703
7313,7313,100,192584,0.002299999999999999,6.600000000000001,93.10212707519531,155.50741577148438
7314,7314,-10,192604,0.002299999999999999,6.600000000000001,59.81227493286133,192.92852783203125
7315,7315,-10,192622,0.002299999999999999,6.600000000000001,66.73001861572266,193.6183319091797
7316,7316,-10,192653,0.002299999999999999,6.600000000000001,70.55044555664062,196.92919921875
7317,7317,-10,192671,0.002299999999999999,6.600000000000001,55.02948760986328,191.57601928710938
7318,7318,-10,192690,0.002299999999999999,6.600000000000001,71.20492553710938,192.92803955078125
7319,7319,100,192709,0.002299999999999999,6.600000000000001,44.39393615722656,181.91632080078125
7320,7320,-10,192729,0.002299999999999999,6.600000000000001,51.195491790771484,184.689208984375
7321,7321,-10,192747,0.002299999999999999,6.600000000000001,74.18402099609375,182.35562133789062
7322,7322,-10,192768,0.002299999999999999,6.600000000000001,90.46527099609375,182.278076171875
7323,7323,100,192769,0.002299999999999999,6.600000000000001,53.21345520019531,174.73861694335938
7324,7324,100,192777,0.002299999999999999,6.600000000000001,96.86326599121094,201.8551483154297
7325,7325,-10,192795,0.002299999999999999,6.600000000000001,74.60099792480469,194.54339599609375
7326,7326,-10,192826,0.002299999999999999,6.600000000000001,55.991355895996094,223.52108764648438
7327,7327,100,192834,0.002299999999999999,6.600000000000001,335.6585693359375,197.6925048828125
7328,7328,-10,192859,0.002299999999999999,6.600000000000001,61.853572845458984,184.17349243164062
7329,7329,100,192869,0.002299999999999999,6.600000000000001,65.77619934082031,171.317626953125
7330,7330,-10,192897,0.002299999999999999,6.600000000000001,92.53315734863281,196.6487579345703
7331,7331,100,192907,0.002299999999999999,6.600000000000001,35.25105285644531,181.2716827392578
7332,7332,-10,192929,0.002299999999999999,6.600000000000001,60.08642578125,174.04409790039062
7333,7333,-10,192953,0.002299999999999999,6.600000000000001,46.17823791503906,205.12686157226562
7334,7334,-10,192973,0.002299999999999999,6.600000000000001,122.2113265991211,183.66610717773438
7335,7335,100,192981,0.002299999999999999,6.600000000000001,43.48468780517578,188.5490264892578
7336,7336,-10,193007,0.002299999999999999,6.600000000000001,56.407752990722656,208.33389282226562
7337,7337,-10,193028,0.002299999999999999,6.600000000000001,75.28018188476562,187.9814910888672
7338,7338,-10,193046,0.002299999999999999,6.600000000000001,50.50428009033203,178.23814392089844
7339,7339,-10,193072,0.002299999999999999,6.600000000000001,60.10121154785156,194.681884765625
7340,7340,100,193080,0.002299999999999999,6.600000000000001,90.00093078613281,170.06185913085938
7341,7341,-10,193105,0.002299999999999999,6.600000000000001,77.81539916992188,177.45016479492188
7342,7342,-10,193126,0.002299999999999999,6.600000000000001,73.69221496582031,202.7978057861328
7343,7343,-10,193147,0.002299999999999999,6.600000000000001,81.35401153564453,187.10089111328125
7344,7344,-10,193173,0.002299999999999999,6.600000000000001,64.301513671875,185.19821166992188
7345,7345,-10,193191,0.002299999999999999,6.600000000000001,87.37337493896484,186.8815460205078
7346,7346,100,193201,0.002299999999999999,6.600000000000001,59.52015686035156,204.0631103515625
7347,7347,-10,193220,0.002299999999999999,6.600000000000001,55.525211334228516,186.7857208251953
7348,7348,-10,193238,0.002299999999999999,6.600000000000001,78.39366149902344,189.99118041992188
7349,7349,-10,193260,0.002299999999999999,6.600000000000001,74.90079498291016,165.69732666015625
7350,7350,-10,193287,0.002299999999999999,6.600000000000001,43.824363708496094,186.44424438476562
7351,7351,100,193300,0.004499999999999999,-4.399999999999999,50.07651138305664,180.69268798828125
7352,7352,-10,193333,0.004499999999999999,-4.399999999999999,64.1778564453125,205.96884155273438
7353,7353,-10,193359,0.004499999999999999,-4.399999999999999,50.42885971069336,197.26930236816406
7354,7354,-10,193385,0.004499999999999999,-4.399999999999999,48.397850036621094,164.00567626953125
7355,7355,-10,193406,0.004499999999999999,-4.399999999999999,71.72383117675781,198.4995880126953
7356,7356,100,193414,0.004499999999999999,-4.399999999999999,72.84197998046875,173.061279296875
7357,7357,-10,193441,0.004499999999999999,-4.399999999999999,65.05229187011719,190.56808471679688
7358,7358,-10,193468,0.004499999999999999,-4.399999999999999,61.16305160522461,190.57443237304688
7359,7359,100,193476,0.004499999999999999,-4.399999999999999,49.12053298950195,178.70376586914062
7360,7360,-10,193499,0.004499999999999999,-4.399999999999999,115.51911926269531,190.64859008789062
7361,7361,-10,193527,0.004499999999999999,-4.399999999999999,64.744140625,184.68917846679688
7362,7362,100,193528,0.004499999999999999,-4.399999999999999,47.91326141357422,188.77548217773438
7363,7363,-10,193554,0.004499999999999999,-4.399999999999999,43.79727554321289,185.08023071289062
7364,7364,-10,193574,0.004499999999999999,-4.399999999999999,86.51095581054688,198.32635498046875
7365,7365,100,193582,0.004499999999999999,-4.399999999999999,48.40370559692383,187.58006286621094
7366,7366,-10,193603,0.004499999999999999,-4.399999999999999,59.85657501220703,168.50982666015625
7367,7367,100,193607,0.004499999999999999,-4.399999999999999,66.25933074951172,179.5565185546875
7368,7368,-10,193639,0.004499999999999999,-4.399999999999999,56.05839538574219,202.09461975097656
7369,7369,-10,193659,0.004499999999999999,-4.399999999999999,52.67148208618164,176.5541229248047
7370,7370,-10,193678,0.004499999999999999,-4.399999999999999,52.479705810546875,202.81173706054688
7371,7371,-10,193697,0.004499999999999999,-4.399999999999999,73.51529693603516,194.76919555664062
7372,7372,100,193705,0.004499999999999999,-4.399999999999999,102.25607299804688,166.88819885253906
7373,7373,-10,193729,0.004499999999999999,-4.399999999999999,68.67484283447266,186.69090270996094
7374,7374,-10,193759,0.004499999999999999,-4.399999999999999,57.331356048583984,181.03921508789062
7375,7375,-10,193782,0.004499999999999999,-4.399999999999999,65.76280212402344,179.75900268554688
7376,7376,-10,193810,0.004499999999999999,-4.399999999999999,56.82272720336914,179.84530639648438
7377,7377,100,193829,0.004499999999999999,-4.399999999999999,43.68169403076172,180.37974548339844
7378,7378,-10,193854,0.004499999999999999,-4.399999999999999,64.12627410888672,187.39837646484375
7379,7379,-10,193874,0.004499999999999999,-4.399999999999999,55.15550231933594,175.24771118164062
7380,7380,100,193875,0.004499999999999999,-4.399999999999999,76.27864074707031,170.8707275390625
7381,7381,-10,193896,0.004499999999999999,-4.399999999999999,164.88600158691406,161.873779296875
7382,7382,100,193910,0.004499999999999999,-4.399999999999999,68.32228088378906,211.36184692382812
7383,7383,100,193929,0.004499999999999999,-4.399999999999999,54.435401916503906,169.83261108398438
7384,7384,100,193948,0.004499999999999999,-4.399999999999999,36.94487762451172,202.16958618164062
7385,7385,-10,193971,0.004499999999999999,-4.399999999999999,54.92056655883789,182.34677124023438
7386,7386,-10,193992,0.004499999999999999,-4.399999999999999,67.62092590332031,180.46795654296875
7387,7387,-10,194015,0.004499999999999999,-4.399999999999999,66.90576171875,169.0428466796875
7388,7388,-10,194037,0.004499999999999999,-4.399999999999999,66.07943725585938,190.73805236816406
7389,7389,100,194050,0.004499999999999999,-4.399999999999999,32.660125732421875,196.3885955810547
7390,7390,-10,194080,0.004499999999999999,-4.399999999999999,45.68553161621094,176.44595336914062
7391,7391,-10,194106,0.004499999999999999,-4.399999999999999,30.887365341186523,186.6547088623047
7392,7392,-10,194124,0.004499999999999999,-4.399999999999999,82.73985290527344,163.57916259765625
7393,7393,-10,194148,0.004499999999999999,-4.399999999999999,42.961219787597656,180.857177734375
7394,7394,-10,194167,0.004499999999999999,-4.399999999999999,60.295928955078125,181.52206420898438
7395,7395,100,194186,0.004499999999999999,-4.399999999999999,52.45927429199219,178.0523681640625
7396,7396,-10,194208,0.004499999999999999,-4.399999999999999,51.89466857910156,184.35372924804688
7397,7397,-10,194231,0.004499999999999999,-4.399999999999999,47.996429443359375,194.13369750976562
7398,7398,-10,194257,0.004499999999999999,-4.399999999999999,55.70684814453125,196.75181579589844
7399,7399,-10,194281,0.004499999999999999,-4.399999999999999,52.16974639892578,189.9221649169922
7400,7400,-10,194304,0.004499999999999999,-4.399999999999999,90.74214172363281,179.28648376464844
7401,7401,-10,194324,0.0033999999999999994,2.1999999999999993,49.92938995361328,178.56752014160156
7402,7402,100,194325,0.0033999999999999994,2.1999999999999993,71.95054626464844,179.9569549560547
7403,7403,-10,194348,0.0033999999999999994,2.1999999999999993,82.26705169677734,182.949951171875
7404,7404,-10,194370,0.0033999999999999994,2.1999999999999993,41.61064910888672,178.5367431640625
7405,7405,100,194389,0.0033999999999999994,2.1999999999999993,38.441795349121094,189.2417755126953
7406,7406,-10,194412,0.0033999999999999994,2.1999999999999993,68.17343139648438,186.57113647460938
7407,7407,-10,194437,0.0033999999999999994,2.1999999999999993,48.34612274169922,183.07862854003906
7408,7408,-10,194458,0.0033999999999999994,2.1999999999999993,66.48828125,180.55438232421875
7409,7409,-10,194482,0.0033999999999999994,2.1999999999999993,78.89411926269531,177.40870666503906
7410,7410,-10,194502,0.0033999999999999994,2.1999999999999993,35.771766662597656,195.3057098388672
7411,7411,100,194521,0.0033999999999999994,2.1999999999999993,43.19236755371094,163.50070190429688
7412,7412,-10,194544,0.0033999999999999994,2.1999999999999993,69.32858276367188,174.06761169433594
7413,7413,100,194545,0.0033999999999999994,2.1999999999999993,41.697906494140625,186.16433715820312
7414,7414,-10,194569,0.0033999999999999994,2.1999999999999993,70.88005065917969,181.9770050048828
7415,7415,100,194588,0.0033999999999999994,2.1999999999999993,39.77967834472656,202.14138793945312
7416,7416,-10,194610,0.0033999999999999994,2.1999999999999993,79.76488494873047,184.861083984375
7417,7417,-10,194635,0.0033999999999999994,2.1999999999999993,46.131805419921875,195.77838134765625
7418,7418,-10,194657,0.0033999999999999994,2.1999999999999993,48.329566955566406,174.11643981933594
7419,7419,-10,194682,0.0033999999999999994,2.1999999999999993,79.34307098388672,182.77857971191406
7420,7420,-10,194707,0.0033999999999999994,2.1999999999999993,54.20377731323242,197.1731414794922
7421,7421,100,194721,0.0033999999999999994,2.1999999999999993,76.44331359863281,165.62744140625
7422,7422,100,194726,0.0033999999999999994,2.1999999999999993,93.81736755371094,172.9381103515625
7423,7423,-10,194750,0.0033999999999999994,2.1999999999999993,103.43124389648438,164.99847412109375
7424,7424,-10,194775,0.0033999999999999994,2.1999999999999993,52.10515213012695,169.80978393554688
7425,7425,-10,194806,0.0033999999999999994,2.1999999999999993,52.41749572753906,176.56504821777344
7426,7426,-10,194833,0.0033999999999999994,2.1999999999999993,40.893699645996094,170.43304443359375
7427,7427,100,194852,0.0033999999999999994,2.1999999999999993,39.27889633178711,186.87265014648438
7428,7428,-10,194885,0.0033999999999999994,2.1999999999999993,56.970489501953125,189.12742614746094
7429,7429,-10,194907,0.0033999999999999994,2.1999999999999993,52.614768981933594,167.87083435058594
7430,7430,-10,194930,0.0033999999999999994,2.1999999999999993,40.61075210571289,166.18251037597656
7431,7431,-10,194950,0.0033999999999999994,2.1999999999999993,68.87281799316406,170.13601684570312
7432,7432,100,194960,0.0033999999999999994,2.1999999999999993,51.909488677978516,178.17620849609375
7433,7433,-10,194982,0.0033999999999999994,2.1999999999999993,43.66692352294922,172.8815460205078
7434,7434,-10,195000,0.0033999999999999994,2.1999999999999993,35.494407653808594,184.65460205078125
7435,7435,-10,195019,0.0033999999999999994,2.1999999999999993,50.01776885986328,161.58551025390625
7436,7436,100,195020,0.0033999999999999994,2.1999999999999993,62.336448669433594,171.67654418945312
7437,7437,100,195039,0.0033999999999999994,2.1999999999999993,76.66777801513672,170.068603515625
7438,7438,-10,195061,0.0033999999999999994,2.1999999999999993,64.28142547607422,193.79234313964844
7439,7439,-10,195087,0.0033999999999999994,2.1999999999999993,90.09619140625,159.8304901123047
7440,7440,-10,195109,0.0033999999999999994,2.1999999999999993,126.35264587402344,178.62655639648438
7441,7441,-10,195130,0.0033999999999999994,2.1999999999999993,46.95637512207031,168.92984008789062
7442,7442,100,195131,0.0033999999999999994,2.1999999999999993,50.12234115600586,182.58779907226562
7443,7443,100,195145,0.0033999999999999994,2.1999999999999993,61.00779724121094,161.549072265625
7444,7444,-10,195164,0.0033999999999999994,2.1999999999999993,36.46075439453125,180.18142700195312
7445,7445,100,195184,0.0033999999999999994,2.1999999999999993,39.87598419189453,185.18295288085938
7446,7446,100,195203,0.0033999999999999994,2.1999999999999993,45.988006591796875,180.28671264648438
7447,7447,-10,195221,0.0033999999999999994,2.1999999999999993,46.03838348388672,173.62893676757812
7448,7448,-10,195239,0.0033999999999999994,2.1999999999999993,61.125850677490234,183.09918212890625
7449,7449,-10,195258,0.0033999999999999994,2.1999999999999993,48.093536376953125,179.27056884765625
7450,7450,-10,195279,0.0033999999999999994,2.1999999999999993,35.834964752197266,183.17005920410156
7451,7451,-10,195308,0.0023,2.1999999999999993,74.44747161865234,182.61373901367188
7452,7452,-10,195326,0.0023,2.1999999999999993,57.746131896972656,191.3808135986328
7453,7453,100,195345,0.0023,2.1999999999999993,60.9883918762207,163.66322326660156
7454,7454,-10,195365,0.0023,2.1999999999999993,66.64839935302734,165.38815307617188
7455,7455,100,195370,0.0023,2.1999999999999993,67.98252868652344,180.59146118164062
7456,7456,100,195391,0.0023,2.1999999999999993,30.63059425354004,174.72930908203125
7457,7457,-10,195415,0.0023,2.1999999999999993,42.886619567871094,176.87933349609375
7458,7458,100,195416,0.0023,2.1999999999999993,36.2425537109375,167.20034790039062
7459,7459,-10,195435,0.0023,2.1999999999999993,39.58049774169922,182.45188903808594
7460,7460,-10,195457,0.0023,2.1999999999999993,54.270538330078125,183.392333984375
7461,7461,-10,195483,0.0023,2.1999999999999993,39.845848083496094,168.7315673828125
7462,7462,-10,195506,0.0023,2.1999999999999993,56.055702209472656,172.07566833496094
7463,7463,-10,195547,0.0023,2.1999999999999993,44.52098083496094,187.54489135742188
7464,7464,-10,195574,0.0023,2.1999999999999993,89.08238220214844,181.67156982421875
7465,7465,-10,195597,0.0023,2.1999999999999993,64.95030212402344,161.58531188964844
7466,7466,100,195616,0.0023,2.1999999999999993,67.7974853515625,176.65982055664062
7467,7467,100,195636,0.0023,2.1999999999999993,40.96968460083008,189.89923095703125
7468,7468,-10,195663,0.0023,2.1999999999999993,66.74618530273438,160.25115966796875
7469,7469,100,195682,0.0023,2.1999999999999993,50.22124481201172,181.68865966796875
7470,7470,-10,195703,0.0023,2.1999999999999993,60.836822509765625,156.2919921875
7471,7471,-10,195721,0.0023,2.1999999999999993,54.554691314697266,192.19497680664062
7472,7472,-10,195743,0.0023,2.1999999999999993,53.38850784301758,178.68807983398438
7473,7473,-10,195763,0.0023,2.1999999999999993,39.93547439575195,181.9012908935547
7474,7474,-10,195784,0.0023,2.1999999999999993,53.58634948730469,179.7509002685547
7475,7475,-10,195808,0.0023,2.1999999999999993,55.483768463134766,186.34579467773438
7476,7476,-10,195844,0.0023,2.1999999999999993,64.98532104492188,183.4979248046875
7477,7477,-10,195875,0.0023,2.1999999999999993,33.23305130004883,183.580078125
7478,7478,-10,195923,0.0023,2.1999999999999993,62.1582145690918,163.27838134765625
7479,7479,-10,195941,0.0023,2.1999999999999993,38.46905517578125,176.97889709472656
7480,7480,100,195961,0.0023,2.1999999999999993,52.696044921875,167.24899291992188
7481,7481,-10,195986,0.0023,2.1999999999999993,58.41648864746094,167.9174346923828
7482,7482,100,195994,0.0023,2.1999999999999993,32.64519500732422,174.419189453125
7483,7483,100,195995,0.0023,2.1999999999999993,41.70207214355469,184.86569213867188
7484,7484,100,196014,0.0023,2.1999999999999993,43.87092208862305,164.7629852294922
7485,7485,-10,196052,0.0023,2.1999999999999993,39.2734260559082,182.222900390625
7486,7486,-10,196085,0.0023,2.1999999999999993,53.07420349121094,158.8819580078125
7487,7487,100,196093,0.0023,2.1999999999999993,55.23418045043945,178.35690307617188
7488,7488,100,196101,0.0023,2.1999999999999993,45.711429595947266,167.84689331054688
7489,7489,-10,196122,0.0023,2.1999999999999993,45.894737243652344,171.16070556640625
7490,7490,-10,196143,0.0023,2.1999999999999993,41.797760009765625,173.56375122070312
7491,7491,-10,196164,0.0023,2.1999999999999993,41.1928596496582,186.7617645263672
7492,7492,-10,196184,0.0023,2.1999999999999993,55.97112274169922,173.85577392578125
7493,7493,-10,196218,0.0023,2.1999999999999993,36.059043884277344,176.94284057617188
7494,7494,-10,196244,0.0023,2.1999999999999993,41.83114242553711,197.78541564941406
7495,7495,-10,196287,0.0023,2.1999999999999993,162.04574584960938,166.19725036621094
7496,7496,-10,196308,0.0023,2.1999999999999993,45.57609558105469,172.0814971923828
7497,7497,-10,196329,0.0023,2.1999999999999993,34.07978057861328,174.7615966796875
7498,7498,100,196348,0.0023,2.1999999999999993,47.0081901550293,157.7783660888672
7499,7499,-10,196368,0.0023,2.1999999999999993,52.04111099243164,174.91082763671875
7500,7500,-10,196485,0.0003,2.1999999999999993,0.0,0.0
7501,7501,-10,196538,0.0003,2.1999999999999993,236.96694946289062,107.10042572021484
7502,7502,-10,196566,0.0003,2.1999999999999993,171.02076721191406,102.70613861083984
7503,7503,-10,196655,0.0003,2.1999999999999993,295.20245361328125,120.21978759765625
7504,7504,100,196681,0.0003,2.1999999999999993,513.6917724609375,119.75044250488281
7505,7505,-10,197181,0.0003,2.1999999999999993,122.05492401123047,102.53746795654297
7506,7506,100,197407,0.0003,2.1999999999999993,106.32876586914062,103.7307357788086
7507,7507,100,197508,0.0003,2.1999999999999993,101.52447509765625,106.68486785888672
7508,7508,100,197532,0.0003,2.1999999999999993,58.938690185546875,95.6124267578125
7509,7509,100,197555,0.0003,2.1999999999999993,98.58853912353516,97.6311264038086
7510,7510,-10,197667,0.0003,2.1999999999999993,128.60302734375,102.69601440429688
7511,7511,-10,197695,0.0003,2.1999999999999993,100.76554870605469,112.34809112548828
7512,7512,100,197709,0.0003,2.1999999999999993,68.78631591796875,107.24456787109375
7513,7513,-10,197751,0.0003,2.1999999999999993,95.06887817382812,106.33203887939453
7514,7514,-10,197792,0.0003,2.1999999999999993,330.54864501953125,111.23011779785156
7515,7515,-10,197909,0.0003,2.1999999999999993,78.28678131103516,108.7569351196289
7516,7516,-10,197937,0.0003,2.1999999999999993,197.49310302734375,116.84117126464844
7517,7517,-10,198098,0.0003,2.1999999999999993,98.50357055664062,115.27633666992188
7518,7518,-10,198129,0.0003,2.1999999999999993,71.88710021972656,109.03437805175781
7519,7519,-10,198169,0.0003,2.1999999999999993,154.88848876953125,120.20109558105469
7520,7520,100,198243,0.0003,2.1999999999999993,81.01686096191406,123.57386779785156
7521,7521,-10,198271,0.0003,2.1999999999999993,77.60630798339844,124.13818359375
7522,7522,100,198277,0.0003,2.1999999999999993,92.31045532226562,122.52088928222656
7523,7523,-10,198319,0.0003,2.1999999999999993,288.80364990234375,126.4404067993164
7524,7524,100,198408,0.0003,2.1999999999999993,73.53330993652344,121.75079345703125
7525,7525,100,198507,0.0003,2.1999999999999993,126.1470947265625,112.23532104492188
7526,7526,100,198543,0.0003,2.1999999999999993,294.07037353515625,127.973388671875
7527,7527,100,198568,0.0003,2.1999999999999993,414.68792724609375,121.47576904296875
7528,7528,-10,198614,0.0003,2.1999999999999993,228.39779663085938,124.86050415039062
7529,7529,100,198653,0.0003,2.1999999999999993,200.3890380859375,121.06771087646484
7530,7530,-10,198692,0.0003,2.1999999999999993,60.410797119140625,134.64999389648438
7531,7531,-10,198718,0.0003,2.1999999999999993,228.1717529296875,126.23011779785156
7532,7532,100,198747,0.0003,2.1999999999999993,107.78253173828125,125.42578887939453
7533,7533,100,198753,0.0003,2.1999999999999993,198.93014526367188,126.66192626953125
7534,7534,100,198772,0.0003,2.1999999999999993,94.24307250976562,119.89511108398438
7535,7535,-10,198801,0.0003,2.1999999999999993,61.986061096191406,133.16787719726562
7536,7536,-10,198829,0.0003,2.1999999999999993,275.7790832519531,129.06089782714844
7537,7537,-10,198859,0.0003,2.1999999999999993,175.79183959960938,123.75003051757812
7538,7538,100,198899,0.0003,2.1999999999999993,134.85934448242188,119.39608764648438
7539,7539,100,198978,0.0003,2.1999999999999993,80.0262451171875,129.21751403808594
7540,7540,100,199000,0.0003,2.1999999999999993,129.79452514648438,138.18934631347656
7541,7541,100,199035,0.0003,2.1999999999999993,96.49751281738281,140.79360961914062
7542,7542,100,199061,0.0003,2.1999999999999993,137.0779571533203,126.64678192138672
7543,7543,-10,199092,0.0003,2.1999999999999993,129.54583740234375,127.44010925292969
7544,7544,100,199098,0.0003,2.1999999999999993,156.509033203125,134.78921508789062
7545,7545,-10,199132,0.0003,2.1999999999999993,120.2764892578125,134.49887084960938
7546,7546,-10,199160,0.0003,2.1999999999999993,345.3201599121094,131.477294921875
7547,7547,100,199192,0.0003,2.1999999999999993,91.20906829833984,129.9249267578125
7548,7548,-10,199226,0.0003,2.1999999999999993,450.9967041015625,133.65843200683594
7549,7549,-10,199262,0.0003,2.1999999999999993,276.66571044921875,135.9864044189453
7550,7550,-10,199294,0.0003,2.1999999999999993,505.97796630859375,134.96910095214844
7551,7551,100,199374,0.0001,19.8,205.87179565429688,136.23114013671875
7552,7552,-10,199404,0.0001,19.8,142.38125610351562,138.8759002685547
7553,7553,-10,199435,0.0001,19.8,309.6917419433594,147.70664978027344
7554,7554,-10,199469,0.0001,19.8,72.511962890625,145.46548461914062
7555,7555,-10,199502,0.0001,19.8,401.0968322753906,146.85272216796875
7556,7556,-10,199543,0.0001,19.8,79.31053924560547,148.6368408203125
7557,7557,100,199583,0.0001,19.8,113.20069885253906,145.8056640625
7558,7558,-10,199615,0.0001,19.8,112.54304504394531,143.18408203125
7559,7559,-10,199647,0.0001,19.8,234.5316619873047,131.79830932617188
7560,7560,-10,199675,0.0001,19.8,143.1710968017578,139.9864044189453
7561,7561,-10,199703,0.0001,19.8,205.3013153076172,146.18698120117188
7562,7562,-10,199732,0.0001,19.8,153.44142150878906,142.07704162597656
7563,7563,-10,199846,0.0001,19.8,271.8525390625,155.76766967773438
7564,7564,-10,199878,0.0001,19.8,482.1465759277344,156.67596435546875
7565,7565,100,199904,0.0001,19.8,680.8114013671875,153.74859619140625
7566,7566,-10,199936,0.0001,19.8,242.53268432617188,160.56727600097656
7567,7567,-10,199965,0.0001,19.8,147.07669067382812,142.37344360351562
7568,7568,-10,199996,0.0001,19.8,194.54562377929688,155.5902099609375
7569,7569,-10,200024,0.0001,19.8,208.86190795898438,155.05099487304688
7570,7570,100,200110,0.0001,19.8,178.45123291015625,157.50228881835938
7571,7571,100,200203,0.0001,19.8,130.81417846679688,159.27774047851562
7572,7572,-10,200236,0.0001,19.8,358.610107421875,159.64096069335938
7573,7573,100,200242,0.0001,19.8,74.22029113769531,165.67535400390625
7574,7574,-10,200270,0.0001,19.8,685.0533447265625,158.99826049804688
7575,7575,-10,200301,0.0001,19.8,216.71246337890625,163.11976623535156
7576,7576,-10,200338,0.0001,19.8,142.99868774414062,172.6127166748047
7577,7577,-10,200367,0.0001,19.8,179.99636840820312,173.23211669921875
7578,7578,-10,200400,0.0001,19.8,440.2251281738281,164.25924682617188
7579,7579,100,200426,0.0001,19.8,400.70489501953125,161.17337036132812
7580,7580,-10,200455,0.0001,19.8,242.15847778320312,163.76226806640625
7581,7581,-10,200616,0.0001,19.8,209.2686767578125,170.5570068359375
7582,7582,100,200674,0.0001,19.8,224.23049926757812,169.4581298828125
7583,7583,-10,200702,0.0001,19.8,78.34693145751953,173.03176879882812
7584,7584,100,200717,0.0001,19.8,266.391357421875,174.85470581054688
7585,7585,-10,200833,0.0001,19.8,237.10748291015625,179.44866943359375
7586,7586,-10,200881,0.0001,19.8,378.90277099609375,182.41131591796875
7587,7587,100,200915,0.0001,19.8,108.28782653808594,171.2799835205078
7588,7588,100,200971,0.0001,19.8,369.8974609375,168.42037963867188
7589,7589,-10,200998,0.0001,19.8,178.77993774414062,163.02957153320312
7590,7590,100,201025,0.0001,19.8,621.3287963867188,183.40243530273438
7591,7591,100,201061,0.0001,19.8,424.43988037109375,181.6610107421875
7592,7592,100,201075,0.0001,19.8,138.5506591796875,167.64248657226562
7593,7593,-10,201104,0.0001,19.8,127.03949737548828,171.8787078857422
7594,7594,-10,201141,0.0001,19.8,322.71051025390625,184.0458984375
7595,7595,-10,201169,0.0001,19.8,230.44381713867188,182.95379638671875
7596,7596,-10,201204,0.0001,19.8,180.40817260742188,176.28643798828125
7597,7597,-10,201237,0.0001,19.8,282.5975646972656,184.29205322265625
7598,7598,-10,201266,0.0001,19.8,69.90384674072266,190.4602508544922
7599,7599,-10,201294,0.0001,19.8,333.11822509765625,177.27923583984375
7600,7600,-10,201326,0.0001,19.8,84.22203063964844,182.63577270507812
7601,7601,100,201340,0.01,-19.8,445.1495666503906,184.64352416992188
7602,7602,-10,201369,0.01,-19.8,131.5225372314453,190.36831665039062
7603,7603,-10,201397,0.01,-19.8,212.868896484375,191.33236694335938
7604,7604,-10,201483,0.01,-19.8,112.3132095336914,188.14889526367188
7605,7605,-10,201512,0.01,-19.8,301.35601806640625,181.31146240234375
7606,7606,-10,201536,0.01,-19.8,130.5446014404297,180.43246459960938
7607,7607,100,201588,0.01,-19.8,284.1735534667969,199.26885986328125
7608,7608,100,201605,0.01,-19.8,188.2503204345703,187.05307006835938
7609,7609,-10,201634,0.01,-19.8,565.6224365234375,184.64552307128906
7610,7610,100,201659,0.01,-19.8,394.966552734375,180.688720703125
7611,7611,100,201693,0.01,-19.8,490.34344482421875,195.9134063720703
7612,7612,-10,201732,0.01,-19.8,342.30126953125,201.51492309570312
7613,7613,100,201756,0.01,-19.8,178.16534423828125,180.92141723632812
7614,7614,100,201781,0.01,-19.8,283.1575622558594,193.92132568359375
7615,7615,-10,201877,0.01,-19.8,317.0258483886719,182.13771057128906
7616,7616,100,201937,0.01,-19.8,371.5419616699219,179.06983947753906
7617,7617,100,201962,0.01,-19.8,436.64794921875,185.7938232421875
7618,7618,-10,202002,0.01,-19.8,181.1552276611328,180.6473846435547
7619,7619,-10,202029,0.01,-19.8,303.85894775390625,187.25146484375
7620,7620,-10,202057,0.01,-19.8,333.58416748046875,175.6935272216797
7621,7621,-10,202077,0.01,-19.8,142.83090209960938,201.06927490234375
7622,7622,100,202106,0.01,-19.8,312.7298583984375,184.7292022705078
7623,7623,-10,202147,0.01,-19.8,191.78314208984375,187.58749389648438
7624,7624,-10,202183,0.01,-19.8,260.58001708984375,188.12069702148438
7625,7625,-10,202226,0.01,-19.8,286.52227783203125,203.0751495361328
7626,7626,-10,202265,0.01,-19.8,663.428466796875,188.33755493164062
7627,7627,-10,202295,0.01,-19.8,99.76290893554688,198.01052856445312
7628,7628,-10,202328,0.01,-19.8,219.17079162597656,188.87738037109375
7629,7629,-10,202358,0.01,-19.8,204.39283752441406,199.44992065429688
7630,7630,100,202375,0.01,-19.8,91.56837463378906,195.304931640625
7631,7631,-10,202411,0.01,-19.8,436.90155029296875,181.06800842285156
7632,7632,-10,202450,0.01,-19.8,125.07302856445312,193.08865356445312
7633,7633,-10,202480,0.01,-19.8,208.55259704589844,205.83737182617188
7634,7634,-10,202509,0.01,-19.8,121.40380096435547,195.25624084472656
7635,7635,-10,202546,0.01,-19.8,435.0772705078125,195.65469360351562
7636,7636,-10,202576,0.01,-19.8,137.1457061767578,203.7301483154297
7637,7637,-10,202667,0.01,-19.8,278.4635314941406,181.5684814453125
7638,7638,-10,202688,0.01,-19.8,154.5322265625,197.59136962890625
7639,7639,-10,202721,0.01,-19.8,153.84375,188.45384216308594
7640,7640,-10,202812,0.01,-19.8,163.16305541992188,195.47755432128906
7641,7641,100,202818,0.01,-19.8,258.0777587890625,190.5599365234375
7642,7642,-10,202849,0.01,-19.8,211.4805450439453,194.42788696289062
7643,7643,-10,202876,0.01,-19.8,227.266357421875,184.8303680419922
7644,7644,-10,202970,0.01,-19.8,492.2090148925781,203.57040405273438
7645,7645,-10,203004,0.01,-19.8,286.822998046875,197.38949584960938
7646,7646,-10,203024,0.01,-19.8,510.1339416503906,184.5924835205078
7647,7647,100,203056,0.01,-19.8,212.49624633789062,176.9223175048828
7648,7648,-10,203094,0.01,-19.8,335.9498291015625,196.21328735351562
7649,7649,-10,203130,0.01,-19.8,611.4465942382812,198.04156494140625
7650,7650,100,203138,0.01,-19.8,216.47952270507812,194.82757568359375
7651,7651,100,203171,0.01,0.0,262.37799072265625,194.538330078125
7652,7652,-10,203215,0.01,0.0,155.98898315429688,206.82168579101562
7653,7653,-10,203236,0.01,0.0,211.83485412597656,204.474609375
7654,7654,-10,203273,0.01,0.0,234.31057739257812,184.51698303222656
7655,7655,-10,203303,0.01,0.0,158.9046173095703,182.79745483398438
7656,7656,-10,203333,0.01,0.0,255.0987548828125,186.38897705078125
7657,7657,100,203341,0.01,0.0,196.54507446289062,189.57725524902344
7658,7658,-10,203370,0.01,0.0,121.53564453125,187.02777099609375
7659,7659,-10,203393,0.01,0.0,227.24215698242188,196.9329833984375
7660,7660,-10,203424,0.01,0.0,141.2350616455078,188.67138671875
7661,7661,-10,203457,0.01,0.0,444.8752136230469,202.11874389648438
7662,7662,100,203484,0.01,0.0,222.639892578125,184.7024383544922
7663,7663,100,203512,0.01,0.0,165.429931640625,213.3990020751953
7664,7664,100,203544,0.01,0.0,289.68353271484375,194.53512573242188
7665,7665,-10,203579,0.01,0.0,459.271484375,194.9661865234375
7666,7666,-10,203597,0.01,0.0,286.17913818359375,197.5491485595703
7667,7667,-10,203621,0.01,0.0,92.32307434082031,174.3480987548828
7668,7668,-10,203648,0.01,0.0,107.8847885131836,186.02792358398438
7669,7669,-10,203684,0.01,0.0,265.9273681640625,186.66473388671875
7670,7670,100,203699,0.01,0.0,187.06024169921875,192.2440643310547
7671,7671,-10,203728,0.01,0.0,141.25216674804688,181.3203582763672
7672,7672,-10,203761,0.01,0.0,116.10929870605469,198.9428253173828
7673,7673,100,203788,0.01,0.0,222.8399658203125,195.18898010253906
7674,7674,-10,203831,0.01,0.0,191.91368103027344,188.91151428222656
7675,7675,-10,203859,0.01,0.0,139.25857543945312,210.00277709960938
7676,7676,100,203878,0.01,0.0,144.61119079589844,188.11343383789062
7677,7677,-10,203906,0.01,0.0,120.34370422363281,189.28692626953125
7678,7678,100,203922,0.01,0.0,243.44378662109375,201.02041625976562
7679,7679,-10,203947,0.01,0.0,249.4223175048828,188.424072265625
7680,7680,-10,203987,0.01,0.0,301.0469970703125,196.21533203125
7681,7681,-10,204014,0.01,0.0,277.408935546875,189.90638732910156
7682,7682,-10,204045,0.01,0.0,145.6807861328125,198.29051208496094
7683,7683,-10,204073,0.01,0.0,276.13983154296875,194.5185546875
7684,7684,-10,204111,0.01,0.0,235.88919067382812,193.1914520263672
7685,7685,100,204146,0.01,0.0,175.88558959960938,176.94467163085938
7686,7686,100,204165,0.01,0.0,332.2242736816406,185.3900146484375
7687,7687,-10,204198,0.01,0.0,323.74713134765625,195.6384735107422
7688,7688,100,204221,0.01,0.0,350.36383056640625,194.84674072265625
7689,7689,100,204235,0.01,0.0,213.9720458984375,204.79830932617188
7690,7690,100,204258,0.01,0.0,413.69708251953125,190.966064453125
7691,7691,-10,204278,0.01,0.0,433.403076171875,193.26763916015625
7692,7692,-10,204312,0.01,0.0,142.95225524902344,199.72569274902344
7693,7693,-10,204350,0.01,0.0,96.98001098632812,196.75778198242188
7694,7694,-10,204377,0.01,0.0,284.5218505859375,202.41305541992188
7695,7695,-10,204409,0.01,0.0,188.7947998046875,183.48098754882812
7696,7696,-10,204432,0.01,0.0,217.19085693359375,195.28106689453125
7697,7697,-10,204460,0.01,0.0,392.70794677734375,190.86624145507812
7698,7698,-10,204480,0.01,0.0,342.77825927734375,200.86492919921875
7699,7699,-10,204509,0.01,0.0,89.86134338378906,198.42001342773438
7700,7700,-10,204530,0.01,0.0,314.6477355957031,184.9313201904297
7701,7701,-10,204565,0.01,0.0,614.4940795898438,170.05320739746094
7702,7702,-10,204599,0.01,0.0,296.9677429199219,203.2010498046875
7703,7703,-10,204623,0.01,0.0,327.9462890625,182.8878631591797
7704,7704,100,204641,0.01,0.0,226.4957733154297,196.57643127441406
7705,7705,100,204658,0.01,0.0,88.5929946899414,188.7526092529297
7706,7706,100,204677,0.01,0.0,225.66937255859375,208.51243591308594
7707,7707,-10,204704,0.01,0.0,117.79399871826172,198.62033081054688
7708,7708,-10,204725,0.01,0.0,131.92770385742188,202.54420471191406
7709,7709,-10,204749,0.01,0.0,298.2329406738281,170.55477905273438
7710,7710,100,204780,0.01,0.0,413.7305908203125,179.3876495361328
7711,7711,100,204787,0.01,0.0,81.17163848876953,209.97059631347656
7712,7712,-10,204813,0.01,0.0,198.01657104492188,202.937255859375
7713,7713,-10,204837,0.01,0.0,134.90536499023438,199.5651397705078
7714,7714,-10,204873,0.01,0.0,212.5638427734375,203.00006103515625
7715,7715,-10,204893,0.01,0.0,175.6063690185547,200.72714233398438
7716,7716,-10,204920,0.01,0.0,150.33116149902344,192.834228515625
7717,7717,-10,204943,0.01,0.0,155.3024139404297,194.33447265625
7718,7718,-10,204959,0.01,0.0,206.57037353515625,174.3172607421875
7719,7719,100,204987,0.01,0.0,279.2486572265625,190.3643341064453
7720,7720,-10,205014,0.01,0.0,282.1270446777344,181.70526123046875
7721,7721,-10,205043,0.01,0.0,114.46143341064453,197.61424255371094
7722,7722,-10,205064,0.01,0.0,486.836181640625,192.55087280273438
7723,7723,100,205072,0.01,0.0,270.701416015625,201.8154754638672
7724,7724,-10,205091,0.01,0.0,145.1328887939453,186.0138702392578
7725,7725,-10,205119,0.01,0.0,134.71725463867188,207.39993286132812
7726,7726,-10,205138,0.01,0.0,152.42999267578125,201.21612548828125
7727,7727,-10,205157,0.01,0.0,228.3253173828125,210.27903747558594
7728,7728,-10,205188,0.01,0.0,211.09515380859375,184.11862182617188
7729,7729,-10,205210,0.01,0.0,266.309326171875,193.85337829589844
7730,7730,-10,205229,0.01,0.0,235.93434143066406,197.74876403808594
7731,7731,-10,205249,0.01,0.0,151.35171508789062,190.08248901367188
7732,7732,-10,205267,0.01,0.0,644.1463012695312,178.25076293945312
7733,7733,-10,205291,0.01,0.0,292.670166015625,183.30813598632812
7734,7734,-10,205317,0.01,0.0,210.99923706054688,200.37648010253906
7735,7735,-10,205341,0.01,0.0,125.5579833984375,194.7901153564453
7736,7736,-10,205371,0.01,0.0,342.51043701171875,191.93856811523438
7737,7737,-10,205401,0.01,0.0,98.91287231445312,181.522705078125
7738,7738,-10,205425,0.01,0.0,162.3609619140625,187.214111328125
7739,7739,-10,205443,0.01,0.0,140.95277404785156,194.6096649169922
7740,7740,-10,205459,0.01,0.0,290.36187744140625,197.47216796875
7741,7741,-10,205476,0.01,0.0,152.3207244873047,195.23355102539062
7742,7742,-10,205500,0.01,0.0,136.6369171142578,213.38064575195312
7743,7743,100,205508,0.01,0.0,178.04920959472656,192.05557250976562
7744,7744,-10,205530,0.01,0.0,231.40411376953125,185.4046173095703
7745,7745,-10,205548,0.01,0.0,160.04959106445312,177.72564697265625
7746,7746,-10,205567,0.01,0.0,201.49114990234375,199.66867065429688
7747,7747,-10,205602,0.01,0.0,130.07138061523438,185.75125122070312
7748,7748,-10,205623,0.01,0.0,85.04452514648438,203.38894653320312
7749,7749,-10,205653,0.01,0.0,112.07710266113281,179.58407592773438
7750,7750,-10,205682,0.01,0.0,551.8591918945312,190.14794921875
7751,7751,-10,205708,0.01,-13.200000000000001,99.099609375,198.11929321289062
7752,7752,-10,205735,0.01,-13.200000000000001,120.5047607421875,199.70870971679688
7753,7753,-10,205762,0.01,-13.200000000000001,521.1378784179688,187.91543579101562
7754,7754,-10,205785,0.01,-13.200000000000001,277.6181640625,177.29322814941406
7755,7755,-10,205816,0.01,-13.200000000000001,160.0003204345703,206.78732299804688
7756,7756,100,205824,0.01,-13.200000000000001,111.34625244140625,192.15843200683594
7757,7757,-10,205845,0.01,-13.200000000000001,81.37393951416016,213.23367309570312
7758,7758,-10,205866,0.01,-13.200000000000001,234.3324737548828,195.25978088378906
7759,7759,100,205881,0.01,-13.200000000000001,143.40484619140625,202.7471160888672
7760,7760,-10,205903,0.01,-13.200000000000001,411.67352294921875,181.93185424804688
7761,7761,-10,205941,0.01,-13.200000000000001,163.41635131835938,193.6222381591797
7762,7762,-10,205968,0.01,-13.200000000000001,170.62136840820312,201.89065551757812
7763,7763,-10,205998,0.01,-13.200000000000001,218.50601196289062,194.37059020996094
7764,7764,-10,206025,0.01,-13.200000000000001,196.4640655517578,199.67031860351562
7765,7765,-10,206046,0.01,-13.200000000000001,148.3379364013672,203.36163330078125
7766,7766,-10,206065,0.01,-13.200000000000001,165.1557159423828,188.78758239746094
7767,7767,-10,206083,0.01,-13.200000000000001,161.3555908203125,178.70953369140625
7768,7768,-10,206110,0.01,-13.200000000000001,119.40971374511719,182.39413452148438
7769,7769,-10,206140,0.01,-13.200000000000001,118.08963775634766,209.177734375
7770,7770,-10,206162,0.01,-13.200000000000001,120.62519836425781,214.47427368164062
7771,7771,100,206168,0.01,-13.200000000000001,171.11566162109375,174.40216064453125
7772,7772,100,206196,0.01,-13.200000000000001,195.0194091796875,182.67874145507812
7773,7773,-10,206214,0.01,-13.200000000000001,310.1318664550781,198.2206573486328
7774,7774,-10,206241,0.01,-13.200000000000001,212.8631591796875,197.02215576171875
7775,7775,-10,206259,0.01,-13.200000000000001,122.90160369873047,193.47283935546875
7776,7776,-10,206281,0.01,-13.200000000000001,133.78656005859375,198.79055786132812
7777,7777,100,206288,0.01,-13.200000000000001,131.94183349609375,199.285888671875
7778,7778,-10,206310,0.01,-13.200000000000001,213.69322204589844,194.672119140625
7779,7779,-10,206331,0.01,-13.200000000000001,158.96217346191406,187.67752075195312
7780,7780,-10,206362,0.01,-13.200000000000001,249.25213623046875,198.2193603515625
7781,7781,-10,206378,0.01,-13.200000000000001,142.74575805664062,184.4697265625
7782,7782,-10,206395,0.01,-13.200000000000001,147.19154357910156,205.20272827148438
7783,7783,-10,206424,0.01,-13.200000000000001,367.33074951171875,172.65814208984375
7784,7784,-10,206443,0.01,-13.200000000000001,119.47958374023438,189.96157836914062
7785,7785,-10,206464,0.01,-13.200000000000001,107.26839447021484,191.64108276367188
7786,7786,-10,206489,0.01,-13.200000000000001,289.0544128417969,184.20787048339844
7787,7787,-10,206510,0.01,-13.200000000000001,345.04510498046875,196.78074645996094
7788,7788,-10,206528,0.01,-13.200000000000001,430.33258056640625,194.19717407226562
7789,7789,100,206545,0.01,-13.200000000000001,80.31653594970703,201.35641479492188
7790,7790,-10,206560,0.01,-13.200000000000001,407.486083984375,205.49578857421875
7791,7791,-10,206593,0.01,-13.200000000000001,159.01870727539062,192.91592407226562
7792,7792,-10,206623,0.01,-13.200000000000001,102.56719970703125,194.27760314941406
7793,7793,-10,206645,0.01,-13.200000000000001,97.822265625,195.03720092773438
7794,7794,-10,206661,0.01,-13.200000000000001,144.86871337890625,204.16064453125
7795,7795,-10,206683,0.01,-13.200000000000001,149.1277313232422,184.3980712890625
7796,7796,-10,206711,0.01,-13.200000000000001,162.849853515625,197.63478088378906
7797,7797,-10,206734,0.01,-13.200000000000001,164.69863891601562,190.91720581054688
7798,7798,-10,206761,0.01,-13.200000000000001,252.1111297607422,180.08566284179688
7799,7799,-10,206778,0.01,-13.200000000000001,132.00677490234375,212.98175048828125
7800,7800,-10,206799,0.01,-13.200000000000001,171.66151428222656,198.2845458984375
7801,7801,100,206807,0.01,-4.3999999999999995,145.194091796875,195.7633056640625
7802,7802,-10,206834,0.01,-4.3999999999999995,282.24530029296875,198.08993530273438
7803,7803,-10,206855,0.01,-4.3999999999999995,145.14385986328125,187.13650512695312
7804,7804,-10,206880,0.01,-4.3999999999999995,215.63565063476562,194.9132080078125
7805,7805,100,206886,0.01,-4.3999999999999995,164.4799041748047,189.84222412109375
7806,7806,-10,206901,0.01,-4.3999999999999995,140.06468200683594,186.75411987304688
7807,7807,-10,206927,0.01,-4.3999999999999995,532.6204223632812,194.33123779296875
7808,7808,100,206935,0.01,-4.3999999999999995,111.87370300292969,187.043212890625
7809,7809,100,206941,0.01,-4.3999999999999995,288.31585693359375,200.1722412109375
7810,7810,-10,206967,0.01,-4.3999999999999995,103.0538330078125,194.31729125976562
7811,7811,-10,206993,0.01,-4.3999999999999995,140.7104949951172,190.36016845703125
7812,7812,-10,207015,0.01,-4.3999999999999995,139.2880401611328,180.83956909179688
7813,7813,100,207032,0.01,-4.3999999999999995,128.25979614257812,189.69223022460938
7814,7814,-10,207048,0.01,-4.3999999999999995,351.60064697265625,182.1878204345703
7815,7815,-10,207072,0.01,-4.3999999999999995,158.24664306640625,193.13356018066406
7816,7816,100,207089,0.01,-4.3999999999999995,282.3775634765625,177.42474365234375
7817,7817,-10,207111,0.01,-4.3999999999999995,126.01830291748047,208.01129150390625
7818,7818,-10,207139,0.01,-4.3999999999999995,291.63677978515625,196.08901977539062
7819,7819,-10,207166,0.01,-4.3999999999999995,112.99179077148438,204.98995971679688
7820,7820,-10,207188,0.01,-4.3999999999999995,200.58782958984375,164.79141235351562
7821,7821,-10,207203,0.01,-4.3999999999999995,173.66909790039062,191.64712524414062
7822,7822,-10,207219,0.01,-4.3999999999999995,295.78948974609375,161.6357879638672
7823,7823,-10,207240,0.01,-4.3999999999999995,175.73565673828125,189.41159057617188
7824,7824,-10,207261,0.01,-4.3999999999999995,143.30633544921875,174.30691528320312
7825,7825,-10,207288,0.01,-4.3999999999999995,88.59335327148438,217.66607666015625
7826,7826,-10,207309,0.01,-4.3999999999999995,162.39483642578125,179.5323028564453
7827,7827,100,207326,0.01,-4.3999999999999995,237.41705322265625,179.29840087890625
7828,7828,-10,207343,0.01,-4.3999999999999995,117.59379577636719,193.99114990234375
7829,7829,100,207361,0.01,-4.3999999999999995,248.9647979736328,183.33438110351562
7830,7830,-10,207386,0.01,-4.3999999999999995,177.0454559326172,202.17483520507812
7831,7831,-10,207410,0.01,-4.3999999999999995,179.63162231445312,172.90939331054688
7832,7832,-10,207427,0.01,-4.3999999999999995,357.5430603027344,191.728271484375
7833,7833,-10,207442,0.01,-4.3999999999999995,89.02796936035156,185.84783935546875
7834,7834,100,207450,0.01,-4.3999999999999995,213.0426483154297,189.92041015625
7835,7835,-10,207477,0.01,-4.3999999999999995,303.901123046875,190.47305297851562
7836,7836,-10,207502,0.01,-4.3999999999999995,366.902099609375,197.99075317382812
7837,7837,100,207516,0.01,-4.3999999999999995,236.597900390625,182.90396118164062
7838,7838,-10,207533,0.01,-4.3999999999999995,190.98880004882812,182.29421997070312
7839,7839,-10,207559,0.01,-4.3999999999999995,122.20274353027344,189.8830108642578
7840,7840,-10,207586,0.01,-4.3999999999999995,104.6153564453125,197.5548095703125
7841,7841,-10,207615,0.01,-4.3999999999999995,116.35256958007812,188.747314453125
7842,7842,-10,207642,0.01,-4.3999999999999995,151.16500854492188,189.09364318847656
7843,7843,-10,207671,0.01,-4.3999999999999995,219.67776489257812,204.41151428222656
7844,7844,-10,207695,0.01,-4.3999999999999995,119.09071350097656,198.9568328857422
7845,7845,-10,207712,0.01,-4.3999999999999995,78.63349914550781,199.69235229492188
7846,7846,-10,207728,0.01,-4.3999999999999995,105.48807525634766,183.9135284423828
7847,7847,-10,207750,0.01,-4.3999999999999995,704.1317138671875,186.8025665283203
7848,7848,-10,207775,0.01,-4.3999999999999995,168.45416259765625,205.22677612304688
7849,7849,-10,207792,0.01,-4.3999999999999995,200.1033172607422,189.41696166992188
7850,7850,-10,207814,0.01,-4.3999999999999995,138.02064514160156,184.4042205810547
7851,7851,-10,207829,0.0056,8.8,133.38711547851562,198.60426330566406
7852,7852,-10,207853,0.0056,8.8,88.87799072265625,195.0196075439453
7853,7853,-10,207868,0.0056,8.8,289.7620544433594,182.41836547851562
7854,7854,-10,207895,0.0056,8.8,93.10454559326172,183.86029052734375
7855,7855,100,207903,0.0056,8.8,111.90723419189453,194.85464477539062
7856,7856,-10,207924,0.0056,8.8,107.95730590820312,188.61026000976562
7857,7857,-10,207944,0.0056,8.8,204.22142028808594,183.35052490234375
7858,7858,-10,207960,0.0056,8.8,121.58438873291016,195.28494262695312
7859,7859,-10,207986,0.0056,8.8,156.39151000976562,175.640869140625
7860,7860,100,207994,0.0056,8.8,242.6798858642578,179.35040283203125
7861,7861,-10,208015,0.0056,8.8,190.41531372070312,195.71377563476562
7862,7862,-10,208030,0.0056,8.8,99.67066192626953,208.50148010253906
7863,7863,-10,208058,0.0056,8.8,140.01898193359375,175.22225952148438
7864,7864,100,208080,0.0056,8.8,260.84710693359375,175.67388916015625
7865,7865,-10,208103,0.0056,8.8,253.82229614257812,185.77484130859375
7866,7866,-10,208119,0.0056,8.8,403.997314453125,189.5740966796875
7867,7867,-10,208146,0.0056,8.8,164.32247924804688,190.34451293945312
7868,7868,-10,208167,0.0056,8.8,356.3563537597656,200.7794647216797
7869,7869,-10,208183,0.0056,8.8,89.02938842773438,208.0743408203125
7870,7870,-10,208209,0.0056,8.8,122.29145812988281,194.87457275390625
7871,7871,100,208228,0.0056,8.8,180.96511840820312,189.64739990234375
7872,7872,-10,208245,0.0056,8.8,127.0429916381836,194.21633911132812
7873,7873,100,208251,0.0056,8.8,174.33987426757812,196.09632873535156
7874,7874,-10,208267,0.0056,8.8,125.3570785522461,196.00607299804688
7875,7875,-10,208287,0.0056,8.8,227.03369140625,208.3206024169922
7876,7876,100,208306,0.0056,8.8,135.55923461914062,177.9335174560547
7877,7877,-10,208333,0.0056,8.8,209.48410034179688,187.12744140625
7878,7878,-10,208349,0.0056,8.8,155.62094116210938,175.623291015625
7879,7879,-10,208364,0.0056,8.8,193.05726623535156,183.6071014404297
7880,7880,-10,208389,0.0056,8.8,72.0659408569336,191.50967407226562
7881,7881,-10,208405,0.0056,8.8,125.44660949707031,183.18414306640625
7882,7882,-10,208428,0.0056,8.8,112.08688354492188,199.12669372558594
7883,7883,-10,208455,0.0056,8.8,134.4961395263672,183.6215057373047
7884,7884,-10,208481,0.0056,8.8,154.22906494140625,201.41201782226562
7885,7885,-10,208508,0.0056,8.8,148.2591094970703,195.9936981201172
7886,7886,-10,208533,0.0056,8.8,127.80288696289062,198.77218627929688
7887,7887,-10,208554,0.0056,8.8,116.76882934570312,211.3740234375
7888,7888,-10,208570,0.0056,8.8,221.56881713867188,180.64556884765625
7889,7889,100,208577,0.0056,8.8,120.17435455322266,187.81185913085938
7890,7890,-10,208610,0.0056,8.8,183.69760131835938,201.78732299804688
7891,7891,-10,208637,0.0056,8.8,157.06935119628906,183.7954864501953
7892,7892,-10,208664,0.0056,8.8,248.7239227294922,183.72369384765625
7893,7893,-10,208679,0.0056,8.8,190.10623168945312,199.92514038085938
7894,7894,-10,208700,0.0056,8.8,144.23194885253906,182.69754028320312
7895,7895,-10,208717,0.0056,8.8,408.4571533203125,178.6190643310547
7896,7896,-10,208737,0.0056,8.8,99.7158432006836,180.5206298828125
7897,7897,100,208745,0.0056,8.8,227.27578735351562,193.36538696289062
7898,7898,100,208751,0.0056,8.8,164.295654296875,180.92950439453125
7899,7899,-10,208777,0.0056,8.8,145.57574462890625,183.85963439941406
7900,7900,-10,208805,0.0056,8.8,131.41525268554688,200.677001953125
7901,7901,-10,208832,0.006699999999999999,-2.1999999999999993,258.82470703125,190.22061157226562
7902,7902,-10,208847,0.006699999999999999,-2.1999999999999993,135.8271942138672,185.411376953125
7903,7903,-10,208874,0.006699999999999999,-2.1999999999999993,122.4037857055664,200.37908935546875
7904,7904,-10,208899,0.006699999999999999,-2.1999999999999993,116.58942413330078,196.0462646484375
7905,7905,-10,208924,0.006699999999999999,-2.1999999999999993,92.78387451171875,200.65850830078125
7906,7906,-10,208952,0.006699999999999999,-2.1999999999999993,203.28927612304688,192.50128173828125
7907,7907,-10,208967,0.006699999999999999,-2.1999999999999993,216.33132934570312,183.69259643554688
7908,7908,-10,208981,0.006699999999999999,-2.1999999999999993,172.58724975585938,200.98121643066406
7909,7909,-10,209005,0.006699999999999999,-2.1999999999999993,202.00595092773438,187.76744079589844
7910,7910,-10,209029,0.006699999999999999,-2.1999999999999993,111.53131103515625,188.49319458007812
7911,7911,-10,209046,0.006699999999999999,-2.1999999999999993,144.7671661376953,168.92381286621094
7912,7912,100,209052,0.006699999999999999,-2.1999999999999993,135.61163330078125,190.55523681640625
7913,7913,-10,209066,0.006699999999999999,-2.1999999999999993,168.23654174804688,197.7657470703125
7914,7914,-10,209081,0.006699999999999999,-2.1999999999999993,133.7911834716797,180.570068359375
7915,7915,-10,209108,0.006699999999999999,-2.1999999999999993,172.17576599121094,173.72048950195312
7916,7916,-10,209136,0.006699999999999999,-2.1999999999999993,110.30751037597656,198.05958557128906
7917,7917,100,209144,0.006699999999999999,-2.1999999999999993,191.404052734375,189.5221405029297
7918,7918,-10,209160,0.006699999999999999,-2.1999999999999993,112.64849853515625,191.60372924804688
7919,7919,-10,209175,0.006699999999999999,-2.1999999999999993,113.19737243652344,180.4921417236328
7920,7920,-10,209203,0.006699999999999999,-2.1999999999999993,76.99909973144531,199.62750244140625
7921,7921,100,209217,0.006699999999999999,-2.1999999999999993,104.86892700195312,192.26577758789062
7922,7922,100,209234,0.006699999999999999,-2.1999999999999993,74.79124450683594,204.18646240234375
7923,7923,-10,209258,0.006699999999999999,-2.1999999999999993,114.08390045166016,190.0411376953125
7924,7924,-10,209274,0.006699999999999999,-2.1999999999999993,198.67147827148438,191.5735321044922
7925,7925,-10,209296,0.006699999999999999,-2.1999999999999993,90.95526885986328,191.9613037109375
7926,7926,100,209302,0.006699999999999999,-2.1999999999999993,155.6939697265625,187.27488708496094
7927,7927,-10,209323,0.006699999999999999,-2.1999999999999993,125.4383773803711,197.5479736328125
7928,7928,-10,209349,0.006699999999999999,-2.1999999999999993,309.40625,179.90814208984375
7929,7929,100,209366,0.006699999999999999,-2.1999999999999993,69.20101928710938,190.8536376953125
7930,7930,-10,209381,0.006699999999999999,-2.1999999999999993,133.98583984375,178.50367736816406
7931,7931,-10,209401,0.006699999999999999,-2.1999999999999993,133.056396484375,188.78451538085938
7932,7932,-10,209428,0.006699999999999999,-2.1999999999999993,110.68435668945312,170.59335327148438
7933,7933,100,209442,0.006699999999999999,-2.1999999999999993,283.29736328125,182.59832763671875
7934,7934,-10,209469,0.006699999999999999,-2.1999999999999993,136.8896026611328,183.61927795410156
7935,7935,-10,209493,0.006699999999999999,-2.1999999999999993,249.45193481445312,184.47714233398438
7936,7936,-10,209508,0.006699999999999999,-2.1999999999999993,93.40989685058594,203.6927947998047
7937,7937,-10,209524,0.006699999999999999,-2.1999999999999993,115.98936462402344,195.9247283935547
7938,7938,-10,209548,0.006699999999999999,-2.1999999999999993,144.39144897460938,197.2119903564453
7939,7939,-10,209573,0.006699999999999999,-2.1999999999999993,183.95565795898438,200.56463623046875
7940,7940,-10,209590,0.006699999999999999,-2.1999999999999993,127.53671264648438,198.347900390625
7941,7941,-10,209620,0.006699999999999999,-2.1999999999999993,105.4115982055664,188.4140625
7942,7942,-10,209635,0.006699999999999999,-2.1999999999999993,319.12359619140625,170.13473510742188
7943,7943,-10,209662,0.006699999999999999,-2.1999999999999993,99.56824493408203,187.50213623046875
7944,7944,-10,209678,0.006699999999999999,-2.1999999999999993,217.640625,197.40745544433594
7945,7945,-10,209695,0.006699999999999999,-2.1999999999999993,87.04071044921875,195.17922973632812
7946,7946,-10,209722,0.006699999999999999,-2.1999999999999993,162.79376220703125,191.27188110351562
7947,7947,100,209739,0.006699999999999999,-2.1999999999999993,82.33573150634766,198.93011474609375
7948,7948,-10,209754,0.006699999999999999,-2.1999999999999993,111.32281494140625,182.3883056640625
7949,7949,-10,209770,0.006699999999999999,-2.1999999999999993,89.860595703125,184.3939208984375
7950,7950,-10,209796,0.006699999999999999,-2.1999999999999993,99.26329040527344,186.68280029296875
7951,7951,-10,209811,0.0078,-2.200000000000001,256.2908630371094,173.08973693847656
7952,7952,-10,209827,0.0078,-2.200000000000001,242.4486846923828,178.64703369140625
7953,7953,100,209835,0.0078,-2.200000000000001,134.06402587890625,210.47830200195312
7954,7954,-10,209857,0.0078,-2.200000000000001,137.78543090820312,181.06068420410156
7955,7955,-10,209872,0.0078,-2.200000000000001,122.14833068847656,175.830810546875
7956,7956,-10,209897,0.0078,-2.200000000000001,107.30584716796875,186.29824829101562
7957,7957,-10,209924,0.0078,-2.200000000000001,143.7082061767578,185.80743408203125
7958,7958,-10,209940,0.0078,-2.200000000000001,142.50730895996094,188.80494689941406
7959,7959,-10,209968,0.0078,-2.200000000000001,209.14425659179688,207.1539764404297
7960,7960,-10,209983,0.0078,-2.200000000000001,117.22273254394531,191.34886169433594
7961,7961,-10,209999,0.0078,-2.200000000000001,209.3802490234375,174.58456420898438
7962,7962,-10,210027,0.0078,-2.200000000000001,232.5272216796875,197.17059326171875
7963,7963,100,210035,0.0078,-2.200000000000001,191.31607055664062,169.97030639648438
7964,7964,100,210043,0.0078,-2.200000000000001,142.66114807128906,199.22679138183594
7965,7965,-10,210073,0.0078,-2.200000000000001,150.64735412597656,189.54136657714844
7966,7966,100,210081,0.0078,-2.200000000000001,217.94012451171875,167.87606811523438
7967,7967,-10,210109,0.0078,-2.200000000000001,154.29074096679688,201.28713989257812
7968,7968,100,210124,0.0078,-2.200000000000001,150.2438201904297,184.78660583496094
7969,7969,100,210141,0.0078,-2.200000000000001,176.97030639648438,178.43247985839844
7970,7970,-10,210170,0.0078,-2.200000000000001,165.39158630371094,197.74362182617188
7971,7971,100,210184,0.0078,-2.200000000000001,208.70028686523438,163.84515380859375
7972,7972,-10,210214,0.0078,-2.200000000000001,141.7508544921875,169.2391357421875
7973,7973,-10,210241,0.0078,-2.200000000000001,280.03814697265625,187.93408203125
7974,7974,-10,210264,0.0078,-2.200000000000001,181.425537109375,197.77549743652344
7975,7975,-10,210291,0.0078,-2.200000000000001,132.54209899902344,169.88909912109375
7976,7976,-10,210307,0.0078,-2.200000000000001,140.7393798828125,189.19154357910156
7977,7977,-10,210322,0.0078,-2.200000000000001,266.82293701171875,185.495361328125
7978,7978,-10,210336,0.0078,-2.200000000000001,109.64584350585938,198.07843017578125
7979,7979,100,210342,0.0078,-2.200000000000001,124.72461700439453,185.8739013671875
7980,7980,-10,210371,0.0078,-2.200000000000001,131.72923278808594,179.6365966796875
7981,7981,-10,210398,0.0078,-2.200000000000001,885.4915771484375,188.5052490234375
7982,7982,100,210405,0.0078,-2.200000000000001,135.47669982910156,181.194091796875
7983,7983,-10,210425,0.0078,-2.200000000000001,187.3260498046875,160.64044189453125
7984,7984,-10,210456,0.0078,-2.200000000000001,270.46014404296875,181.19705200195312
7985,7985,-10,210472,0.0078,-2.200000000000001,137.82391357421875,173.45249938964844
7986,7986,-10,210499,0.0078,-2.200000000000001,107.35987854003906,195.9202880859375
7987,7987,-10,210519,0.0078,-2.200000000000001,204.3285675048828,180.46875
7988,7988,-10,210548,0.0078,-2.200000000000001,197.7011260986328,189.55709838867188
7989,7989,-10,210575,0.0078,-2.200000000000001,195.96612548828125,184.78257751464844
7990,7990,-10,210594,0.0078,-2.200000000000001,122.04534912109375,203.35182189941406
7991,7991,-10,210615,0.0078,-2.200000000000001,108.19880676269531,186.27886962890625
7992,7992,-10,210638,0.0078,-2.200000000000001,166.92047119140625,189.83346557617188
7993,7993,-10,210653,0.0078,-2.200000000000001,112.6793212890625,186.9532470703125
7994,7994,100,210659,0.0078,-2.200000000000001,134.9110870361328,187.60382080078125
7995,7995,-10,210685,0.0078,-2.200000000000001,137.96820068359375,190.79443359375
7996,7996,-10,210714,0.0078,-2.200000000000001,266.76470947265625,181.64796447753906
7997,7997,-10,210744,0.0078,-2.200000000000001,89.61650085449219,185.56663513183594
7998,7998,-10,210759,0.0078,-2.200000000000001,102.65804290771484,201.792724609375
7999,7999,-10,210774,0.0078,-2.200000000000001,83.10734558105469,183.59051513671875
8000,8000,-10,210789,0.0078,-2.200000000000001,217.95773315429688,181.33657836914062
8001,8001,-10,210803,0.005599999999999999,4.4,162.1586456298828,177.47613525390625
8002,8002,-10,210831,0.005599999999999999,4.4,77.80001831054688,195.8546142578125
8003,8003,-10,210861,0.005599999999999999,4.4,121.2320785522461,183.2801513671875
8004,8004,-10,210875,0.005599999999999999,4.4,250.77362060546875,171.40594482421875
8005,8005,-10,210889,0.005599999999999999,4.4,151.90216064453125,193.48995971679688
8006,8006,-10,210903,0.005599999999999999,4.4,223.09564208984375,187.65087890625
8007,8007,-10,210925,0.005599999999999999,4.4,254.99349975585938,161.94432067871094
8008,8008,-10,210946,0.005599999999999999,4.4,192.2602996826172,183.21353149414062
8009,8009,-10,210968,0.005599999999999999,4.4,116.968505859375,193.60519409179688
8010,8010,-10,210983,0.005599999999999999,4.4,117.89111328125,181.40350341796875
8011,8011,-10,210998,0.005599999999999999,4.4,109.79191589355469,191.233154296875
8012,8012,-10,211023,0.005599999999999999,4.4,126.1895980834961,180.3134765625
8013,8013,-10,211045,0.005599999999999999,4.4,242.34722900390625,181.39303588867188
8014,8014,-10,211061,0.005599999999999999,4.4,114.54737854003906,166.14291381835938
8015,8015,100,211078,0.005599999999999999,4.4,177.47393798828125,184.36495971679688
8016,8016,-10,211103,0.005599999999999999,4.4,100.22367858886719,178.05723571777344
8017,8017,-10,211117,0.005599999999999999,4.4,151.23403930664062,194.77139282226562
8018,8018,100,211124,0.005599999999999999,4.4,165.03982543945312,175.32876586914062
8019,8019,-10,211139,0.005599999999999999,4.4,179.9268798828125,199.66140747070312
8020,8020,-10,211175,0.005599999999999999,4.4,173.67578125,207.15431213378906
8021,8021,-10,211201,0.005599999999999999,4.4,120.79441833496094,185.54473876953125
8022,8022,-10,211216,0.005599999999999999,4.4,91.92439270019531,185.26466369628906
8023,8023,-10,211230,0.005599999999999999,4.4,146.23226928710938,193.03062438964844
8024,8024,-10,211254,0.005599999999999999,4.4,146.49798583984375,195.7503662109375
8025,8025,-10,211278,0.005599999999999999,4.4,98.38587188720703,196.2088165283203
8026,8026,-10,211293,0.005599999999999999,4.4,174.85919189453125,172.77291870117188
8027,8027,-10,211309,0.005599999999999999,4.4,151.08560180664062,186.41201782226562
8028,8028,-10,211324,0.005599999999999999,4.4,129.41192626953125,181.900634765625
8029,8029,-10,211351,0.005599999999999999,4.4,173.24029541015625,169.76637268066406
8030,8030,-10,211391,0.005599999999999999,4.4,131.34242248535156,194.76885986328125
8031,8031,-10,211406,0.005599999999999999,4.4,103.13642883300781,188.26119995117188
8032,8032,-10,211421,0.005599999999999999,4.4,189.71212768554688,180.0435791015625
8033,8033,100,211438,0.005599999999999999,4.4,131.29957580566406,179.58328247070312
8034,8034,-10,211466,0.005599999999999999,4.4,187.54312133789062,172.20767211914062
8035,8035,-10,211493,0.005599999999999999,4.4,140.3026885986328,190.71661376953125
8036,8036,-10,211514,0.005599999999999999,4.4,147.86517333984375,175.00357055664062
8037,8037,-10,211529,0.005599999999999999,4.4,110.32902526855469,211.26864624023438
8038,8038,-10,211545,0.005599999999999999,4.4,158.27845764160156,181.63113403320312
8039,8039,-10,211560,0.005599999999999999,4.4,112.05223083496094,164.21340942382812
8040,8040,-10,211575,0.005599999999999999,4.4,104.2628173828125,174.65106201171875
8041,8041,-10,211605,0.005599999999999999,4.4,176.45980834960938,171.96853637695312
8042,8042,-10,211620,0.005599999999999999,4.4,86.12068176269531,191.76028442382812
8043,8043,100,211638,0.005599999999999999,4.4,131.72314453125,172.4739990234375
8044,8044,100,211655,0.005599999999999999,4.4,81.25990295410156,199.960205078125
8045,8045,100,211669,0.005599999999999999,4.4,100.45825958251953,182.44607543945312
8046,8046,-10,211697,0.005599999999999999,4.4,113.81967163085938,176.75062561035156
8047,8047,-10,211711,0.005599999999999999,4.4,596.9296264648438,182.2328643798828
8048,8048,-10,211739,0.005599999999999999,4.4,141.70358276367188,166.3798065185547
8049,8049,-10,211755,0.005599999999999999,4.4,287.6358642578125,196.7255859375
8050,8050,-10,211770,0.005599999999999999,4.4,168.5538330078125,188.86538696289062
8051,8051,100,211776,0.009999999999999998,-8.8,217.12747192382812,177.51280212402344
8052,8052,100,211793,0.009999999999999998,-8.8,123.37432861328125,185.15335083007812
8053,8053,-10,211808,0.009999999999999998,-8.8,193.63851928710938,175.8375701904297
8054,8054,100,211822,0.009999999999999998,-8.8,128.2606201171875,172.54478454589844
8055,8055,-10,211846,0.009999999999999998,-8.8,82.69537353515625,196.1361083984375
8056,8056,-10,211861,0.009999999999999998,-8.8,222.34324645996094,168.72869873046875
8057,8057,-10,211897,0.009999999999999998,-8.8,161.53329467773438,177.6837158203125
8058,8058,-10,211912,0.009999999999999998,-8.8,123.01416778564453,177.6259765625
8059,8059,100,211918,0.009999999999999998,-8.8,117.74181365966797,186.4077606201172
8060,8060,-10,211939,0.009999999999999998,-8.8,100.38493347167969,188.47048950195312
8061,8061,-10,211968,0.009999999999999998,-8.8,272.9168701171875,179.54464721679688
8062,8062,-10,211990,0.009999999999999998,-8.8,110.0147705078125,184.67396545410156
8063,8063,-10,212019,0.009999999999999998,-8.8,109.18516540527344,181.95816040039062
8064,8064,-10,212035,0.009999999999999998,-8.8,125.86663818359375,175.86087036132812
8065,8065,-10,212050,0.009999999999999998,-8.8,215.73291015625,180.6248779296875
8066,8066,-10,212071,0.009999999999999998,-8.8,106.79393005371094,175.35205078125
8067,8067,-10,212099,0.009999999999999998,-8.8,241.3324737548828,193.49609375
8068,8068,-10,212113,0.009999999999999998,-8.8,104.57569122314453,176.99264526367188
8069,8069,-10,212128,0.009999999999999998,-8.8,167.06988525390625,187.67727661132812
8070,8070,-10,212143,0.009999999999999998,-8.8,144.74349975585938,188.28102111816406
8071,8071,-10,212157,0.009999999999999998,-8.8,80.45820617675781,172.81809997558594
8072,8072,-10,212172,0.009999999999999998,-8.8,181.85476684570312,179.7733612060547
8073,8073,-10,212199,0.009999999999999998,-8.8,155.50149536132812,192.34011840820312
8074,8074,-10,212215,0.009999999999999998,-8.8,175.66232299804688,187.53207397460938
8075,8075,-10,212230,0.009999999999999998,-8.8,113.38467407226562,185.89495849609375
8076,8076,-10,212244,0.009999999999999998,-8.8,267.202392578125,185.90005493164062
8077,8077,-10,212258,0.009999999999999998,-8.8,146.86819458007812,174.99664306640625
8078,8078,-10,212279,0.009999999999999998,-8.8,100.27313232421875,178.28280639648438
8079,8079,-10,212294,0.009999999999999998,-8.8,93.13412475585938,186.7638397216797
8080,8080,-10,212309,0.009999999999999998,-8.8,182.215087890625,164.63369750976562
8081,8081,-10,212324,0.009999999999999998,-8.8,135.30181884765625,203.45545959472656
8082,8082,-10,212340,0.009999999999999998,-8.8,135.73532104492188,178.362060546875
8083,8083,-10,212369,0.009999999999999998,-8.8,216.68081665039062,174.19827270507812
8084,8084,-10,212389,0.009999999999999998,-8.8,142.41482543945312,186.3519287109375
8085,8085,100,212415,0.009999999999999998,-8.8,109.23480224609375,198.53570556640625
8086,8086,-10,212430,0.009999999999999998,-8.8,95.97686767578125,181.72183227539062
8087,8087,-10,212445,0.009999999999999998,-8.8,115.63119506835938,175.1412353515625
8088,8088,-10,212460,0.009999999999999998,-8.8,117.42169189453125,187.44778442382812
8089,8089,-10,212474,0.009999999999999998,-8.8,106.82115173339844,190.37905883789062
8090,8090,-10,212489,0.009999999999999998,-8.8,143.14578247070312,173.04827880859375
8091,8091,-10,212515,0.009999999999999998,-8.8,96.40733337402344,178.13626098632812
8092,8092,-10,212530,0.009999999999999998,-8.8,96.29074096679688,196.25692749023438
8093,8093,-10,212560,0.009999999999999998,-8.8,108.8448486328125,169.88436889648438
8094,8094,-10,212588,0.009999999999999998,-8.8,138.71026611328125,176.25180053710938
8095,8095,-10,212603,0.009999999999999998,-8.8,429.9122314453125,176.1568603515625
8096,8096,-10,212617,0.009999999999999998,-8.8,135.80812072753906,188.73834228515625
8097,8097,100,212625,0.009999999999999998,-8.8,110.92878723144531,189.118896484375
8098,8098,-10,212653,0.009999999999999998,-8.8,234.00990295410156,182.69790649414062
8099,8099,-10,212669,0.009999999999999998,-8.8,105.70637512207031,169.75387573242188
8100,8100,-10,212683,0.009999999999999998,-8.8,103.22590637207031,177.19186401367188
8101,8101,-10,212709,0.009999999999999998,0.0,132.59620666503906,191.06735229492188
8102,8102,-10,212724,0.009999999999999998,0.0,155.484619140625,183.67340087890625
8103,8103,-10,212738,0.009999999999999998,0.0,154.47190856933594,184.18997192382812
8104,8104,-10,212754,0.009999999999999998,0.0,129.7718505859375,184.0631866455078
8105,8105,100,212779,0.009999999999999998,0.0,131.3385772705078,200.78189086914062
8106,8106,-10,212806,0.009999999999999998,0.0,126.39430236816406,182.65185546875
8107,8107,-10,212821,0.009999999999999998,0.0,119.82112121582031,178.06272888183594
8108,8108,-10,212847,0.009999999999999998,0.0,170.55490112304688,193.19911193847656
8109,8109,-10,212872,0.009999999999999998,0.0,134.625732421875,189.60797119140625
8110,8110,-10,212894,0.009999999999999998,0.0,205.75115966796875,183.5200958251953
8111,8111,-10,212909,0.009999999999999998,0.0,137.5723419189453,175.66754150390625
8112,8112,100,212935,0.009999999999999998,0.0,84.31612396240234,184.1050567626953
8113,8113,100,212941,0.009999999999999998,0.0,90.60185241699219,179.0363311767578
8114,8114,-10,212962,0.009999999999999998,0.0,87.04124450683594,198.3834228515625
8115,8115,-10,212977,0.009999999999999998,0.0,120.87551879882812,182.83323669433594
8116,8116,-10,213006,0.009999999999999998,0.0,142.319580078125,183.4960479736328
8117,8117,-10,213026,0.009999999999999998,0.0,114.02569580078125,192.4202423095703
8118,8118,-10,213041,0.009999999999999998,0.0,251.8319854736328,167.24803161621094
8119,8119,100,213059,0.009999999999999998,0.0,162.59152221679688,176.990966796875
8120,8120,-10,213074,0.009999999999999998,0.0,85.97184753417969,182.0867156982422
8121,8121,-10,213101,0.009999999999999998,0.0,194.45880126953125,164.9815673828125
8122,8122,100,213109,0.009999999999999998,0.0,94.85186767578125,175.22488403320312
8123,8123,-10,213124,0.009999999999999998,0.0,120.00363159179688,166.76077270507812
8124,8124,-10,213152,0.009999999999999998,0.0,200.392822265625,164.87106323242188
8125,8125,-10,213179,0.009999999999999998,0.0,155.37921142578125,179.2538604736328
8126,8126,-10,213194,0.009999999999999998,0.0,202.60079956054688,181.0429229736328
8127,8127,100,213211,0.009999999999999998,0.0,149.6388702392578,172.1874237060547
8128,8128,-10,213232,0.009999999999999998,0.0,112.5054702758789,183.57415771484375
8129,8129,-10,213260,0.009999999999999998,0.0,104.18543243408203,188.8289794921875
8130,8130,-10,213286,0.009999999999999998,0.0,94.9581298828125,179.87411499023438
8131,8131,100,213308,0.009999999999999998,0.0,91.30760955810547,186.54364013671875
8132,8132,-10,213335,0.009999999999999998,0.0,215.3701934814453,179.60836791992188
8133,8133,-10,213361,0.009999999999999998,0.0,95.68569946289062,188.03395080566406
8134,8134,-10,213387,0.009999999999999998,0.0,433.52789306640625,163.991943359375
8135,8135,-10,213413,0.009999999999999998,0.0,137.93930053710938,173.69097900390625
8136,8136,-10,213429,0.009999999999999998,0.0,147.90081787109375,187.2608642578125
8137,8137,-10,213455,0.009999999999999998,0.0,219.44473266601562,165.4493408203125
8138,8138,-10,213471,0.009999999999999998,0.0,161.15695190429688,178.58444213867188
8139,8139,-10,213502,0.009999999999999998,0.0,83.218994140625,168.8807373046875
8140,8140,-10,213519,0.009999999999999998,0.0,196.48045349121094,183.37469482421875
8141,8141,100,213535,0.009999999999999998,0.0,141.91348266601562,172.03384399414062
8142,8142,-10,213550,0.009999999999999998,0.0,207.5838165283203,173.23260498046875
8143,8143,-10,213566,0.009999999999999998,0.0,97.25447845458984,179.26803588867188
8144,8144,-10,213580,0.009999999999999998,0.0,167.37265014648438,157.60409545898438
8145,8145,-10,213594,0.009999999999999998,0.0,86.62100219726562,191.85145568847656
8146,8146,-10,213608,0.009999999999999998,0.0,100.5765380859375,166.43849182128906
8147,8147,-10,213633,0.009999999999999998,0.0,121.579833984375,159.41302490234375
8148,8148,100,213650,0.009999999999999998,0.0,261.51605224609375,171.57785034179688
8149,8149,-10,213676,0.009999999999999998,0.0,114.53811645507812,178.44810485839844
8150,8150,-10,213690,0.009999999999999998,0.0,242.28472900390625,178.24789428710938
8151,8151,-10,213705,0.006699999999999998,6.6000000000000005,114.20578002929688,185.797607421875
8152,8152,-10,213720,0.006699999999999998,6.6000000000000005,110.28233337402344,176.11912536621094
8153,8153,-10,213735,0.006699999999999998,6.6000000000000005,99.73731994628906,178.59375
8154,8154,100,213758,0.006699999999999998,6.6000000000000005,110.67047882080078,164.19940185546875
8155,8155,-10,213785,0.006699999999999998,6.6000000000000005,202.9156951904297,166.6497039794922
8156,8156,-10,213812,0.006699999999999998,6.6000000000000005,116.26602172851562,183.99728393554688
8157,8157,-10,213839,0.006699999999999998,6.6000000000000005,136.49691772460938,189.9878692626953
8158,8158,-10,213865,0.006699999999999998,6.6000000000000005,138.38307189941406,182.77175903320312
8159,8159,-10,213880,0.006699999999999998,6.6000000000000005,105.66924285888672,174.91964721679688
8160,8160,-10,213906,0.006699999999999998,6.6000000000000005,158.488037109375,179.89085388183594
8161,8161,-10,213920,0.006699999999999998,6.6000000000000005,133.16152954101562,165.74893188476562
8162,8162,-10,213934,0.006699999999999998,6.6000000000000005,101.79070281982422,172.3402099609375
8163,8163,-10,213949,0.006699999999999998,6.6000000000000005,145.89642333984375,164.13812255859375
8164,8164,-10,213974,0.006699999999999998,6.6000000000000005,138.85525512695312,196.06910705566406
8165,8165,100,213980,0.006699999999999998,6.6000000000000005,125.67341613769531,177.296875
8166,8166,-10,214006,0.006699999999999998,6.6000000000000005,120.76416015625,175.09397888183594
8167,8167,-10,214021,0.006699999999999998,6.6000000000000005,102.9649429321289,170.01434326171875
8168,8168,100,214046,0.006699999999999998,6.6000000000000005,135.7412109375,175.88558959960938
8169,8169,-10,214060,0.006699999999999998,6.6000000000000005,134.8834228515625,186.30490112304688
8170,8170,-10,214085,0.006699999999999998,6.6000000000000005,89.7853775024414,183.05960083007812
8171,8171,-10,214100,0.006699999999999998,6.6000000000000005,79.412841796875,175.8202667236328
8172,8172,-10,214114,0.006699999999999998,6.6000000000000005,211.17727661132812,164.5994110107422
8173,8173,-10,214128,0.006699999999999998,6.6000000000000005,124.1194839477539,163.47006225585938
8174,8174,-10,214157,0.006699999999999998,6.6000000000000005,128.70814514160156,169.5657196044922
8175,8175,100,214180,0.006699999999999998,6.6000000000000005,125.04033660888672,164.40542602539062
8176,8176,-10,214194,0.006699999999999998,6.6000000000000005,145.56826782226562,193.34744262695312
8177,8177,-10,214209,0.006699999999999998,6.6000000000000005,127.11552429199219,183.80946350097656
8178,8178,100,214227,0.006699999999999998,6.6000000000000005,109.98001098632812,196.27633666992188
8179,8179,-10,214253,0.006699999999999998,6.6000000000000005,125.85518646240234,195.8731231689453
8180,8180,-10,214268,0.006699999999999998,6.6000000000000005,245.90194702148438,166.40444946289062
8181,8181,-10,214294,0.006699999999999998,6.6000000000000005,247.04702758789062,169.23263549804688
8182,8182,-10,214322,0.006699999999999998,6.6000000000000005,152.99795532226562,193.44915771484375
8183,8183,-10,214337,0.006699999999999998,6.6000000000000005,110.34938049316406,161.02899169921875
8184,8184,-10,214351,0.006699999999999998,6.6000000000000005,125.09154510498047,179.94412231445312
8185,8185,-10,214365,0.006699999999999998,6.6000000000000005,157.74256896972656,162.22259521484375
8186,8186,-10,214393,0.006699999999999998,6.6000000000000005,169.66708374023438,177.31948852539062
8187,8187,100,214410,0.006699999999999998,6.6000000000000005,150.93869018554688,166.55731201171875
8188,8188,-10,214425,0.006699999999999998,6.6000000000000005,101.15322875976562,180.555908203125
8189,8189,-10,214450,0.006699999999999998,6.6000000000000005,97.87388610839844,167.2035675048828
8190,8190,-10,214478,0.006699999999999998,6.6000000000000005,166.27969360351562,162.13755798339844
8191,8191,-10,214507,0.006699999999999998,6.6000000000000005,135.73756408691406,169.53421020507812
8192,8192,-10,214533,0.006699999999999998,6.6000000000000005,114.71720886230469,185.6700439453125
8193,8193,-10,214548,0.006699999999999998,6.6000000000000005,131.66842651367188,161.3383331298828
8194,8194,-10,214563,0.006699999999999998,6.6000000000000005,263.6916809082031,153.1610107421875
8195,8195,-10,214591,0.006699999999999998,6.6000000000000005,104.31294250488281,179.20384216308594
8196,8196,-10,214606,0.006699999999999998,6.6000000000000005,195.21478271484375,175.92611694335938
8197,8197,100,214623,0.006699999999999998,6.6000000000000005,100.10704040527344,178.09542846679688
8198,8198,-10,214637,0.006699999999999998,6.6000000000000005,157.79029846191406,165.08938598632812
8199,8199,100,214655,0.006699999999999998,6.6000000000000005,105.89056396484375,174.32522583007812
8200,8200,-10,214680,0.006699999999999998,6.6000000000000005,124.27226257324219,166.79119873046875
8201,8201,-10,214694,0.007799999999999998,-2.200000000000001,113.88240051269531,184.93624877929688
8202,8202,100,214711,0.007799999999999998,-2.200000000000001,118.01288604736328,169.3380584716797
8203,8203,-10,214726,0.007799999999999998,-2.200000000000001,104.09093475341797,180.44949340820312
8204,8204,-10,214740,0.007799999999999998,-2.200000000000001,103.48135375976562,178.3853759765625
8205,8205,-10,214755,0.007799999999999998,-2.200000000000001,137.07534790039062,185.85508728027344
8206,8206,100,214761,0.007799999999999998,-2.200000000000001,170.080810546875,183.80416870117188
8207,8207,-10,214775,0.007799999999999998,-2.200000000000001,198.5264434814453,152.4803466796875
8208,8208,-10,214789,0.007799999999999998,-2.200000000000001,97.6358413696289,179.1739501953125
8209,8209,-10,214815,0.007799999999999998,-2.200000000000001,116.44890594482422,179.5708770751953
8210,8210,-10,214841,0.007799999999999998,-2.200000000000001,179.26463317871094,182.36839294433594
8211,8211,-10,214867,0.007799999999999998,-2.200000000000001,230.66990661621094,154.1731414794922
8212,8212,100,214881,0.007799999999999998,-2.200000000000001,135.322021484375,189.9946746826172
8213,8213,-10,214895,0.007799999999999998,-2.200000000000001,139.98471069335938,159.80960083007812
8214,8214,-10,214922,0.007799999999999998,-2.200000000000001,133.3482208251953,161.3394317626953
8215,8215,-10,214951,0.007799999999999998,-2.200000000000001,97.01365661621094,183.113525390625
8216,8216,-10,214975,0.007799999999999998,-2.200000000000001,127.91799926757812,178.7401580810547
8217,8217,-10,214989,0.007799999999999998,-2.200000000000001,144.42938232421875,172.16856384277344
8218,8218,-10,215004,0.007799999999999998,-2.200000000000001,165.94796752929688,179.96585083007812
8219,8219,-10,215030,0.007799999999999998,-2.200000000000001,91.95610046386719,174.87757873535156
8220,8220,-10,215046,0.007799999999999998,-2.200000000000001,110.26948547363281,176.30062866210938
8221,8221,-10,215073,0.007799999999999998,-2.200000000000001,212.29177856445312,161.569091796875
8222,8222,-10,215087,0.007799999999999998,-2.200000000000001,205.66143798828125,174.8552703857422
8223,8223,-10,215101,0.007799999999999998,-2.200000000000001,113.93724822998047,168.65878295898438
8224,8224,100,215118,0.007799999999999998,-2.200000000000001,109.60194396972656,183.74021911621094
8225,8225,-10,215147,0.007799999999999998,-2.200000000000001,340.9895935058594,181.83663940429688
8226,8226,-10,215161,0.007799999999999998,-2.200000000000001,88.77501678466797,185.70376586914062
8227,8227,-10,215175,0.007799999999999998,-2.200000000000001,132.2972869873047,168.19168090820312
8228,8228,100,215189,0.007799999999999998,-2.200000000000001,109.24119567871094,172.7686004638672
8229,8229,-10,215219,0.007799999999999998,-2.200000000000001,146.3040008544922,193.5093536376953
8230,8230,-10,215233,0.007799999999999998,-2.200000000000001,119.33163452148438,175.53518676757812
8231,8231,-10,215248,0.007799999999999998,-2.200000000000001,85.5415267944336,176.6636505126953
8232,8232,-10,215262,0.007799999999999998,-2.200000000000001,141.00802612304688,204.85357666015625
8233,8233,-10,215277,0.007799999999999998,-2.200000000000001,90.46707916259766,177.95034790039062
8234,8234,-10,215291,0.007799999999999998,-2.200000000000001,176.2698974609375,168.86676025390625
8235,8235,100,215308,0.007799999999999998,-2.200000000000001,106.18156433105469,188.50863647460938
8236,8236,-10,215324,0.007799999999999998,-2.200000000000001,120.78923797607422,189.38978576660156
8237,8237,-10,215339,0.007799999999999998,-2.200000000000001,161.79104614257812,166.87423706054688
8238,8238,-10,215360,0.007799999999999998,-2.200000000000001,89.38929748535156,180.21466064453125
8239,8239,-10,215385,0.007799999999999998,-2.200000000000001,135.6889190673828,172.56251525878906
8240,8240,-10,215411,0.007799999999999998,-2.200000000000001,109.06726837158203,176.2561492919922
8241,8241,-10,215437,0.007799999999999998,-2.200000000000001,163.49554443359375,176.12164306640625
8242,8242,100,215452,0.007799999999999998,-2.200000000000001,142.6800994873047,166.03103637695312
8243,8243,100,215458,0.007799999999999998,-2.200000000000001,140.0281982421875,176.51568603515625
8244,8244,-10,215474,0.007799999999999998,-2.200000000000001,167.07748413085938,169.2075958251953
8245,8245,-10,215488,0.007799999999999998,-2.200000000000001,549.8594970703125,191.37353515625
8246,8246,-10,215516,0.007799999999999998,-2.200000000000001,141.07850646972656,187.37347412109375
8247,8247,-10,215541,0.007799999999999998,-2.200000000000001,274.3868103027344,191.7559814453125
8248,8248,-10,215558,0.007799999999999998,-2.200000000000001,104.32432556152344,176.28579711914062
8249,8249,-10,215579,0.007799999999999998,-2.200000000000001,98.56398010253906,167.5152587890625
8250,8250,-10,215593,0.007799999999999998,-2.200000000000001,163.57244873046875,165.69119262695312
8251,8251,-10,215609,0.007799999999999998,0.0,233.90342712402344,155.2348175048828
8252,8252,-10,215623,0.007799999999999998,0.0,147.7115478515625,175.4109649658203
8253,8253,100,215646,0.007799999999999998,0.0,177.2201385498047,159.07046508789062
8254,8254,-10,215661,0.007799999999999998,0.0,127.61153411865234,174.55215454101562
8255,8255,-10,215677,0.007799999999999998,0.0,155.56166076660156,152.60641479492188
8256,8256,-10,215692,0.007799999999999998,0.0,137.02618408203125,175.89111328125
8257,8257,-10,215707,0.007799999999999998,0.0,169.84188842773438,172.1329345703125
8258,8258,-10,215721,0.007799999999999998,0.0,103.95565795898438,181.08062744140625
8259,8259,-10,215735,0.007799999999999998,0.0,110.02723693847656,170.00949096679688
8260,8260,-10,215755,0.007799999999999998,0.0,119.27045440673828,179.8246307373047
8261,8261,-10,215769,0.007799999999999998,0.0,114.34468078613281,169.57858276367188
8262,8262,-10,215784,0.007799999999999998,0.0,254.6184844970703,153.60067749023438
8263,8263,-10,215799,0.007799999999999998,0.0,98.84728240966797,165.7498779296875
8264,8264,-10,215814,0.007799999999999998,0.0,114.27801513671875,181.81463623046875
8265,8265,-10,215844,0.007799999999999998,0.0,130.81915283203125,173.59182739257812
8266,8266,100,215850,0.007799999999999998,0.0,90.6140365600586,160.6961212158203
8267,8267,100,215856,0.007799999999999998,0.0,196.1252899169922,170.19752502441406
8268,8268,100,215871,0.007799999999999998,0.0,248.60147094726562,155.8422393798828
8269,8269,-10,215892,0.007799999999999998,0.0,167.99513244628906,147.45236206054688
8270,8270,-10,215919,0.007799999999999998,0.0,101.41571807861328,178.04722595214844
8271,8271,100,215936,0.007799999999999998,0.0,244.19960021972656,171.0311279296875
8272,8272,-10,215957,0.007799999999999998,0.0,118.68843078613281,170.2244110107422
8273,8273,-10,215983,0.007799999999999998,0.0,105.64976501464844,181.43161010742188
8274,8274,100,216000,0.007799999999999998,0.0,83.51080322265625,176.09487915039062
8275,8275,-10,216015,0.007799999999999998,0.0,226.72528076171875,160.0101318359375
8276,8276,-10,216032,0.007799999999999998,0.0,86.5504150390625,181.19741821289062
8277,8277,-10,216047,0.007799999999999998,0.0,160.7892303466797,160.7615966796875
8278,8278,100,216062,0.007799999999999998,0.0,120.34976959228516,170.8052215576172
8279,8279,-10,216084,0.007799999999999998,0.0,94.69981384277344,166.19015502929688
8280,8280,-10,216104,0.007799999999999998,0.0,184.65174865722656,181.458740234375
8281,8281,-10,216120,0.007799999999999998,0.0,146.16297912597656,180.49002075195312
8282,8282,-10,216142,0.007799999999999998,0.0,152.07412719726562,172.3737030029297
8283,8283,-10,216171,0.007799999999999998,0.0,145.8453369140625,173.8470458984375
8284,8284,-10,216189,0.007799999999999998,0.0,224.91851806640625,175.25039672851562
8285,8285,-10,216215,0.007799999999999998,0.0,118.621337890625,180.1728515625
8286,8286,-10,216231,0.007799999999999998,0.0,155.60134887695312,179.92413330078125
8287,8287,-10,216259,0.007799999999999998,0.0,106.0453872680664,172.21205139160156
8288,8288,100,216273,0.007799999999999998,0.0,79.40483093261719,186.00466918945312
8289,8289,-10,216287,0.007799999999999998,0.0,92.37164306640625,165.6390380859375
8290,8290,100,216301,0.007799999999999998,0.0,107.47859954833984,164.59323120117188
8291,8291,100,216318,0.007799999999999998,0.0,128.90277099609375,158.68890380859375
8292,8292,-10,216333,0.007799999999999998,0.0,92.37785339355469,179.8253173828125
8293,8293,100,216347,0.007799999999999998,0.0,152.0707550048828,166.095458984375
8294,8294,-10,216368,0.007799999999999998,0.0,194.41197204589844,178.48434448242188
8295,8295,100,216383,0.007799999999999998,0.0,84.83805847167969,172.4920654296875
8296,8296,-10,216398,0.007799999999999998,0.0,168.43971252441406,162.73312377929688
8297,8297,-10,216424,0.007799999999999998,0.0,95.90505981445312,163.7435760498047
8298,8298,-10,216451,0.007799999999999998,0.0,121.86998748779297,166.4805908203125
8299,8299,100,216468,0.007799999999999998,0.0,116.55880737304688,165.3225860595703
8300,8300,-10,216484,0.007799999999999998,0.0,203.67306518554688,170.08505249023438
8301,8301,-10,216499,0.0022999999999999965,11.000000000000002,213.5947265625,154.4722442626953
8302,8302,-10,216513,0.0022999999999999965,11.000000000000002,131.77232360839844,162.27825927734375
8303,8303,-10,216540,0.0022999999999999965,11.000000000000002,150.66162109375,155.90858459472656
8304,8304,100,216554,0.0022999999999999965,11.000000000000002,113.87214660644531,182.3189697265625
8305,8305,-10,216580,0.0022999999999999965,11.000000000000002,60.325340270996094,169.65396118164062
8306,8306,-10,216595,0.0022999999999999965,11.000000000000002,86.18599700927734,168.84042358398438
8307,8307,-10,216610,0.0022999999999999965,11.000000000000002,199.2687225341797,161.86526489257812
8308,8308,-10,216626,0.0022999999999999965,11.000000000000002,117.81312561035156,155.1171112060547
8309,8309,-10,216647,0.0022999999999999965,11.000000000000002,245.54306030273438,167.59188842773438
8310,8310,-10,216673,0.0022999999999999965,11.000000000000002,126.96525573730469,176.20884704589844
8311,8311,100,216687,0.0022999999999999965,11.000000000000002,84.12079620361328,168.04443359375
8312,8312,-10,216714,0.0022999999999999965,11.000000000000002,216.39466857910156,143.05355834960938
8313,8313,-10,216729,0.0022999999999999965,11.000000000000002,119.49671936035156,167.1056671142578
8314,8314,-10,216745,0.0022999999999999965,11.000000000000002,250.08786010742188,157.350341796875
8315,8315,-10,216761,0.0022999999999999965,11.000000000000002,87.60840606689453,173.4266815185547
8316,8316,100,216769,0.0022999999999999965,11.000000000000002,180.6847381591797,167.18995666503906
8317,8317,-10,216783,0.0022999999999999965,11.000000000000002,102.03245544433594,174.28280639648438
8318,8318,-10,216804,0.0022999999999999965,11.000000000000002,90.6730728149414,167.95059204101562
8319,8319,-10,216819,0.0022999999999999965,11.000000000000002,104.36322021484375,153.18759155273438
8320,8320,100,216827,0.0022999999999999965,11.000000000000002,126.31147003173828,170.0594940185547
8321,8321,-10,216841,0.0022999999999999965,11.000000000000002,118.73394012451172,163.13986206054688
8322,8322,-10,216857,0.0022999999999999965,11.000000000000002,125.67473602294922,178.35400390625
8323,8323,100,216871,0.0022999999999999965,11.000000000000002,107.20587158203125,174.2980194091797
8324,8324,-10,216898,0.0022999999999999965,11.000000000000002,157.82305908203125,165.4131317138672
8325,8325,-10,216912,0.0022999999999999965,11.000000000000002,138.4334259033203,165.93109130859375
8326,8326,100,216920,0.0022999999999999965,11.000000000000002,293.1463928222656,154.83840942382812
8327,8327,-10,216935,0.0022999999999999965,11.000000000000002,113.7450942993164,163.41079711914062
8328,8328,-10,216949,0.0022999999999999965,11.000000000000002,283.46240234375,147.59503173828125
8329,8329,-10,216978,0.0022999999999999965,11.000000000000002,226.55438232421875,167.80706787109375
8330,8330,-10,216993,0.0022999999999999965,11.000000000000002,88.01644897460938,174.5297088623047
8331,8331,-10,217021,0.0022999999999999965,11.000000000000002,150.70733642578125,156.05767822265625
8332,8332,-10,217047,0.0022999999999999965,11.000000000000002,112.8640365600586,171.08114624023438
8333,8333,-10,217073,0.0022999999999999965,11.000000000000002,197.20034790039062,179.38890075683594
8334,8334,-10,217088,0.0022999999999999965,11.000000000000002,79.80146789550781,179.93580627441406
8335,8335,-10,217105,0.0022999999999999965,11.000000000000002,355.1778259277344,176.54783630371094
8336,8336,100,217127,0.0022999999999999965,11.000000000000002,85.41963195800781,167.66940307617188
8337,8337,-10,217143,0.0022999999999999965,11.000000000000002,98.79450988769531,173.24362182617188
8338,8338,-10,217157,0.0022999999999999965,11.000000000000002,104.32838439941406,180.176513671875
8339,8339,-10,217172,0.0022999999999999965,11.000000000000002,115.73907470703125,161.06817626953125
8340,8340,-10,217187,0.0022999999999999965,11.000000000000002,207.5596923828125,150.58920288085938
8341,8341,-10,217203,0.0022999999999999965,11.000000000000002,121.36099243164062,162.09532165527344
8342,8342,-10,217218,0.0022999999999999965,11.000000000000002,112.96013641357422,178.65121459960938
8343,8343,-10,217232,0.0022999999999999965,11.000000000000002,128.22891235351562,180.23898315429688
8344,8344,-10,217251,0.0022999999999999965,11.000000000000002,107.3055419921875,161.40447998046875
8345,8345,-10,217271,0.0022999999999999965,11.000000000000002,211.89657592773438,160.93658447265625
8346,8346,-10,217288,0.0022999999999999965,11.000000000000002,232.67930603027344,170.09979248046875
8347,8347,-10,217315,0.0022999999999999965,11.000000000000002,121.11302185058594,162.6811981201172
8348,8348,-10,217344,0.0022999999999999965,11.000000000000002,132.62635803222656,169.63458251953125
8349,8349,-10,217371,0.0022999999999999965,11.000000000000002,131.34457397460938,154.9521026611328
8350,8350,-10,217385,0.0022999999999999965,11.000000000000002,234.73573303222656,182.13035583496094
8351,8351,-10,217405,0.008899999999999998,-13.200000000000001,104.74281311035156,157.75015258789062
8352,8352,100,217412,0.008899999999999998,-13.200000000000001,133.39418029785156,174.19259643554688
8353,8353,-10,217428,0.008899999999999998,-13.200000000000001,128.75454711914062,153.9735870361328
8354,8354,-10,217455,0.008899999999999998,-13.200000000000001,157.42706298828125,185.98773193359375
8355,8355,-10,217470,0.008899999999999998,-13.200000000000001,98.04812622070312,186.11669921875
8356,8356,-10,217495,0.008899999999999998,-13.200000000000001,98.71339416503906,169.4930877685547
8357,8357,-10,217520,0.008899999999999998,-13.200000000000001,335.3896179199219,138.27403259277344
8358,8358,-10,217536,0.008899999999999998,-13.200000000000001,170.3594512939453,142.47314453125
8359,8359,-10,217562,0.008899999999999998,-13.200000000000001,118.26868438720703,142.27944946289062
8360,8360,100,217576,0.008899999999999998,-13.200000000000001,128.97946166992188,162.62698364257812
8361,8361,100,217582,0.008899999999999998,-13.200000000000001,105.25202178955078,149.9533233642578
8362,8362,-10,217597,0.008899999999999998,-13.200000000000001,147.911865234375,151.09677124023438
8363,8363,-10,217624,0.008899999999999998,-13.200000000000001,230.11851501464844,170.22119140625
8364,8364,-10,217638,0.008899999999999998,-13.200000000000001,81.81641387939453,165.24725341796875
8365,8365,-10,217653,0.008899999999999998,-13.200000000000001,144.02804565429688,152.90640258789062
8366,8366,-10,217673,0.008899999999999998,-13.200000000000001,110.70382690429688,176.70753479003906
8367,8367,-10,217688,0.008899999999999998,-13.200000000000001,97.79409790039062,179.9987030029297
8368,8368,-10,217703,0.008899999999999998,-13.200000000000001,121.89859008789062,154.3821258544922
8369,8369,-10,217730,0.008899999999999998,-13.200000000000001,127.07755279541016,145.00648498535156
8370,8370,-10,217744,0.008899999999999998,-13.200000000000001,110.2650146484375,162.89834594726562
8371,8371,-10,217759,0.008899999999999998,-13.200000000000001,133.98648071289062,180.84144592285156
8372,8372,-10,217779,0.008899999999999998,-13.200000000000001,89.75243377685547,171.3634033203125
8373,8373,-10,217804,0.008899999999999998,-13.200000000000001,113.37761688232422,174.2205810546875
8374,8374,-10,217820,0.008899999999999998,-13.200000000000001,86.061767578125,157.23562622070312
8375,8375,-10,217835,0.008899999999999998,-13.200000000000001,143.93695068359375,204.135009765625
8376,8376,-10,217861,0.008899999999999998,-13.200000000000001,87.09980010986328,166.6758270263672
8377,8377,-10,217878,0.008899999999999998,-13.200000000000001,138.17501831054688,162.47171020507812
8378,8378,-10,217895,0.008899999999999998,-13.200000000000001,136.3828125,147.9840850830078
8379,8379,-10,217911,0.008899999999999998,-13.200000000000001,118.29460144042969,155.07351684570312
8380,8380,100,217919,0.008899999999999998,-13.200000000000001,97.50520324707031,161.52584838867188
8381,8381,-10,217934,0.008899999999999998,-13.200000000000001,174.85801696777344,163.74362182617188
8382,8382,-10,217949,0.008899999999999998,-13.200000000000001,152.33535766601562,168.65261840820312
8383,8383,100,217966,0.008899999999999998,-13.200000000000001,106.10563659667969,191.00831604003906
8384,8384,-10,217991,0.008899999999999998,-13.200000000000001,105.22349548339844,180.51870727539062
8385,8385,-10,218010,0.008899999999999998,-13.200000000000001,115.70310974121094,187.18719482421875
8386,8386,-10,218026,0.008899999999999998,-13.200000000000001,100.8780517578125,158.29434204101562
8387,8387,-10,218041,0.008899999999999998,-13.200000000000001,145.35557556152344,139.9095458984375
8388,8388,-10,218061,0.008899999999999998,-13.200000000000001,99.7209701538086,158.89402770996094
8389,8389,-10,218086,0.008899999999999998,-13.200000000000001,127.00186920166016,179.42474365234375
8390,8390,-10,218106,0.008899999999999998,-13.200000000000001,129.11184692382812,155.14015197753906
8391,8391,-10,218131,0.008899999999999998,-13.200000000000001,164.93597412109375,175.65921020507812
8392,8392,-10,218145,0.008899999999999998,-13.200000000000001,137.85543823242188,169.319580078125
8393,8393,-10,218171,0.008899999999999998,-13.200000000000001,100.99749755859375,147.07009887695312
8394,8394,-10,218186,0.008899999999999998,-13.200000000000001,120.16192626953125,187.5022430419922
8395,8395,-10,218201,0.008899999999999998,-13.200000000000001,98.79943084716797,175.34237670898438
8396,8396,100,218233,0.008899999999999998,-13.200000000000001,156.15496826171875,161.66644287109375
8397,8397,-10,218248,0.008899999999999998,-13.200000000000001,104.13368225097656,169.22396850585938
8398,8398,100,218255,0.008899999999999998,-13.200000000000001,120.44371032714844,159.83224487304688
8399,8399,100,218262,0.008899999999999998,-13.200000000000001,89.71054077148438,182.26828002929688
8400,8400,-10,218276,0.008899999999999998,-13.200000000000001,186.80552673339844,165.8098602294922
8401,8401,-10,218291,0.007799999999999999,2.1999999999999993,107.28195190429688,160.69760131835938
8402,8402,-10,218318,0.007799999999999999,2.1999999999999993,123.08537292480469,172.13912963867188
8403,8403,-10,218334,0.007799999999999999,2.1999999999999993,114.40312194824219,176.79736328125
8404,8404,100,218351,0.007799999999999999,2.1999999999999993,128.98397827148438,162.66116333007812
8405,8405,-10,218366,0.007799999999999999,2.1999999999999993,236.94143676757812,157.93740844726562
8406,8406,-10,218391,0.007799999999999999,2.1999999999999993,199.62310791015625,169.90826416015625
8407,8407,-10,218417,0.007799999999999999,2.1999999999999993,133.64739990234375,174.1039276123047
8408,8408,-10,218443,0.007799999999999999,2.1999999999999993,212.21963500976562,163.02313232421875
8409,8409,-10,218458,0.007799999999999999,2.1999999999999993,95.70177459716797,155.8343505859375
8410,8410,-10,218486,0.007799999999999999,2.1999999999999993,165.29757690429688,182.19866943359375
8411,8411,100,218500,0.007799999999999999,2.1999999999999993,163.89500427246094,156.0870819091797
8412,8412,-10,218525,0.007799999999999999,2.1999999999999993,238.161376953125,161.6729278564453
8413,8413,-10,218540,0.007799999999999999,2.1999999999999993,87.35537719726562,172.4676513671875
8414,8414,-10,218560,0.007799999999999999,2.1999999999999993,110.10186767578125,164.97683715820312
8415,8415,100,218567,0.007799999999999999,2.1999999999999993,104.85865020751953,171.84173583984375
8416,8416,-10,218582,0.007799999999999999,2.1999999999999993,158.47586059570312,188.84780883789062
8417,8417,-10,218607,0.007799999999999999,2.1999999999999993,125.77523803710938,173.53878784179688
8418,8418,-10,218622,0.007799999999999999,2.1999999999999993,112.49952697753906,174.92872619628906
8419,8419,100,218636,0.007799999999999999,2.1999999999999993,138.46298217773438,168.93856811523438
8420,8420,-10,218661,0.007799999999999999,2.1999999999999993,139.09033203125,164.1845703125
8421,8421,-10,218680,0.007799999999999999,2.1999999999999993,141.74960327148438,160.55685424804688
8422,8422,100,218697,0.007799999999999999,2.1999999999999993,111.36997985839844,159.87722778320312
8423,8423,-10,218712,0.007799999999999999,2.1999999999999993,121.57460021972656,167.83460998535156
8424,8424,-10,218727,0.007799999999999999,2.1999999999999993,110.8260498046875,167.77047729492188
8425,8425,100,218735,0.007799999999999999,2.1999999999999993,160.34518432617188,180.70974731445312
8426,8426,-10,218756,0.007799999999999999,2.1999999999999993,538.7698974609375,163.27024841308594
8427,8427,-10,218781,0.007799999999999999,2.1999999999999993,144.66200256347656,151.14459228515625
8428,8428,-10,218797,0.007799999999999999,2.1999999999999993,151.69915771484375,167.54833984375
8429,8429,-10,218822,0.007799999999999999,2.1999999999999993,148.298583984375,162.4339141845703
8430,8430,-10,218847,0.007799999999999999,2.1999999999999993,94.66507720947266,161.8214874267578
8431,8431,-10,218871,0.007799999999999999,2.1999999999999993,201.78961181640625,181.47738647460938
8432,8432,-10,218885,0.007799999999999999,2.1999999999999993,143.4633026123047,148.46536254882812
8433,8433,-10,218900,0.007799999999999999,2.1999999999999993,116.16719818115234,169.35055541992188
8434,8434,-10,218915,0.007799999999999999,2.1999999999999993,97.29412841796875,160.39222717285156
8435,8435,100,218932,0.007799999999999999,2.1999999999999993,109.4727783203125,159.77879333496094
8436,8436,100,218938,0.007799999999999999,2.1999999999999993,107.50331115722656,162.13121032714844
8437,8437,-10,218964,0.007799999999999999,2.1999999999999993,79.6930160522461,157.85707092285156
8438,8438,-10,218989,0.007799999999999999,2.1999999999999993,110.46937561035156,151.70999145507812
8439,8439,100,218997,0.007799999999999999,2.1999999999999993,93.18741607666016,165.76702880859375
8440,8440,-10,219012,0.007799999999999999,2.1999999999999993,130.6622314453125,154.3392333984375
8441,8441,-10,219039,0.007799999999999999,2.1999999999999993,139.8833770751953,152.41146850585938
8442,8442,-10,219053,0.007799999999999999,2.1999999999999993,93.77352905273438,173.17120361328125
8443,8443,-10,219067,0.007799999999999999,2.1999999999999993,191.18453979492188,161.4730987548828
8444,8444,-10,219087,0.007799999999999999,2.1999999999999993,111.79194641113281,148.65232849121094
8445,8445,-10,219107,0.007799999999999999,2.1999999999999993,106.28964233398438,156.00888061523438
8446,8446,-10,219127,0.007799999999999999,2.1999999999999993,111.8387451171875,174.05661010742188
8447,8447,-10,219143,0.007799999999999999,2.1999999999999993,219.97911071777344,160.56105041503906
8448,8448,-10,219157,0.007799999999999999,2.1999999999999993,114.0199966430664,170.25119018554688
8449,8449,-10,219173,0.007799999999999999,2.1999999999999993,217.84097290039062,167.88133239746094
8450,8450,-10,219198,0.007799999999999999,2.1999999999999993,160.71141052246094,156.3944854736328
8451,8451,100,219215,0.0066999999999999985,2.200000000000001,155.77426147460938,150.6678466796875
8452,8452,-10,219241,0.0066999999999999985,2.200000000000001,193.42694091796875,161.0630645751953
8453,8453,-10,219256,0.0066999999999999985,2.200000000000001,112.07826232910156,132.7464599609375
8454,8454,-10,219276,0.0066999999999999985,2.200000000000001,264.96282958984375,139.400146484375
8455,8455,-10,219303,0.0066999999999999985,2.200000000000001,231.24432373046875,170.05068969726562
8456,8456,-10,219320,0.0066999999999999985,2.200000000000001,85.09609985351562,159.0960693359375
8457,8457,-10,219346,0.0066999999999999985,2.200000000000001,104.17676544189453,160.65147399902344
8458,8458,-10,219362,0.0066999999999999985,2.200000000000001,105.19452667236328,165.07467651367188
8459,8459,-10,219376,0.0066999999999999985,2.200000000000001,183.91851806640625,143.21266174316406
8460,8460,-10,219402,0.0066999999999999985,2.200000000000001,244.1222381591797,153.79483032226562
8461,8461,-10,219429,0.0066999999999999985,2.200000000000001,154.85009765625,148.30026245117188
8462,8462,-10,219454,0.0066999999999999985,2.200000000000001,90.21267700195312,167.0391387939453
8463,8463,-10,219468,0.0066999999999999985,2.200000000000001,185.38824462890625,166.0303192138672
8464,8464,-10,219493,0.0066999999999999985,2.200000000000001,127.05764770507812,161.50726318359375
8465,8465,-10,219519,0.0066999999999999985,2.200000000000001,84.3668212890625,160.24954223632812
8466,8466,-10,219545,0.0066999999999999985,2.200000000000001,82.27359008789062,168.8532257080078
8467,8467,-10,219560,0.0066999999999999985,2.200000000000001,92.54029846191406,167.0311279296875
8468,8468,-10,219575,0.0066999999999999985,2.200000000000001,157.0967254638672,161.45974731445312
8469,8469,-10,219601,0.0066999999999999985,2.200000000000001,118.99635314941406,159.0511474609375
8470,8470,-10,219616,0.0066999999999999985,2.200000000000001,77.56633758544922,164.59083557128906
8471,8471,-10,219641,0.0066999999999999985,2.200000000000001,82.8935775756836,169.38446044921875
8472,8472,-10,219666,0.0066999999999999985,2.200000000000001,142.6697998046875,165.3697052001953
8473,8473,100,219683,0.0066999999999999985,2.200000000000001,86.06659698486328,172.0245361328125
8474,8474,-10,219699,0.0066999999999999985,2.200000000000001,113.75481414794922,172.21580505371094
8475,8475,100,219714,0.0066999999999999985,2.200000000000001,135.98342895507812,168.41458129882812
8476,8476,-10,219733,0.0066999999999999985,2.200000000000001,174.51980590820312,154.90084838867188
8477,8477,-10,219754,0.0066999999999999985,2.200000000000001,115.68678283691406,144.57977294921875
8478,8478,-10,219779,0.0066999999999999985,2.200000000000001,103.56881713867188,151.57289123535156
8479,8479,-10,219804,0.0066999999999999985,2.200000000000001,111.57977294921875,171.73825073242188
8480,8480,100,219818,0.0066999999999999985,2.200000000000001,147.2318115234375,177.17877197265625
8481,8481,-10,219832,0.0066999999999999985,2.200000000000001,89.30451965332031,156.11209106445312
8482,8482,-10,219858,0.0066999999999999985,2.200000000000001,91.32972717285156,159.8271484375
8483,8483,-10,219883,0.0066999999999999985,2.200000000000001,123.19935607910156,163.92955017089844
8484,8484,-10,219898,0.0066999999999999985,2.200000000000001,208.03958129882812,162.2061309814453
8485,8485,-10,219913,0.0066999999999999985,2.200000000000001,78.76052856445312,164.95619201660156
8486,8486,-10,219932,0.0066999999999999985,2.200000000000001,230.88211059570312,175.58970642089844
8487,8487,-10,219957,0.0066999999999999985,2.200000000000001,94.62641143798828,146.38626098632812
8488,8488,-10,219971,0.0066999999999999985,2.200000000000001,117.79859924316406,164.92935180664062
8489,8489,-10,219985,0.0066999999999999985,2.200000000000001,73.7285385131836,168.8190460205078
8490,8490,-10,220005,0.0066999999999999985,2.200000000000001,133.25880432128906,161.3272247314453
8491,8491,100,220026,0.0066999999999999985,2.200000000000001,111.58314514160156,165.02821350097656
8492,8492,-10,220040,0.0066999999999999985,2.200000000000001,101.76094818115234,168.291748046875
8493,8493,-10,220054,0.0066999999999999985,2.200000000000001,82.8199691772461,164.4855499267578
8494,8494,-10,220069,0.0066999999999999985,2.200000000000001,160.9816131591797,165.29541015625
8495,8495,-10,220089,0.0066999999999999985,2.200000000000001,96.55477142333984,163.28382873535156
8496,8496,100,220106,0.0066999999999999985,2.200000000000001,137.42137145996094,159.28347778320312
8497,8497,-10,220120,0.0066999999999999985,2.200000000000001,136.68289184570312,160.55657958984375
8498,8498,-10,220150,0.0066999999999999985,2.200000000000001,129.6800079345703,158.0296630859375
8499,8499,-10,220165,0.0066999999999999985,2.200000000000001,130.2529296875,152.032470703125
8500,8500,100,220173,0.0066999999999999985,2.200000000000001,134.09490966796875,151.8612060546875
8501,8501,-10,220192,0.008899999999999998,-4.4,140.4981689453125,144.14820861816406
8502,8502,-10,220208,0.008899999999999998,-4.4,106.49488830566406,157.51708984375
8503,8503,-10,220229,0.008899999999999998,-4.4,78.09091186523438,159.5552978515625
8504,8504,-10,220245,0.008899999999999998,-4.4,134.8203582763672,158.65472412109375
8505,8505,100,220266,0.008899999999999998,-4.4,97.90461730957031,152.1121368408203
8506,8506,-10,220292,0.008899999999999998,-4.4,125.69012451171875,179.4446563720703
8507,8507,-10,220317,0.008899999999999998,-4.4,94.7779769897461,162.13314819335938
8508,8508,100,220334,0.008899999999999998,-4.4,193.01776123046875,129.7559814453125
8509,8509,-10,220363,0.008899999999999998,-4.4,131.25833129882812,158.65621948242188
8510,8510,-10,220379,0.008899999999999998,-4.4,150.58151245117188,161.80300903320312
8511,8511,-10,220406,0.008899999999999998,-4.4,125.7149658203125,164.15982055664062
8512,8512,-10,220435,0.008899999999999998,-4.4,107.60931396484375,159.65904235839844
8513,8513,-10,220449,0.008899999999999998,-4.4,162.48577880859375,175.9819793701172
8514,8514,-10,220469,0.008899999999999998,-4.4,108.32688903808594,174.66452026367188
8515,8515,-10,220485,0.008899999999999998,-4.4,90.632080078125,165.324951171875
8516,8516,100,220493,0.008899999999999998,-4.4,78.99957275390625,163.7652130126953
8517,8517,-10,220508,0.008899999999999998,-4.4,146.52783203125,164.30029296875
8518,8518,-10,220528,0.008899999999999998,-4.4,79.25658416748047,155.26739501953125
8519,8519,-10,220542,0.008899999999999998,-4.4,149.2274932861328,143.57769775390625
8520,8520,-10,220558,0.008899999999999998,-4.4,379.60784912109375,155.0919952392578
8521,8521,-10,220584,0.008899999999999998,-4.4,149.59918212890625,168.0000762939453
8522,8522,-10,220598,0.008899999999999998,-4.4,91.54579162597656,158.95513916015625
8523,8523,-10,220614,0.008899999999999998,-4.4,136.8236541748047,172.29342651367188
8524,8524,-10,220628,0.008899999999999998,-4.4,252.69769287109375,160.07077026367188
8525,8525,-10,220653,0.008899999999999998,-4.4,132.7494659423828,143.64743041992188
8526,8526,-10,220678,0.008899999999999998,-4.4,104.55166625976562,159.05322265625
8527,8527,-10,220692,0.008899999999999998,-4.4,144.94998168945312,167.43270874023438
8528,8528,-10,220708,0.008899999999999998,-4.4,142.9597930908203,158.0691680908203
8529,8529,-10,220733,0.008899999999999998,-4.4,134.97808837890625,143.7991943359375
8530,8530,-10,220747,0.008899999999999998,-4.4,92.7706298828125,154.4485321044922
8531,8531,-10,220772,0.008899999999999998,-4.4,169.36843872070312,149.55763244628906
8532,8532,-10,220792,0.008899999999999998,-4.4,132.8894500732422,143.73318481445312
8533,8533,-10,220812,0.008899999999999998,-4.4,100.17129516601562,161.04983520507812
8534,8534,-10,220827,0.008899999999999998,-4.4,155.13119506835938,164.72952270507812
8535,8535,100,220845,0.008899999999999998,-4.4,195.70262145996094,160.6777801513672
8536,8536,-10,220867,0.008899999999999998,-4.4,175.2000274658203,157.60430908203125
8537,8537,-10,220882,0.008899999999999998,-4.4,159.89486694335938,165.18643188476562
8538,8538,100,220899,0.008899999999999998,-4.4,158.07846069335938,158.53048706054688
8539,8539,-10,220925,0.008899999999999998,-4.4,160.27664184570312,142.07418823242188
8540,8540,100,220931,0.008899999999999998,-4.4,113.30394744873047,169.83929443359375
8541,8541,-10,220946,0.008899999999999998,-4.4,109.36727905273438,170.36422729492188
8542,8542,100,220967,0.008899999999999998,-4.4,115.0330810546875,170.72857666015625
8543,8543,-10,220993,0.008899999999999998,-4.4,192.95645141601562,163.69720458984375
8544,8544,100,221010,0.008899999999999998,-4.4,94.38896179199219,167.9173583984375
8545,8545,-10,221026,0.008899999999999998,-4.4,181.43923950195312,171.24728393554688
8546,8546,-10,221055,0.008899999999999998,-4.4,142.50865173339844,156.68701171875
8547,8547,-10,221069,0.008899999999999998,-4.4,93.3548355102539,169.906005859375
8548,8548,-10,221100,0.008899999999999998,-4.4,96.48121643066406,153.14723205566406
8549,8549,-10,221124,0.008899999999999998,-4.4,136.9084014892578,143.21157836914062
8550,8550,-10,221138,0.008899999999999998,-4.4,131.73580932617188,166.7349090576172
8551,8551,-10,221154,0.007799999999999999,2.1999999999999993,190.96099853515625,158.64405822753906
8552,8552,-10,221169,0.007799999999999999,2.1999999999999993,136.0543212890625,151.58639526367188
8553,8553,-10,221194,0.007799999999999999,2.1999999999999993,146.10862731933594,153.86996459960938
8554,8554,-10,221209,0.007799999999999999,2.1999999999999993,98.62560272216797,150.52215576171875
8555,8555,-10,221223,0.007799999999999999,2.1999999999999993,127.39165496826172,163.65457153320312
8556,8556,-10,221238,0.007799999999999999,2.1999999999999993,123.89938354492188,146.08450317382812
8557,8557,100,221246,0.007799999999999999,2.1999999999999993,100.72598266601562,160.57174682617188
8558,8558,-10,221261,0.007799999999999999,2.1999999999999993,107.76248931884766,152.45352172851562
8559,8559,-10,221282,0.007799999999999999,2.1999999999999993,108.45407104492188,161.46551513671875
8560,8560,-10,221297,0.007799999999999999,2.1999999999999993,110.70063781738281,146.69757080078125
8561,8561,-10,221312,0.007799999999999999,2.1999999999999993,107.93222045898438,171.557861328125
8562,8562,100,221318,0.007799999999999999,2.1999999999999993,161.81809997558594,163.02667236328125
8563,8563,100,221332,0.007799999999999999,2.1999999999999993,161.20472717285156,162.4950408935547
8564,8564,-10,221358,0.007799999999999999,2.1999999999999993,173.9169921875,149.5279541015625
8565,8565,-10,221378,0.007799999999999999,2.1999999999999993,299.94073486328125,164.2352294921875
8566,8566,-10,221394,0.007799999999999999,2.1999999999999993,143.3800048828125,159.13258361816406
8567,8567,-10,221409,0.007799999999999999,2.1999999999999993,150.57447814941406,157.43798828125
8568,8568,-10,221436,0.007799999999999999,2.1999999999999993,90.02088165283203,170.98709106445312
8569,8569,-10,221450,0.007799999999999999,2.1999999999999993,111.9561767578125,165.095458984375
8570,8570,-10,221476,0.007799999999999999,2.1999999999999993,78.70606231689453,169.99685668945312
8571,8571,-10,221491,0.007799999999999999,2.1999999999999993,143.2584228515625,149.4200439453125
8572,8572,-10,221517,0.007799999999999999,2.1999999999999993,83.718017578125,163.35580444335938
8573,8573,-10,221533,0.007799999999999999,2.1999999999999993,71.74214172363281,174.5460968017578
8574,8574,-10,221548,0.007799999999999999,2.1999999999999993,141.15524291992188,151.09716796875
8575,8575,-10,221562,0.007799999999999999,2.1999999999999993,137.9661865234375,161.8224639892578
8576,8576,100,221576,0.007799999999999999,2.1999999999999993,126.26995849609375,150.56784057617188
8577,8577,-10,221602,0.007799999999999999,2.1999999999999993,78.78858947753906,161.1356201171875
8578,8578,-10,221628,0.007799999999999999,2.1999999999999993,186.5675506591797,148.4247589111328
8579,8579,-10,221643,0.007799999999999999,2.1999999999999993,193.7251739501953,153.50863647460938
8580,8580,-10,221658,0.007799999999999999,2.1999999999999993,139.23690795898438,157.20550537109375
8581,8581,-10,221674,0.007799999999999999,2.1999999999999993,105.61134338378906,149.9184112548828
8582,8582,-10,221694,0.007799999999999999,2.1999999999999993,90.76408386230469,160.69752502441406
8583,8583,100,221701,0.007799999999999999,2.1999999999999993,120.88853454589844,162.08758544921875
8584,8584,-10,221716,0.007799999999999999,2.1999999999999993,143.2429656982422,160.82025146484375
8585,8585,-10,221731,0.007799999999999999,2.1999999999999993,206.8373260498047,162.00384521484375
8586,8586,-10,221758,0.007799999999999999,2.1999999999999993,194.49569702148438,164.74960327148438
8587,8587,-10,221772,0.007799999999999999,2.1999999999999993,98.44413757324219,177.77462768554688
8588,8588,-10,221797,0.007799999999999999,2.1999999999999993,109.46965026855469,145.50880432128906
8589,8589,-10,221823,0.007799999999999999,2.1999999999999993,80.10391235351562,165.62828063964844
8590,8590,-10,221839,0.007799999999999999,2.1999999999999993,243.63864135742188,143.89517211914062
8591,8591,-10,221853,0.007799999999999999,2.1999999999999993,114.977294921875,156.6805419921875
8592,8592,100,221859,0.007799999999999999,2.1999999999999993,184.90103149414062,146.85775756835938
8593,8593,-10,221873,0.007799999999999999,2.1999999999999993,106.92610168457031,154.48773193359375
8594,8594,-10,221888,0.007799999999999999,2.1999999999999993,182.95001220703125,157.3424835205078
8595,8595,100,221902,0.007799999999999999,2.1999999999999993,108.56004333496094,160.91908264160156
8596,8596,-10,221927,0.007799999999999999,2.1999999999999993,117.489501953125,159.3795166015625
8597,8597,-10,221942,0.007799999999999999,2.1999999999999993,143.61532592773438,153.1450958251953
8598,8598,100,221950,0.007799999999999999,2.1999999999999993,192.697998046875,167.7627410888672
8599,8599,-10,221966,0.007799999999999999,2.1999999999999993,101.07913970947266,167.8114471435547
8600,8600,100,221987,0.007799999999999999,2.1999999999999993,134.7110137939453,167.5720672607422
8601,8601,-10,222007,0.0066999999999999985,2.200000000000001,155.14700317382812,163.64871215820312
8602,8602,100,222028,0.0066999999999999985,2.200000000000001,155.86322021484375,148.0563201904297
8603,8603,-10,222045,0.0066999999999999985,2.200000000000001,169.3134765625,165.81893920898438
8604,8604,-10,222071,0.0066999999999999985,2.200000000000001,138.46583557128906,158.40499877929688
8605,8605,100,222085,0.0066999999999999985,2.200000000000001,152.55838012695312,141.2320556640625
8606,8606,-10,222102,0.0066999999999999985,2.200000000000001,121.93238067626953,162.46707153320312
8607,8607,100,222108,0.0066999999999999985,2.200000000000001,154.40939331054688,145.9610595703125
8608,8608,-10,222133,0.0066999999999999985,2.200000000000001,91.13665771484375,136.69247436523438
8609,8609,100,222139,0.0066999999999999985,2.200000000000001,165.189208984375,163.56600952148438
8610,8610,100,222145,0.0066999999999999985,2.200000000000001,107.27143859863281,146.37083435058594
8611,8611,-10,222159,0.0066999999999999985,2.200000000000001,126.68434143066406,152.79876708984375
8612,8612,-10,222185,0.0066999999999999985,2.200000000000001,94.54965209960938,156.04248046875
8613,8613,-10,222210,0.0066999999999999985,2.200000000000001,82.82463073730469,145.6552276611328
8614,8614,100,222218,0.0066999999999999985,2.200000000000001,260.9364318847656,151.09999084472656
8615,8615,-10,222238,0.0066999999999999985,2.200000000000001,74.02235412597656,164.33282470703125
8616,8616,-10,222257,0.0066999999999999985,2.200000000000001,68.0498046875,174.80728149414062
8617,8617,-10,222283,0.0066999999999999985,2.200000000000001,78.38798522949219,158.3670654296875
8618,8618,-10,222312,0.0066999999999999985,2.200000000000001,186.4391632080078,155.5711669921875
8619,8619,-10,222328,0.0066999999999999985,2.200000000000001,95.70355224609375,161.39227294921875
8620,8620,-10,222342,0.0066999999999999985,2.200000000000001,82.7358169555664,155.38885498046875
8621,8621,-10,222357,0.0066999999999999985,2.200000000000001,100.9495849609375,169.9449462890625
8622,8622,-10,222373,0.0066999999999999985,2.200000000000001,118.66864776611328,136.96102905273438
8623,8623,-10,222393,0.0066999999999999985,2.200000000000001,145.17991638183594,172.19430541992188
8624,8624,-10,222408,0.0066999999999999985,2.200000000000001,114.73855590820312,162.7672576904297
8625,8625,-10,222434,0.0066999999999999985,2.200000000000001,135.33010864257812,139.91786193847656
8626,8626,-10,222459,0.0066999999999999985,2.200000000000001,96.24723815917969,143.70535278320312
8627,8627,-10,222486,0.0066999999999999985,2.200000000000001,118.27220153808594,152.16940307617188
8628,8628,100,222500,0.0066999999999999985,2.200000000000001,116.8978042602539,137.2813262939453
8629,8629,-10,222516,0.0066999999999999985,2.200000000000001,95.10054016113281,152.26873779296875
8630,8630,100,222533,0.0066999999999999985,2.200000000000001,123.86254119873047,144.7345733642578
8631,8631,-10,222548,0.0066999999999999985,2.200000000000001,164.74908447265625,141.92062377929688
8632,8632,-10,222574,0.0066999999999999985,2.200000000000001,129.85531616210938,158.8509063720703
8633,8633,-10,222594,0.0066999999999999985,2.200000000000001,94.7518310546875,174.99301147460938
8634,8634,-10,222609,0.0066999999999999985,2.200000000000001,137.4995574951172,157.17031860351562
8635,8635,-10,222624,0.0066999999999999985,2.200000000000001,79.43695831298828,158.93942260742188
8636,8636,-10,222640,0.0066999999999999985,2.200000000000001,190.77874755859375,154.55471801757812
8637,8637,-10,222659,0.0066999999999999985,2.200000000000001,159.11776733398438,152.3602294921875
8638,8638,100,222677,0.0066999999999999985,2.200000000000001,145.74783325195312,149.46841430664062
8639,8639,-10,222692,0.0066999999999999985,2.200000000000001,129.3278045654297,155.70103454589844
8640,8640,100,222700,0.0066999999999999985,2.200000000000001,112.74964904785156,141.48719787597656
8641,8641,-10,222714,0.0066999999999999985,2.200000000000001,120.60614013671875,159.58160400390625
8642,8642,100,222728,0.0066999999999999985,2.200000000000001,102.69792175292969,166.20684814453125
8643,8643,-10,222753,0.0066999999999999985,2.200000000000001,153.662109375,168.68246459960938
8644,8644,-10,222769,0.0066999999999999985,2.200000000000001,127.84446716308594,165.963134765625
8645,8645,-10,222796,0.0066999999999999985,2.200000000000001,84.94766998291016,164.09616088867188
8646,8646,-10,222821,0.0066999999999999985,2.200000000000001,235.23529052734375,129.3383026123047
8647,8647,100,222835,0.0066999999999999985,2.200000000000001,316.0824890136719,155.6116943359375
8648,8648,-10,222863,0.0066999999999999985,2.200000000000001,131.7276611328125,141.041015625
8649,8649,-10,222880,0.0066999999999999985,2.200000000000001,116.41454315185547,164.07925415039062
8650,8650,-10,222895,0.0066999999999999985,2.200000000000001,196.39332580566406,150.5082550048828
8651,8651,100,222912,0.0033999999999999994,6.599999999999998,114.05642700195312,147.80532836914062
8652,8652,-10,222937,0.0033999999999999994,6.599999999999998,84.02711486816406,154.19947814941406
8653,8653,-10,222953,0.0033999999999999994,6.599999999999998,112.55430603027344,140.92015075683594
8654,8654,100,222967,0.0033999999999999994,6.599999999999998,71.49335479736328,145.5020751953125
8655,8655,-10,222986,0.0033999999999999994,6.599999999999998,157.93788146972656,141.9578857421875
8656,8656,-10,223001,0.0033999999999999994,6.599999999999998,92.64651489257812,181.06951904296875
8657,8657,-10,223017,0.0033999999999999994,6.599999999999998,190.16445922851562,148.4988555908203
8658,8658,100,223035,0.0033999999999999994,6.599999999999998,163.046630859375,143.66171264648438
8659,8659,-10,223050,0.0033999999999999994,6.599999999999998,124.42398071289062,163.23089599609375
8660,8660,-10,223064,0.0033999999999999994,6.599999999999998,171.53884887695312,151.2150421142578
8661,8661,-10,223079,0.0033999999999999994,6.599999999999998,97.85392761230469,141.57879638671875
8662,8662,-10,223095,0.0033999999999999994,6.599999999999998,160.78915405273438,152.73519897460938
8663,8663,-10,223114,0.0033999999999999994,6.599999999999998,148.76377868652344,124.88616180419922
8664,8664,-10,223139,0.0033999999999999994,6.599999999999998,119.0736083984375,148.02114868164062
8665,8665,-10,223153,0.0033999999999999994,6.599999999999998,96.36768341064453,180.65374755859375
8666,8666,-10,223169,0.0033999999999999994,6.599999999999998,149.4093017578125,153.6548614501953
8667,8667,-10,223186,0.0033999999999999994,6.599999999999998,137.82232666015625,146.5279541015625
8668,8668,-10,223206,0.0033999999999999994,6.599999999999998,131.03738403320312,162.92788696289062
8669,8669,-10,223233,0.0033999999999999994,6.599999999999998,163.72227478027344,153.38015747070312
8670,8670,-10,223248,0.0033999999999999994,6.599999999999998,118.58837890625,160.83416748046875
8671,8671,-10,223273,0.0033999999999999994,6.599999999999998,127.67192077636719,138.14199829101562
8672,8672,-10,223300,0.0033999999999999994,6.599999999999998,82.35552978515625,164.8143310546875
8673,8673,100,223318,0.0033999999999999994,6.599999999999998,73.22319030761719,148.86312866210938
8674,8674,-10,223343,0.0033999999999999994,6.599999999999998,137.13668823242188,156.8284454345703
8675,8675,-10,223363,0.0033999999999999994,6.599999999999998,96.48464965820312,163.3607177734375
8676,8676,-10,223378,0.0033999999999999994,6.599999999999998,100.38072204589844,154.373779296875
8677,8677,-10,223404,0.0033999999999999994,6.599999999999998,151.4285125732422,128.538330078125
8678,8678,100,223418,0.0033999999999999994,6.599999999999998,104.16336059570312,159.06011962890625
8679,8679,-10,223444,0.0033999999999999994,6.599999999999998,119.89466857910156,142.06649780273438
8680,8680,100,223465,0.0033999999999999994,6.599999999999998,145.23757934570312,144.09112548828125
8681,8681,-10,223491,0.0033999999999999994,6.599999999999998,117.62525939941406,142.7501983642578
8682,8682,-10,223508,0.0033999999999999994,6.599999999999998,85.4525146484375,157.1173095703125
8683,8683,100,223525,0.0033999999999999994,6.599999999999998,96.39961242675781,155.2845458984375
8684,8684,100,223539,0.0033999999999999994,6.599999999999998,168.86451721191406,138.99484252929688
8685,8685,-10,223564,0.0033999999999999994,6.599999999999998,172.57130432128906,135.9977569580078
8686,8686,100,223571,0.0033999999999999994,6.599999999999998,156.05465698242188,145.10263061523438
8687,8687,-10,223587,0.0033999999999999994,6.599999999999998,94.7375259399414,141.81695556640625
8688,8688,-10,223604,0.0033999999999999994,6.599999999999998,94.46385192871094,158.0548553466797
8689,8689,-10,223618,0.0033999999999999994,6.599999999999998,128.04153442382812,159.7703857421875
8690,8690,-10,223643,0.0033999999999999994,6.599999999999998,134.89309692382812,164.2406768798828
8691,8691,-10,223663,0.0033999999999999994,6.599999999999998,87.81507110595703,134.21734619140625
8692,8692,-10,223683,0.0033999999999999994,6.599999999999998,154.6840057373047,159.31771850585938
8693,8693,-10,223698,0.0033999999999999994,6.599999999999998,58.08042526245117,155.04922485351562
8694,8694,-10,223723,0.0033999999999999994,6.599999999999998,180.603759765625,166.54368591308594
8695,8695,-10,223748,0.0033999999999999994,6.599999999999998,162.65969848632812,142.16079711914062
8696,8696,-10,223774,0.0033999999999999994,6.599999999999998,99.14889526367188,128.84393310546875
8697,8697,-10,223800,0.0033999999999999994,6.599999999999998,113.90194702148438,146.45242309570312
8698,8698,-10,223816,0.0033999999999999994,6.599999999999998,98.80860900878906,135.10653686523438
8699,8699,-10,223831,0.0033999999999999994,6.599999999999998,189.85598754882812,157.2364959716797
8700,8700,-10,223857,0.0033999999999999994,6.599999999999998,100.74130249023438,135.50344848632812
8701,8701,-10,223871,0.0066999999999999985,-6.599999999999998,192.71713256835938,157.3486785888672
8702,8702,-10,223885,0.0066999999999999985,-6.599999999999998,75.016357421875,165.98431396484375
8703,8703,-10,223900,0.0066999999999999985,-6.599999999999998,79.63992309570312,171.32247924804688
8704,8704,-10,223914,0.0066999999999999985,-6.599999999999998,143.7241668701172,153.64410400390625
8705,8705,-10,223940,0.0066999999999999985,-6.599999999999998,97.06233215332031,167.48939514160156
8706,8706,-10,223955,0.0066999999999999985,-6.599999999999998,145.41476440429688,148.03433227539062
8707,8707,-10,223969,0.0066999999999999985,-6.599999999999998,103.11117553710938,154.6942138671875
8708,8708,-10,223995,0.0066999999999999985,-6.599999999999998,139.00851440429688,150.509521484375
8709,8709,-10,224010,0.0066999999999999985,-6.599999999999998,101.8939208984375,143.7672882080078
8710,8710,-10,224036,0.0066999999999999985,-6.599999999999998,84.32000732421875,138.69378662109375
8711,8711,100,224043,0.0066999999999999985,-6.599999999999998,151.1915740966797,133.96502685546875
8712,8712,-10,224063,0.0066999999999999985,-6.599999999999998,127.86288452148438,123.84600830078125
8713,8713,100,224071,0.0066999999999999985,-6.599999999999998,116.1263198852539,162.96197509765625
8714,8714,-10,224091,0.0066999999999999985,-6.599999999999998,132.90484619140625,138.79864501953125
8715,8715,100,224105,0.0066999999999999985,-6.599999999999998,108.04590606689453,139.65219116210938
8716,8716,-10,224119,0.0066999999999999985,-6.599999999999998,89.90558624267578,165.77069091796875
8717,8717,-10,224139,0.0066999999999999985,-6.599999999999998,264.1924743652344,148.15194702148438
8718,8718,-10,224160,0.0066999999999999985,-6.599999999999998,149.81515502929688,172.40272521972656
8719,8719,-10,224174,0.0066999999999999985,-6.599999999999998,130.9348907470703,127.20307922363281
8720,8720,-10,224200,0.0066999999999999985,-6.599999999999998,189.24111938476562,139.38128662109375
8721,8721,-10,224227,0.0066999999999999985,-6.599999999999998,113.56805419921875,131.85781860351562
8722,8722,-10,224247,0.0066999999999999985,-6.599999999999998,353.0576171875,144.16465759277344
8723,8723,-10,224272,0.0066999999999999985,-6.599999999999998,83.27020263671875,154.80374145507812
8724,8724,-10,224288,0.0066999999999999985,-6.599999999999998,88.12991333007812,159.61326599121094
8725,8725,-10,224306,0.0066999999999999985,-6.599999999999998,125.94345092773438,154.9955596923828
8726,8726,100,224327,0.0066999999999999985,-6.599999999999998,99.94877624511719,159.37094116210938
8727,8727,-10,224352,0.0066999999999999985,-6.599999999999998,106.94044494628906,158.34027099609375
8728,8728,100,224366,0.0066999999999999985,-6.599999999999998,116.13351440429688,144.5897216796875
8729,8729,-10,224381,0.0066999999999999985,-6.599999999999998,78.72076416015625,153.0282440185547
8730,8730,100,224388,0.0066999999999999985,-6.599999999999998,146.2053985595703,145.4986114501953
8731,8731,-10,224413,0.0066999999999999985,-6.599999999999998,167.70208740234375,154.38465881347656
8732,8732,100,224430,0.0066999999999999985,-6.599999999999998,133.72549438476562,132.79769897460938
8733,8733,-10,224451,0.0066999999999999985,-6.599999999999998,100.16293334960938,154.53309631347656
8734,8734,-10,224477,0.0066999999999999985,-6.599999999999998,206.14035034179688,144.30282592773438
8735,8735,-10,224491,0.0066999999999999985,-6.599999999999998,188.2208251953125,145.95327758789062
8736,8736,-10,224507,0.0066999999999999985,-6.599999999999998,165.91433715820312,151.88409423828125
8737,8737,-10,224522,0.0066999999999999985,-6.599999999999998,122.6717300415039,142.74273681640625
8738,8738,100,224543,0.0066999999999999985,-6.599999999999998,169.21994018554688,155.13662719726562
8739,8739,-10,224569,0.0066999999999999985,-6.599999999999998,194.5977325439453,140.45237731933594
8740,8740,100,224577,0.0066999999999999985,-6.599999999999998,103.65763854980469,141.4322967529297
8741,8741,100,224598,0.0066999999999999985,-6.599999999999998,62.89643096923828,162.70079040527344
8742,8742,-10,224613,0.0066999999999999985,-6.599999999999998,113.04562377929688,156.72393798828125
8743,8743,-10,224628,0.0066999999999999985,-6.599999999999998,171.74798583984375,162.86810302734375
8744,8744,-10,224643,0.0066999999999999985,-6.599999999999998,92.43236541748047,149.96380615234375
8745,8745,-10,224657,0.0066999999999999985,-6.599999999999998,116.04447937011719,161.50531005859375
8746,8746,-10,224683,0.0066999999999999985,-6.599999999999998,209.52474975585938,163.8734893798828
8747,8747,100,224704,0.0066999999999999985,-6.599999999999998,109.83531188964844,163.55389404296875
8748,8748,-10,224720,0.0066999999999999985,-6.599999999999998,121.38066101074219,149.97695922851562
8749,8749,-10,224734,0.0066999999999999985,-6.599999999999998,125.30162048339844,153.9976806640625
8750,8750,-10,224755,0.0066999999999999985,-6.599999999999998,155.24835205078125,155.63607788085938
8751,8751,-10,224780,0.004499999999999999,4.399999999999999,76.55890655517578,145.70431518554688
8752,8752,-10,224796,0.004499999999999999,4.399999999999999,108.71292114257812,156.5709991455078
8753,8753,-10,224815,0.004499999999999999,4.399999999999999,169.74703979492188,144.1728973388672
8754,8754,-10,224829,0.004499999999999999,4.399999999999999,108.24485778808594,142.92388916015625
8755,8755,-10,224846,0.004499999999999999,4.399999999999999,112.11761474609375,138.85751342773438
8756,8756,-10,224862,0.004499999999999999,4.399999999999999,88.11201477050781,142.3519744873047
8757,8757,100,224876,0.004499999999999999,4.399999999999999,177.0251922607422,155.7041015625
8758,8758,-10,224892,0.004499999999999999,4.399999999999999,108.69935607910156,140.77761840820312
8759,8759,100,224906,0.004499999999999999,4.399999999999999,69.3521499633789,158.67428588867188
8760,8760,-10,224921,0.004499999999999999,4.399999999999999,92.43194580078125,143.2942352294922
8761,8761,-10,224936,0.004499999999999999,4.399999999999999,123.29261016845703,158.60687255859375
8762,8762,-10,224961,0.004499999999999999,4.399999999999999,96.38334655761719,141.32644653320312
8763,8763,-10,224976,0.004499999999999999,4.399999999999999,137.3874969482422,149.7472686767578
8764,8764,-10,225003,0.004499999999999999,4.399999999999999,101.18133544921875,143.36001586914062
8765,8765,-10,225028,0.004499999999999999,4.399999999999999,110.86573791503906,151.9754638671875
8766,8766,-10,225048,0.004499999999999999,4.399999999999999,129.03915405273438,140.84219360351562
8767,8767,-10,225063,0.004499999999999999,4.399999999999999,141.78567504882812,148.94827270507812
8768,8768,-10,225083,0.004499999999999999,4.399999999999999,162.1363067626953,137.27731323242188
8769,8769,-10,225099,0.004499999999999999,4.399999999999999,116.0838623046875,129.41102600097656
8770,8770,-10,225113,0.004499999999999999,4.399999999999999,86.87367248535156,139.75730895996094
8771,8771,100,225119,0.004499999999999999,4.399999999999999,162.1631622314453,150.659912109375
8772,8772,100,225133,0.004499999999999999,4.399999999999999,93.69825744628906,153.26304626464844
8773,8773,-10,225147,0.004499999999999999,4.399999999999999,119.21046447753906,163.6075439453125
8774,8774,-10,225174,0.004499999999999999,4.399999999999999,126.21988677978516,134.6297607421875
8775,8775,-10,225189,0.004499999999999999,4.399999999999999,573.4072265625,153.5059356689453
8776,8776,-10,225205,0.004499999999999999,4.399999999999999,92.594482421875,153.17340087890625
8777,8777,-10,225220,0.004499999999999999,4.399999999999999,89.37733459472656,143.02938842773438
8778,8778,100,225226,0.004499999999999999,4.399999999999999,473.1842346191406,151.65782165527344
8779,8779,-10,225255,0.004499999999999999,4.399999999999999,534.3822021484375,139.97772216796875
8780,8780,-10,225271,0.004499999999999999,4.399999999999999,140.20997619628906,138.7451934814453
8781,8781,-10,225286,0.004499999999999999,4.399999999999999,181.5381622314453,129.82273864746094
8782,8782,-10,225301,0.004499999999999999,4.399999999999999,174.87423706054688,136.583251953125
8783,8783,-10,225317,0.004499999999999999,4.399999999999999,117.10761260986328,139.29254150390625
8784,8784,-10,225342,0.004499999999999999,4.399999999999999,289.32720947265625,130.83554077148438
8785,8785,-10,225357,0.004499999999999999,4.399999999999999,152.98941040039062,147.10577392578125
8786,8786,-10,225372,0.004499999999999999,4.399999999999999,128.49688720703125,135.37916564941406
8787,8787,100,225386,0.004499999999999999,4.399999999999999,160.850830078125,147.1528778076172
8788,8788,100,225403,0.004499999999999999,4.399999999999999,256.6915283203125,154.1611328125
8789,8789,100,225420,0.004499999999999999,4.399999999999999,133.76895141601562,141.40968322753906
8790,8790,-10,225435,0.004499999999999999,4.399999999999999,90.83839416503906,152.4163818359375
8791,8791,-10,225449,0.004499999999999999,4.399999999999999,173.35348510742188,137.7514190673828
8792,8792,-10,225465,0.004499999999999999,4.399999999999999,73.23979949951172,144.83181762695312
8793,8793,-10,225482,0.004499999999999999,4.399999999999999,94.91943359375,139.2583465576172
8794,8794,-10,225497,0.004499999999999999,4.399999999999999,180.05580139160156,136.1441192626953
8795,8795,-10,225512,0.004499999999999999,4.399999999999999,276.6877746582031,121.79739379882812
8796,8796,-10,225527,0.004499999999999999,4.399999999999999,87.3731689453125,124.7512435913086
8797,8797,-10,225547,0.004499999999999999,4.399999999999999,90.69168853759766,148.2238311767578
8798,8798,-10,225564,0.004499999999999999,4.399999999999999,167.5166015625,141.139892578125
8799,8799,-10,225579,0.004499999999999999,4.399999999999999,266.6474914550781,163.89093017578125
8800,8800,-10,225595,0.004499999999999999,4.399999999999999,95.04258728027344,146.11273193359375
8801,8801,-10,225610,0.007799999999999999,-6.6,108.31890869140625,142.61476135253906
8802,8802,-10,225625,0.007799999999999999,-6.6,82.73417663574219,169.69485473632812
8803,8803,-10,225639,0.007799999999999999,-6.6,90.76568603515625,152.23765563964844
8804,8804,-10,225654,0.007799999999999999,-6.6,78.56863403320312,140.48648071289062
8805,8805,100,225660,0.007799999999999999,-6.6,134.27911376953125,149.7000732421875
8806,8806,-10,225674,0.007799999999999999,-6.6,82.7042236328125,151.5303955078125
8807,8807,-10,225690,0.007799999999999999,-6.6,71.75306701660156,142.23715209960938
8808,8808,-10,225705,0.007799999999999999,-6.6,89.12225341796875,164.25704956054688
8809,8809,-10,225720,0.007799999999999999,-6.6,126.27763366699219,136.76182556152344
8810,8810,-10,225735,0.007799999999999999,-6.6,123.47369384765625,150.81466674804688
8811,8811,-10,225756,0.007799999999999999,-6.6,84.20425415039062,159.4400177001953
8812,8812,-10,225772,0.007799999999999999,-6.6,133.00401306152344,149.05123901367188
8813,8813,-10,225788,0.007799999999999999,-6.6,131.78533935546875,139.88412475585938
8814,8814,100,225793,0.007799999999999999,-6.6,87.9438247680664,175.0556640625
8815,8815,-10,225809,0.007799999999999999,-6.6,89.33831787109375,154.0601806640625
8816,8816,-10,225825,0.007799999999999999,-6.6,218.00924682617188,139.285888671875
8817,8817,-10,225839,0.007799999999999999,-6.6,69.61691284179688,154.89126586914062
8818,8818,100,225853,0.007799999999999999,-6.6,168.41964721679688,124.93373107910156
8819,8819,-10,225871,0.007799999999999999,-6.6,126.63700866699219,131.69131469726562
8820,8820,-10,225885,0.007799999999999999,-6.6,67.25901794433594,156.05853271484375
8821,8821,-10,225900,0.007799999999999999,-6.6,180.20538330078125,128.03912353515625
8822,8822,-10,225915,0.007799999999999999,-6.6,215.94203186035156,133.6506805419922
8823,8823,-10,225930,0.007799999999999999,-6.6,206.36607360839844,153.7956085205078
8824,8824,-10,225955,0.007799999999999999,-6.6,104.54469299316406,126.35302734375
8825,8825,-10,225971,0.007799999999999999,-6.6,113.75605773925781,144.7603759765625
8826,8826,-10,225987,0.007799999999999999,-6.6,102.6688232421875,161.49176025390625
8827,8827,-10,226003,0.007799999999999999,-6.6,129.6472930908203,160.19189453125
8828,8828,-10,226018,0.007799999999999999,-6.6,130.8717803955078,149.08737182617188
8829,8829,-10,226035,0.007799999999999999,-6.6,244.10659790039062,139.2711181640625
8830,8830,-10,226055,0.007799999999999999,-6.6,91.51229858398438,163.6778106689453
8831,8831,-10,226071,0.007799999999999999,-6.6,213.10000610351562,164.68185424804688
8832,8832,-10,226086,0.007799999999999999,-6.6,70.62257385253906,145.36749267578125
8833,8833,-10,226114,0.007799999999999999,-6.6,100.69770812988281,112.54632568359375
8834,8834,-10,226128,0.007799999999999999,-6.6,134.63970947265625,145.52230834960938
8835,8835,-10,226144,0.007799999999999999,-6.6,74.15946197509766,142.65179443359375
8836,8836,-10,226160,0.007799999999999999,-6.6,144.36251831054688,141.03988647460938
8837,8837,-10,226176,0.007799999999999999,-6.6,106.75635528564453,132.3973846435547
8838,8838,-10,226192,0.007799999999999999,-6.6,80.31993103027344,150.99066162109375
8839,8839,-10,226206,0.007799999999999999,-6.6,266.5311279296875,170.54278564453125
8840,8840,-10,226222,0.007799999999999999,-6.6,108.51374053955078,141.12477111816406
8841,8841,-10,226242,0.007799999999999999,-6.6,122.6100845336914,157.88641357421875
8842,8842,-10,226257,0.007799999999999999,-6.6,119.85200500488281,134.8331756591797
8843,8843,-10,226272,0.007799999999999999,-6.6,176.68682861328125,126.88417053222656
8844,8844,-10,226293,0.007799999999999999,-6.6,70.28306579589844,158.4535369873047
8845,8845,-10,226308,0.007799999999999999,-6.6,102.98310852050781,151.96875
8846,8846,100,226322,0.007799999999999999,-6.6,208.60177612304688,145.13006591796875
8847,8847,-10,226337,0.007799999999999999,-6.6,431.0904541015625,144.1791229248047
8848,8848,-10,226351,0.007799999999999999,-6.6,111.56834411621094,140.30682373046875
8849,8849,-10,226366,0.007799999999999999,-6.6,169.84698486328125,152.15814208984375
8850,8850,100,226373,0.007799999999999999,-6.6,143.5718536376953,141.1377410888672
8851,8851,100,226397,0.01,-6.6,128.30001831054688,166.5836639404297
8852,8852,-10,226417,0.01,-6.6,177.30340576171875,138.8778076171875
8853,8853,-10,226432,0.01,-6.6,166.563720703125,139.97047424316406
8854,8854,-10,226447,0.01,-6.6,104.42716217041016,138.8099822998047
8855,8855,-10,226462,0.01,-6.6,96.20631408691406,135.72409057617188
8856,8856,100,226476,0.01,-6.6,164.9508819580078,145.04383850097656
8857,8857,-10,226502,0.01,-6.6,92.03811645507812,137.5241241455078
8858,8858,-10,226530,0.01,-6.6,129.60537719726562,131.9620361328125
8859,8859,100,226544,0.01,-6.6,117.40776062011719,153.08863830566406
8860,8860,-10,226559,0.01,-6.6,55.09152603149414,138.3809814453125
8861,8861,-10,226584,0.01,-6.6,130.57803344726562,140.6858367919922
8862,8862,100,226598,0.01,-6.6,103.81568908691406,156.99346923828125
8863,8863,-10,226612,0.01,-6.6,155.80873107910156,138.8870849609375
8864,8864,-10,226626,0.01,-6.6,224.54925537109375,133.0270233154297
8865,8865,100,226632,0.01,-6.6,96.74897003173828,137.4147186279297
8866,8866,-10,226647,0.01,-6.6,141.02784729003906,145.43194580078125
8867,8867,-10,226663,0.01,-6.6,142.00152587890625,146.67758178710938
8868,8868,-10,226679,0.01,-6.6,131.82296752929688,136.61544799804688
8869,8869,-10,226693,0.01,-6.6,87.66930389404297,138.39974975585938
8870,8870,-10,226708,0.01,-6.6,71.63092803955078,152.59173583984375
8871,8871,-10,226723,0.01,-6.6,79.66691589355469,148.60806274414062
8872,8872,-10,226737,0.01,-6.6,105.1089859008789,135.86883544921875
8873,8873,100,226755,0.01,-6.6,97.95616912841797,141.42486572265625
8874,8874,-10,226770,0.01,-6.6,106.23151397705078,127.05977630615234
8875,8875,-10,226787,0.01,-6.6,154.7933807373047,134.55465698242188
8876,8876,100,226801,0.01,-6.6,87.22085571289062,142.43026733398438
8877,8877,-10,226816,0.01,-6.6,194.60025024414062,117.99561309814453
8878,8878,-10,226835,0.01,-6.6,75.24246215820312,139.59588623046875
8879,8879,-10,226850,0.01,-6.6,102.54255676269531,128.28468322753906
8880,8880,-10,226866,0.01,-6.6,201.46017456054688,120.53168487548828
8881,8881,-10,226882,0.01,-6.6,184.88922119140625,151.3718719482422
8882,8882,100,226896,0.01,-6.6,146.67193603515625,136.5504150390625
8883,8883,-10,226916,0.01,-6.6,134.30636596679688,156.42630004882812
8884,8884,100,226922,0.01,-6.6,201.68870544433594,131.45062255859375
8885,8885,100,226939,0.01,-6.6,81.37561798095703,150.92112731933594
8886,8886,-10,226954,0.01,-6.6,122.96051788330078,133.77835083007812
8887,8887,-10,226968,0.01,-6.6,154.0541229248047,148.69593811035156
8888,8888,-10,226983,0.01,-6.6,65.60614013671875,148.92364501953125
8889,8889,-10,226997,0.01,-6.6,116.25313568115234,143.25433349609375
8890,8890,-10,227012,0.01,-6.6,130.14834594726562,161.60244750976562
8891,8891,-10,227027,0.01,-6.6,96.77879333496094,139.50564575195312
8892,8892,-10,227042,0.01,-6.6,88.64456176757812,128.13177490234375
8893,8893,100,227064,0.01,-6.6,169.62112426757812,136.28746032714844
8894,8894,-10,227080,0.01,-6.6,96.48065185546875,154.59249877929688
8895,8895,-10,227095,0.01,-6.6,236.37899780273438,112.5226058959961
8896,8896,100,227112,0.01,-6.6,71.19225311279297,157.67930603027344
8897,8897,-10,227128,0.01,-6.6,84.79903411865234,153.23663330078125
8898,8898,-10,227147,0.01,-6.6,119.62610626220703,136.45262145996094
8899,8899,-10,227164,0.01,-6.6,198.13015747070312,130.76324462890625
8900,8900,-10,227189,0.01,-6.6,67.53514862060547,152.61526489257812
8901,8901,-10,227204,0.002300000000000001,15.399999999999999,118.33120727539062,135.9871063232422
8902,8902,-10,227221,0.002300000000000001,15.399999999999999,107.12350463867188,127.65557098388672
8903,8903,-10,227236,0.002300000000000001,15.399999999999999,162.27389526367188,141.72938537597656
8904,8904,-10,227251,0.002300000000000001,15.399999999999999,76.52909088134766,123.8421859741211
8905,8905,-10,227266,0.002300000000000001,15.399999999999999,200.96798706054688,144.90538024902344
8906,8906,-10,227282,0.002300000000000001,15.399999999999999,189.4030303955078,139.492431640625
8907,8907,100,227290,0.002300000000000001,15.399999999999999,186.74423217773438,134.91891479492188
8908,8908,-10,227304,0.002300000000000001,15.399999999999999,135.0156707763672,123.38573455810547
8909,8909,-10,227320,0.002300000000000001,15.399999999999999,128.76502990722656,144.48126220703125
8910,8910,-10,227336,0.002300000000000001,15.399999999999999,140.45150756835938,150.6327667236328
8911,8911,-10,227353,0.002300000000000001,15.399999999999999,86.13740539550781,148.46490478515625
8912,8912,-10,227378,0.002300000000000001,15.399999999999999,105.3208236694336,143.15969848632812
8913,8913,-10,227393,0.002300000000000001,15.399999999999999,328.0497741699219,127.02456665039062
8914,8914,100,227417,0.002300000000000001,15.399999999999999,207.3858184814453,141.77130126953125
8915,8915,-10,227432,0.002300000000000001,15.399999999999999,118.78572082519531,149.02915954589844
8916,8916,100,227450,0.002300000000000001,15.399999999999999,152.360595703125,125.71884155273438
8917,8917,-10,227470,0.002300000000000001,15.399999999999999,105.98681640625,121.66798400878906
8918,8918,-10,227485,0.002300000000000001,15.399999999999999,147.86074829101562,133.96507263183594
8919,8919,-10,227501,0.002300000000000001,15.399999999999999,172.45816040039062,120.24365234375
8920,8920,-10,227516,0.002300000000000001,15.399999999999999,71.86061096191406,137.78085327148438
8921,8921,-10,227532,0.002300000000000001,15.399999999999999,117.73841857910156,133.93716430664062
8922,8922,-10,227547,0.002300000000000001,15.399999999999999,81.04924011230469,135.07904052734375
8923,8923,-10,227563,0.002300000000000001,15.399999999999999,166.96591186523438,142.30612182617188
8924,8924,-10,227588,0.002300000000000001,15.399999999999999,130.14715576171875,149.8955535888672
8925,8925,-10,227615,0.002300000000000001,15.399999999999999,187.53341674804688,130.49685668945312
8926,8926,100,227623,0.002300000000000001,15.399999999999999,90.80641174316406,145.59402465820312
8927,8927,-10,227639,0.002300000000000001,15.399999999999999,205.43316650390625,129.75442504882812
8928,8928,-10,227654,0.002300000000000001,15.399999999999999,149.47940063476562,130.9646453857422
8929,8929,-10,227670,0.002300000000000001,15.399999999999999,131.28948974609375,140.93405151367188
8930,8930,-10,227685,0.002300000000000001,15.399999999999999,197.85687255859375,128.547119140625
8931,8931,100,227699,0.002300000000000001,15.399999999999999,126.43788146972656,135.759033203125
8932,8932,100,227716,0.002300000000000001,15.399999999999999,90.00247192382812,150.95220947265625
8933,8933,100,227730,0.002300000000000001,15.399999999999999,123.03358459472656,135.00564575195312
8934,8934,-10,227745,0.002300000000000001,15.399999999999999,180.29586791992188,147.63809204101562
8935,8935,-10,227770,0.002300000000000001,15.399999999999999,71.46125793457031,147.09371948242188
8936,8936,100,227776,0.002300000000000001,15.399999999999999,116.52373504638672,137.5067901611328
8937,8937,-10,227791,0.002300000000000001,15.399999999999999,129.6186065673828,148.32235717773438
8938,8938,100,227797,0.002300000000000001,15.399999999999999,185.48104858398438,136.18661499023438
8939,8939,-10,227817,0.002300000000000001,15.399999999999999,70.70897674560547,147.3240966796875
8940,8940,-10,227832,0.002300000000000001,15.399999999999999,88.9994888305664,158.8639678955078
8941,8941,-10,227848,0.002300000000000001,15.399999999999999,81.56236267089844,146.2706298828125
8942,8942,-10,227868,0.002300000000000001,15.399999999999999,66.35458374023438,147.0152587890625
8943,8943,-10,227883,0.002300000000000001,15.399999999999999,110.95257568359375,123.69548797607422
8944,8944,-10,227908,0.002300000000000001,15.399999999999999,93.43639373779297,161.24526977539062
8945,8945,-10,227924,0.002300000000000001,15.399999999999999,152.38851928710938,128.23892211914062
8946,8946,100,227940,0.002300000000000001,15.399999999999999,108.72522735595703,145.72222900390625
8947,8947,-10,227960,0.002300000000000001,15.399999999999999,116.51887512207031,145.13192749023438
8948,8948,-10,227988,0.002300000000000001,15.399999999999999,189.63623046875,136.67361450195312
8949,8949,-10,228005,0.002300000000000001,15.399999999999999,124.09884643554688,141.37503051757812
8950,8950,100,228013,0.002300000000000001,15.399999999999999,227.5189208984375,134.30917358398438
8951,8951,-10,228028,0.0034000000000000002,-2.1999999999999993,310.42486572265625,109.90240478515625
8952,8952,-10,228054,0.0034000000000000002,-2.1999999999999993,80.94754028320312,147.305419921875
8953,8953,-10,228074,0.0034000000000000002,-2.1999999999999993,83.74816131591797,128.95840454101562
8954,8954,-10,228089,0.0034000000000000002,-2.1999999999999993,167.63687133789062,131.72354125976562
8955,8955,-10,228104,0.0034000000000000002,-2.1999999999999993,74.89539337158203,130.73983764648438
8956,8956,-10,228120,0.0034000000000000002,-2.1999999999999993,191.99746704101562,119.44145202636719
8957,8957,-10,228136,0.0034000000000000002,-2.1999999999999993,83.93515014648438,142.74832153320312
8958,8958,-10,228151,0.0034000000000000002,-2.1999999999999993,71.94358825683594,156.32904052734375
8959,8959,-10,228166,0.0034000000000000002,-2.1999999999999993,112.42678833007812,122.38449096679688
8960,8960,-10,228181,0.0034000000000000002,-2.1999999999999993,135.77761840820312,122.86978912353516
8961,8961,-10,228196,0.0034000000000000002,-2.1999999999999993,106.513671875,136.5213623046875
8962,8962,-10,228212,0.0034000000000000002,-2.1999999999999993,94.567626953125,156.65652465820312
8963,8963,-10,228232,0.0034000000000000002,-2.1999999999999993,207.95384216308594,139.7599639892578
8964,8964,-10,228249,0.0034000000000000002,-2.1999999999999993,76.70000457763672,133.331787109375
8965,8965,-10,228264,0.0034000000000000002,-2.1999999999999993,166.47607421875,119.77970886230469
8966,8966,-10,228280,0.0034000000000000002,-2.1999999999999993,76.72235107421875,143.8944091796875
8967,8967,-10,228296,0.0034000000000000002,-2.1999999999999993,99.881103515625,130.0850830078125
8968,8968,-10,228312,0.0034000000000000002,-2.1999999999999993,272.1536865234375,126.00166320800781
8969,8969,-10,228329,0.0034000000000000002,-2.1999999999999993,142.23678588867188,137.3522186279297
8970,8970,100,228346,0.0034000000000000002,-2.1999999999999993,111.23686218261719,127.58060455322266
8971,8971,-10,228361,0.0034000000000000002,-2.1999999999999993,128.498046875,126.03453063964844
8972,8972,100,228387,0.0034000000000000002,-2.1999999999999993,119.76144409179688,137.83676147460938
8973,8973,-10,228402,0.0034000000000000002,-2.1999999999999993,154.38662719726562,128.11178588867188
8974,8974,-10,228428,0.0034000000000000002,-2.1999999999999993,118.58277893066406,136.3816680908203
8975,8975,100,228446,0.0034000000000000002,-2.1999999999999993,105.32806396484375,130.63621520996094
8976,8976,-10,228462,0.0034000000000000002,-2.1999999999999993,106.048828125,151.76177978515625
8977,8977,-10,228477,0.0034000000000000002,-2.1999999999999993,69.36077117919922,136.8628692626953
8978,8978,-10,228492,0.0034000000000000002,-2.1999999999999993,129.19097900390625,145.02978515625
8979,8979,-10,228507,0.0034000000000000002,-2.1999999999999993,148.00439453125,141.656494140625
8980,8980,-10,228521,0.0034000000000000002,-2.1999999999999993,100.09248352050781,148.6587371826172
8981,8981,-10,228536,0.0034000000000000002,-2.1999999999999993,77.5135726928711,141.9937286376953
8982,8982,-10,228551,0.0034000000000000002,-2.1999999999999993,90.97663879394531,136.84246826171875
8983,8983,100,228559,0.0034000000000000002,-2.1999999999999993,89.22285461425781,151.63552856445312
8984,8984,-10,228573,0.0034000000000000002,-2.1999999999999993,189.14593505859375,119.45430755615234
8985,8985,-10,228588,0.0034000000000000002,-2.1999999999999993,135.22042846679688,141.3909912109375
8986,8986,100,228605,0.0034000000000000002,-2.1999999999999993,85.189208984375,131.29725646972656
8987,8987,100,228619,0.0034000000000000002,-2.1999999999999993,180.1649169921875,143.02781677246094
8988,8988,-10,228633,0.0034000000000000002,-2.1999999999999993,99.29568481445312,131.52517700195312
8989,8989,-10,228648,0.0034000000000000002,-2.1999999999999993,119.87095642089844,143.55422973632812
8990,8990,-10,228674,0.0034000000000000002,-2.1999999999999993,205.07394409179688,124.6791000366211
8991,8991,-10,228699,0.0034000000000000002,-2.1999999999999993,73.8896484375,143.97879028320312
8992,8992,-10,228715,0.0034000000000000002,-2.1999999999999993,135.12167358398438,149.69467163085938
8993,8993,-10,228730,0.0034000000000000002,-2.1999999999999993,100.4908447265625,158.4574432373047
8994,8994,-10,228746,0.0034000000000000002,-2.1999999999999993,165.82301330566406,107.98947143554688
8995,8995,-10,228761,0.0034000000000000002,-2.1999999999999993,212.85459899902344,136.44305419921875
8996,8996,-10,228787,0.0034000000000000002,-2.1999999999999993,223.6851043701172,130.55465698242188
8997,8997,-10,228802,0.0034000000000000002,-2.1999999999999993,93.49150085449219,110.18804931640625
8998,8998,-10,228817,0.0034000000000000002,-2.1999999999999993,81.91236114501953,133.3114471435547
8999,8999,-10,228832,0.0034000000000000002,-2.1999999999999993,81.24024963378906,139.2784423828125
9000,9000,-10,228849,0.0034000000000000002,-2.1999999999999993,135.4945068359375,145.24208068847656
9001,9001,-10,228864,0.0089,-11.0,100.97181701660156,139.41876220703125
9002,9002,-10,228878,0.0089,-11.0,70.52447509765625,133.59820556640625
9003,9003,-10,228893,0.0089,-11.0,230.56199645996094,129.01560974121094
9004,9004,-10,228908,0.0089,-11.0,117.3183364868164,130.45443725585938
9005,9005,-10,228922,0.0089,-11.0,63.87394714355469,145.68365478515625
9006,9006,-10,228936,0.0089,-11.0,78.04573059082031,130.97702026367188
9007,9007,-10,228951,0.0089,-11.0,224.58541870117188,137.42550659179688
9008,9008,-10,228966,0.0089,-11.0,144.19105529785156,121.6728744506836
9009,9009,-10,228982,0.0089,-11.0,100.95116424560547,144.3450469970703
9010,9010,-10,228997,0.0089,-11.0,96.63215637207031,132.78994750976562
9011,9011,-10,229023,0.0089,-11.0,253.5732421875,129.094970703125
9012,9012,-10,229048,0.0089,-11.0,204.49591064453125,119.06842803955078
9013,9013,-10,229063,0.0089,-11.0,119.92988586425781,127.865234375
9014,9014,-10,229088,0.0089,-11.0,98.0677261352539,125.87147521972656
9015,9015,-10,229104,0.0089,-11.0,90.2537841796875,143.53973388671875
9016,9016,-10,229124,0.0089,-11.0,134.87960815429688,122.00300598144531
9017,9017,-10,229138,0.0089,-11.0,118.05746459960938,124.85627746582031
9018,9018,-10,229153,0.0089,-11.0,96.68753051757812,127.34698486328125
9019,9019,-10,229169,0.0089,-11.0,115.62939453125,114.78147888183594
9020,9020,-10,229185,0.0089,-11.0,161.23355102539062,135.51429748535156
9021,9021,-10,229199,0.0089,-11.0,166.45159912109375,151.25140380859375
9022,9022,100,229223,0.0089,-11.0,132.5435028076172,127.98550415039062
9023,9023,-10,229238,0.0089,-11.0,63.22582244873047,132.21974182128906
9024,9024,-10,229253,0.0089,-11.0,81.24279022216797,129.82586669921875
9025,9025,-10,229268,0.0089,-11.0,186.0426025390625,121.8897705078125
9026,9026,-10,229285,0.0089,-11.0,117.44428253173828,138.5643310546875
9027,9027,-10,229309,0.0089,-11.0,82.69599914550781,145.447021484375
9028,9028,-10,229324,0.0089,-11.0,126.62965393066406,124.89672088623047
9029,9029,100,229341,0.0089,-11.0,95.86860656738281,131.7698974609375
9030,9030,-10,229367,0.0089,-11.0,88.80120086669922,136.2369384765625
9031,9031,100,229381,0.0089,-11.0,109.12593078613281,143.27952575683594
9032,9032,-10,229408,0.0089,-11.0,171.66293334960938,108.94133758544922
9033,9033,-10,229423,0.0089,-11.0,62.52359390258789,132.7353515625
9034,9034,-10,229438,0.0089,-11.0,67.25518035888672,121.52970123291016
9035,9035,-10,229454,0.0089,-11.0,137.98828125,122.99855041503906
9036,9036,-10,229469,0.0089,-11.0,122.7100830078125,134.24234008789062
9037,9037,-10,229485,0.0089,-11.0,83.50138092041016,131.5643310546875
9038,9038,-10,229501,0.0089,-11.0,119.79966735839844,128.73410034179688
9039,9039,-10,229517,0.0089,-11.0,194.82647705078125,149.36325073242188
9040,9040,-10,229542,0.0089,-11.0,68.9372787475586,127.899169921875
9041,9041,-10,229557,0.0089,-11.0,222.4274444580078,137.70138549804688
9042,9042,100,229581,0.0089,-11.0,228.58848571777344,121.86445617675781
9043,9043,-10,229596,0.0089,-11.0,273.6156005859375,112.47016906738281
9044,9044,-10,229611,0.0089,-11.0,210.241943359375,139.48081970214844
9045,9045,-10,229626,0.0089,-11.0,70.8791732788086,131.8009033203125
9046,9046,-10,229652,0.0089,-11.0,90.32782745361328,157.01817321777344
9047,9047,-10,229668,0.0089,-11.0,75.84219360351562,137.66278076171875
9048,9048,-10,229683,0.0089,-11.0,165.466552734375,139.90573120117188
9049,9049,-10,229699,0.0089,-11.0,157.68905639648438,143.74288940429688
9050,9050,100,229707,0.0089,-11.0,146.1641845703125,142.5320281982422
9051,9051,-10,229723,0.01,-2.2,145.58340454101562,133.75167846679688
9052,9052,-10,229748,0.01,-2.2,106.42622375488281,148.56639099121094
9053,9053,-10,229763,0.01,-2.2,97.27133178710938,121.01213073730469
9054,9054,-10,229784,0.01,-2.2,63.32124328613281,134.1829833984375
9055,9055,-10,229799,0.01,-2.2,146.25035095214844,124.50010681152344
9056,9056,-10,229814,0.01,-2.2,153.9421844482422,121.7050552368164
9057,9057,-10,229828,0.01,-2.2,81.88406372070312,139.5810089111328
9058,9058,-10,229843,0.01,-2.2,201.53770446777344,129.0736846923828
9059,9059,-10,229863,0.01,-2.2,109.5283432006836,122.14608764648438
9060,9060,100,229881,0.01,-2.2,95.99374389648438,129.5122528076172
9061,9061,-10,229896,0.01,-2.2,193.41981506347656,109.22102355957031
9062,9062,-10,229910,0.01,-2.2,185.59458923339844,134.15261840820312
9063,9063,-10,229931,0.01,-2.2,92.204345703125,143.62884521484375
9064,9064,-10,229948,0.01,-2.2,224.70700073242188,142.3568878173828
9065,9065,100,229965,0.01,-2.2,129.02194213867188,123.96858978271484
9066,9066,-10,229979,0.01,-2.2,137.3862762451172,107.46614074707031
9067,9067,-10,229993,0.01,-2.2,72.02255249023438,126.72283935546875
9068,9068,-10,230010,0.01,-2.2,89.347412109375,133.69432067871094
9069,9069,-10,230025,0.01,-2.2,318.8853759765625,112.15103149414062
9070,9070,-10,230041,0.01,-2.2,148.34896850585938,133.3157958984375
9071,9071,-10,230061,0.01,-2.2,91.34613800048828,138.41604614257812
9072,9072,-10,230075,0.01,-2.2,113.00576782226562,132.6664581298828
9073,9073,-10,230090,0.01,-2.2,69.49321746826172,138.65625
9074,9074,-10,230105,0.01,-2.2,118.90681457519531,128.2445068359375
9075,9075,-10,230130,0.01,-2.2,225.42681884765625,135.62579345703125
9076,9076,-10,230145,0.01,-2.2,207.53652954101562,112.37067413330078
9077,9077,100,230159,0.01,-2.2,145.62542724609375,136.55618286132812
9078,9078,-10,230174,0.01,-2.2,78.35527038574219,133.3279266357422
9079,9079,100,230188,0.01,-2.2,188.87530517578125,123.23509216308594
9080,9080,-10,230207,0.01,-2.2,140.01513671875,118.33930969238281
9081,9081,100,230214,0.01,-2.2,80.37274169921875,130.87918090820312
9082,9082,100,230222,0.01,-2.2,112.76052856445312,126.5794906616211
9083,9083,100,230228,0.01,-2.2,144.096923828125,114.65518188476562
9084,9084,-10,230244,0.01,-2.2,65.20144653320312,127.49879455566406
9085,9085,-10,230258,0.01,-2.2,123.7044448852539,120.1370849609375
9086,9086,100,230264,0.01,-2.2,217.14474487304688,130.5100860595703
9087,9087,-10,230279,0.01,-2.2,121.8272705078125,135.2933349609375
9088,9088,-10,230294,0.01,-2.2,92.62495422363281,123.90455627441406
9089,9089,-10,230308,0.01,-2.2,102.13336181640625,122.0491943359375
9090,9090,100,230329,0.01,-2.2,79.6717758178711,142.1919708251953
9091,9091,-10,230355,0.01,-2.2,81.38700103759766,116.69041442871094
9092,9092,-10,230371,0.01,-2.2,189.82334899902344,119.6837158203125
9093,9093,-10,230390,0.01,-2.2,114.21794128417969,116.95866394042969
9094,9094,-10,230404,0.01,-2.2,70.52890014648438,132.84214782714844
9095,9095,-10,230419,0.01,-2.2,180.3374786376953,121.58575439453125
9096,9096,-10,230433,0.01,-2.2,190.74676513671875,140.63253784179688
9097,9097,100,230449,0.01,-2.2,82.919189453125,126.56468200683594
9098,9098,-10,230464,0.01,-2.2,111.02690124511719,134.87750244140625
9099,9099,-10,230492,0.01,-2.2,191.67010498046875,115.43981170654297
9100,9100,-10,230508,0.01,-2.2,97.10745239257812,136.46356201171875
9101,9101,-10,230523,0.0045000000000000005,11.0,79.51791381835938,133.08729553222656
9102,9102,-10,230540,0.0045000000000000005,11.0,234.74496459960938,141.5133056640625
9103,9103,-10,230557,0.0045000000000000005,11.0,87.41951751708984,133.74661254882812
9104,9104,100,230571,0.0045000000000000005,11.0,98.21116638183594,135.8224334716797
9105,9105,100,230595,0.0045000000000000005,11.0,119.43927001953125,128.9255828857422
9106,9106,-10,230611,0.0045000000000000005,11.0,108.92404174804688,114.3975830078125
9107,9107,100,230628,0.0045000000000000005,11.0,164.6160888671875,142.4488067626953
9108,9108,-10,230643,0.0045000000000000005,11.0,65.39557647705078,131.48431396484375
9109,9109,-10,230657,0.0045000000000000005,11.0,157.5392303466797,118.50556182861328
9110,9110,-10,230673,0.0045000000000000005,11.0,102.7283935546875,140.91110229492188
9111,9111,-10,230699,0.0045000000000000005,11.0,99.5966567993164,129.16668701171875
9112,9112,-10,230714,0.0045000000000000005,11.0,114.44285583496094,137.0233612060547
9113,9113,-10,230729,0.0045000000000000005,11.0,171.10333251953125,124.4127197265625
9114,9114,-10,230745,0.0045000000000000005,11.0,130.5983428955078,110.39677429199219
9115,9115,100,230769,0.0045000000000000005,11.0,63.28041458129883,138.7274169921875
9116,9116,100,230793,0.0045000000000000005,11.0,65.20282745361328,141.1376953125
9117,9117,-10,230808,0.0045000000000000005,11.0,108.24584197998047,138.48175048828125
9118,9118,-10,230835,0.0045000000000000005,11.0,96.33853149414062,127.11904907226562
9119,9119,-10,230850,0.0045000000000000005,11.0,126.3353271484375,130.02452087402344
9120,9120,-10,230865,0.0045000000000000005,11.0,247.8906707763672,116.19965362548828
9121,9121,-10,230882,0.0045000000000000005,11.0,118.23199462890625,124.69108581542969
9122,9122,-10,230909,0.0045000000000000005,11.0,183.205322265625,126.29582214355469
9123,9123,-10,230924,0.0045000000000000005,11.0,157.30224609375,134.1185302734375
9124,9124,-10,230939,0.0045000000000000005,11.0,120.47406768798828,123.33477020263672
9125,9125,-10,230955,0.0045000000000000005,11.0,76.98222351074219,138.8224639892578
9126,9126,-10,230970,0.0045000000000000005,11.0,91.22660827636719,127.74156188964844
9127,9127,100,230983,0.0045000000000000005,11.0,77.6455078125,126.04608154296875
9128,9128,100,230998,0.0045000000000000005,11.0,52.43991470336914,121.66429138183594
9129,9129,-10,231013,0.0045000000000000005,11.0,137.30172729492188,126.91158294677734
9130,9130,-10,231028,0.0045000000000000005,11.0,108.3524169921875,144.0082244873047
9131,9131,-10,231055,0.0045000000000000005,11.0,101.81439208984375,122.46916198730469
9132,9132,-10,231070,0.0045000000000000005,11.0,118.04447174072266,131.48001098632812
9133,9133,-10,231086,0.0045000000000000005,11.0,89.05286407470703,117.11550903320312
9134,9134,-10,231101,0.0045000000000000005,11.0,200.9400634765625,132.18695068359375
9135,9135,100,231109,0.0045000000000000005,11.0,272.2110900878906,125.98237609863281
9136,9136,100,231126,0.0045000000000000005,11.0,86.63238525390625,122.063720703125
9137,9137,-10,231141,0.0045000000000000005,11.0,149.78643798828125,119.02337646484375
9138,9138,-10,231155,0.0045000000000000005,11.0,119.5110855102539,121.8745346069336
9139,9139,-10,231169,0.0045000000000000005,11.0,215.00701904296875,120.43647766113281
9140,9140,100,231186,0.0045000000000000005,11.0,80.47613525390625,123.97787475585938
9141,9141,-10,231207,0.0045000000000000005,11.0,91.0203628540039,132.53912353515625
9142,9142,-10,231222,0.0045000000000000005,11.0,137.63619995117188,119.75764465332031
9143,9143,-10,231237,0.0045000000000000005,11.0,57.60845947265625,118.5885009765625
9144,9144,100,231245,0.0045000000000000005,11.0,107.3622055053711,124.10302734375
9145,9145,-10,231274,0.0045000000000000005,11.0,217.80349731445312,137.13861083984375
9146,9146,-10,231289,0.0045000000000000005,11.0,117.95104217529297,120.1868896484375
9147,9147,-10,231310,0.0045000000000000005,11.0,110.77960968017578,137.02008056640625
9148,9148,-10,231325,0.0045000000000000005,11.0,117.65855407714844,127.22329711914062
9149,9149,-10,231340,0.0045000000000000005,11.0,98.56477355957031,124.84005737304688
9150,9150,100,231347,0.0045000000000000005,11.0,196.19735717773438,127.25544738769531
9151,9151,-10,231361,0.0023000000000000013,4.399999999999999,159.42446899414062,109.86903381347656
9152,9152,-10,231377,0.0023000000000000013,4.399999999999999,87.55113220214844,116.73479461669922
9153,9153,-10,231392,0.0023000000000000013,4.399999999999999,162.62734985351562,131.7672119140625
9154,9154,-10,231407,0.0023000000000000013,4.399999999999999,134.26889038085938,126.700927734375
9155,9155,-10,231423,0.0023000000000000013,4.399999999999999,116.70646667480469,132.8804931640625
9156,9156,-10,231440,0.0023000000000000013,4.399999999999999,120.1014404296875,123.86355590820312
9157,9157,-10,231455,0.0023000000000000013,4.399999999999999,120.68112182617188,136.72076416015625
9158,9158,-10,231470,0.0023000000000000013,4.399999999999999,63.808143615722656,128.02139282226562
9159,9159,100,231487,0.0023000000000000013,4.399999999999999,89.21786499023438,127.09834289550781
9160,9160,-10,231502,0.0023000000000000013,4.399999999999999,155.86802673339844,121.6777572631836
9161,9161,-10,231517,0.0023000000000000013,4.399999999999999,263.1230163574219,122.02975463867188
9162,9162,-10,231532,0.0023000000000000013,4.399999999999999,195.4366912841797,110.95327758789062
9163,9163,-10,231547,0.0023000000000000013,4.399999999999999,143.7626190185547,123.63243103027344
9164,9164,-10,231561,0.0023000000000000013,4.399999999999999,117.631103515625,130.58871459960938
9165,9165,-10,231577,0.0023000000000000013,4.399999999999999,218.09632873535156,121.85409545898438
9166,9166,100,231584,0.0023000000000000013,4.399999999999999,95.66673278808594,137.94053649902344
9167,9167,-10,231599,0.0023000000000000013,4.399999999999999,216.95333862304688,116.05778503417969
9168,9168,-10,231616,0.0023000000000000013,4.399999999999999,157.50625610351562,135.20376586914062
9169,9169,-10,231644,0.0023000000000000013,4.399999999999999,172.064453125,116.40091705322266
9170,9170,100,231652,0.0023000000000000013,4.399999999999999,130.26783752441406,121.61678314208984
9171,9171,-10,231667,0.0023000000000000013,4.399999999999999,138.1761016845703,137.73883056640625
9172,9172,100,231684,0.0023000000000000013,4.399999999999999,76.30255126953125,132.14584350585938
9173,9173,-10,231698,0.0023000000000000013,4.399999999999999,122.72162628173828,128.31285095214844
9174,9174,-10,231714,0.0023000000000000013,4.399999999999999,152.2005615234375,119.42239379882812
9175,9175,-10,231728,0.0023000000000000013,4.399999999999999,69.03822326660156,123.75835418701172
9176,9176,-10,231742,0.0023000000000000013,4.399999999999999,102.89665222167969,123.8556900024414
9177,9177,-10,231758,0.0023000000000000013,4.399999999999999,144.3759765625,130.60987854003906
9178,9178,-10,231777,0.0023000000000000013,4.399999999999999,111.48313903808594,124.43061065673828
9179,9179,-10,231792,0.0023000000000000013,4.399999999999999,63.563865661621094,139.05029296875
9180,9180,-10,231817,0.0023000000000000013,4.399999999999999,92.41964721679688,131.35980224609375
9181,9181,100,231825,0.0023000000000000013,4.399999999999999,77.8250732421875,121.25113677978516
9182,9182,-10,231853,0.0023000000000000013,4.399999999999999,58.430091857910156,138.70425415039062
9183,9183,-10,231868,0.0023000000000000013,4.399999999999999,252.801025390625,120.27119445800781
9184,9184,-10,231884,0.0023000000000000013,4.399999999999999,122.63514709472656,117.8167724609375
9185,9185,-10,231901,0.0023000000000000013,4.399999999999999,101.89686584472656,124.08202362060547
9186,9186,-10,231916,0.0023000000000000013,4.399999999999999,63.04944610595703,137.15757751464844
9187,9187,-10,231931,0.0023000000000000013,4.399999999999999,49.50585174560547,134.47137451171875
9188,9188,-10,231947,0.0023000000000000013,4.399999999999999,83.9948959350586,135.26153564453125
9189,9189,-10,231964,0.0023000000000000013,4.399999999999999,82.25224304199219,129.1434783935547
9190,9190,-10,231979,0.0023000000000000013,4.399999999999999,84.43019104003906,132.23928833007812
9191,9191,-10,231993,0.0023000000000000013,4.399999999999999,61.07796096801758,151.76356506347656
9192,9192,-10,232008,0.0023000000000000013,4.399999999999999,164.5314178466797,112.63949584960938
9193,9193,-10,232023,0.0023000000000000013,4.399999999999999,104.78201293945312,129.8355712890625
9194,9194,100,232037,0.0023000000000000013,4.399999999999999,89.13236999511719,127.02342224121094
9195,9195,-10,232052,0.0023000000000000013,4.399999999999999,135.19671630859375,122.09762573242188
9196,9196,-10,232067,0.0023000000000000013,4.399999999999999,62.26686096191406,129.799560546875
9197,9197,-10,232082,0.0023000000000000013,4.399999999999999,131.29507446289062,128.1880645751953
9198,9198,-10,232097,0.0023000000000000013,4.399999999999999,83.6205062866211,135.33395385742188
9199,9199,100,232104,0.0023000000000000013,4.399999999999999,113.09944152832031,129.47450256347656
9200,9200,-10,232119,0.0023000000000000013,4.399999999999999,115.02262878417969,138.571044921875
9201,9201,100,232143,0.0078,-10.999999999999998,88.68635559082031,138.62417602539062
9202,9202,100,232157,0.0078,-10.999999999999998,71.8191909790039,129.33953857421875
9203,9203,-10,232173,0.0078,-10.999999999999998,136.35462951660156,119.1106948852539
9204,9204,-10,232189,0.0078,-10.999999999999998,82.6370620727539,130.86965942382812
9205,9205,100,232195,0.0078,-10.999999999999998,95.13285827636719,122.54666137695312
9206,9206,-10,232216,0.0078,-10.999999999999998,176.61854553222656,101.63584899902344
9207,9207,100,232224,0.0078,-10.999999999999998,76.76947021484375,135.0595703125
9208,9208,-10,232242,0.0078,-10.999999999999998,68.51215362548828,118.44367980957031
9209,9209,-10,232257,0.0078,-10.999999999999998,136.36061096191406,149.78591918945312
9210,9210,-10,232271,0.0078,-10.999999999999998,111.27726745605469,126.6405029296875
9211,9211,-10,232288,0.0078,-10.999999999999998,86.15135955810547,114.15760040283203
9212,9212,-10,232303,0.0078,-10.999999999999998,137.84043884277344,119.44483947753906
9213,9213,-10,232319,0.0078,-10.999999999999998,114.70997619628906,133.02593994140625
9214,9214,-10,232334,0.0078,-10.999999999999998,75.92540740966797,112.215576171875
9215,9215,-10,232349,0.0078,-10.999999999999998,206.157958984375,126.08649444580078
9216,9216,-10,232365,0.0078,-10.999999999999998,117.58705139160156,123.243408203125
9217,9217,-10,232380,0.0078,-10.999999999999998,242.76806640625,116.13236999511719
9218,9218,-10,232397,0.0078,-10.999999999999998,89.45616149902344,133.05104064941406
9219,9219,-10,232413,0.0078,-10.999999999999998,83.73670959472656,131.44203186035156
9220,9220,-10,232428,0.0078,-10.999999999999998,234.42469787597656,107.8863525390625
9221,9221,-10,232443,0.0078,-10.999999999999998,91.05573272705078,121.1358642578125
9222,9222,-10,232458,0.0078,-10.999999999999998,82.18951416015625,127.17070770263672
9223,9223,-10,232473,0.0078,-10.999999999999998,98.55897521972656,120.08631896972656
9224,9224,-10,232487,0.0078,-10.999999999999998,264.4486999511719,122.524658203125
9225,9225,-10,232501,0.0078,-10.999999999999998,150.1194610595703,110.442138671875
9226,9226,-10,232516,0.0078,-10.999999999999998,151.1020050048828,120.44302368164062
9227,9227,-10,232532,0.0078,-10.999999999999998,156.48306274414062,110.28125762939453
9228,9228,-10,232547,0.0078,-10.999999999999998,114.64976501464844,117.90184020996094
9229,9229,100,232571,0.0078,-10.999999999999998,134.52735900878906,116.39967346191406
9230,9230,-10,232586,0.0078,-10.999999999999998,85.18696594238281,120.44624328613281
9231,9231,-10,232604,0.0078,-10.999999999999998,158.77886962890625,138.91424560546875
9232,9232,-10,232621,0.0078,-10.999999999999998,69.17680358886719,134.774658203125
9233,9233,-10,232636,0.0078,-10.999999999999998,84.03010559082031,118.48332977294922
9234,9234,100,232643,0.0078,-10.999999999999998,130.23416137695312,132.01925659179688
9235,9235,-10,232658,0.0078,-10.999999999999998,76.55766296386719,113.88816833496094
9236,9236,-10,232673,0.0078,-10.999999999999998,94.57068634033203,119.94862365722656
9237,9237,100,232680,0.0078,-10.999999999999998,58.027626037597656,103.25685119628906
9238,9238,-10,232695,0.0078,-10.999999999999998,112.75289154052734,104.07444763183594
9239,9239,-10,232710,0.0078,-10.999999999999998,152.81210327148438,105.32513427734375
9240,9240,-10,232730,0.0078,-10.999999999999998,101.26110076904297,120.20207214355469
9241,9241,-10,232745,0.0078,-10.999999999999998,112.60292053222656,132.05386352539062
9242,9242,100,232753,0.0078,-10.999999999999998,211.00497436523438,107.78852844238281
9243,9243,-10,232769,0.0078,-10.999999999999998,100.31401062011719,126.54190826416016
9244,9244,100,232783,0.0078,-10.999999999999998,76.57872009277344,129.04722595214844
9245,9245,-10,232798,0.0078,-10.999999999999998,124.43245697021484,129.70387268066406
9246,9246,-10,232814,0.0078,-10.999999999999998,162.09243774414062,112.83863830566406
9247,9247,-10,232829,0.0078,-10.999999999999998,139.591064453125,131.5872802734375
9248,9248,-10,232843,0.0078,-10.999999999999998,90.54431915283203,118.57096862792969
9249,9249,-10,232860,0.0078,-10.999999999999998,82.034912109375,127.18014526367188
9250,9250,100,232877,0.0078,-10.999999999999998,115.56622314453125,118.43177795410156
9251,9251,100,232901,0.0045,6.6,159.90016174316406,123.67147827148438
9252,9252,-10,232917,0.0045,6.6,113.73799896240234,119.9079360961914
9253,9253,100,232923,0.0045,6.6,69.35643768310547,118.90082550048828
9254,9254,-10,232939,0.0045,6.6,106.79107666015625,118.58418273925781
9255,9255,100,232945,0.0045,6.6,71.4515609741211,110.82400512695312
9256,9256,100,232951,0.0045,6.6,344.2574768066406,120.90411376953125
9257,9257,-10,232965,0.0045,6.6,144.859375,112.35124206542969
9258,9258,-10,232980,0.0045,6.6,101.13716888427734,123.84187316894531
9259,9259,-10,232997,0.0045,6.6,58.63877487182617,132.69784545898438
9260,9260,100,233015,0.0045,6.6,156.20870971679688,133.22848510742188
9261,9261,100,233032,0.0045,6.6,100.82879638671875,107.47441864013672
9262,9262,-10,233048,0.0045,6.6,92.29974365234375,109.9356689453125
9263,9263,-10,233063,0.0045,6.6,124.61146545410156,112.29818725585938
9264,9264,-10,233078,0.0045,6.6,88.494873046875,121.7987060546875
9265,9265,-10,233092,0.0045,6.6,77.84809875488281,106.52899169921875
9266,9266,-10,233107,0.0045,6.6,88.397216796875,123.1882095336914
9267,9267,100,233120,0.0045,6.6,90.22198486328125,119.33049774169922
9268,9268,-10,233135,0.0045,6.6,77.19398498535156,134.61474609375
9269,9269,-10,233151,0.0045,6.6,271.5797119140625,112.7569808959961
9270,9270,-10,233167,0.0045,6.6,186.98509216308594,115.32070922851562
9271,9271,-10,233182,0.0045,6.6,152.64889526367188,116.83773040771484
9272,9272,-10,233197,0.0045,6.6,178.58404541015625,124.08411407470703
9273,9273,100,233204,0.0045,6.6,100.3835678100586,117.83441925048828
9274,9274,-10,233219,0.0045,6.6,115.45289611816406,115.03326416015625
9275,9275,100,233226,0.0045,6.6,243.1820068359375,100.99192810058594
9276,9276,100,233233,0.0045,6.6,69.48455810546875,135.44371032714844
9277,9277,100,233239,0.0045,6.6,108.6780014038086,135.1186981201172
9278,9278,-10,233254,0.0045,6.6,148.03125,97.82475280761719
9279,9279,-10,233269,0.0045,6.6,53.39418411254883,138.66421508789062
9280,9280,-10,233294,0.0045,6.6,100.02456665039062,128.03468322753906
9281,9281,-10,233321,0.0045,6.6,227.078857421875,110.00062561035156
9282,9282,-10,233338,0.0045,6.6,93.08648681640625,111.12203216552734
9283,9283,100,233345,0.0045,6.6,97.30317687988281,111.15634155273438
9284,9284,-10,233359,0.0045,6.6,262.3486328125,118.759521484375
9285,9285,-10,233376,0.0045,6.6,106.19309997558594,116.80392456054688
9286,9286,-10,233391,0.0045,6.6,80.104248046875,124.28575897216797
9287,9287,-10,233407,0.0045,6.6,108.372802734375,120.41541290283203
9288,9288,-10,233421,0.0045,6.6,72.58563995361328,115.82740783691406
9289,9289,-10,233437,0.0045,6.6,74.00550079345703,114.0994873046875
9290,9290,-10,233452,0.0045,6.6,160.99838256835938,140.5742950439453
9291,9291,-10,233468,0.0045,6.6,108.46261596679688,105.27025604248047
9292,9292,-10,233486,0.0045,6.6,101.40982055664062,126.71625518798828
9293,9293,-10,233500,0.0045,6.6,90.12094116210938,115.98534393310547
9294,9294,-10,233517,0.0045,6.6,67.74219512939453,111.87267303466797
9295,9295,-10,233534,0.0045,6.6,84.87774658203125,116.37489318847656
9296,9296,-10,233549,0.0045,6.6,108.97178649902344,107.23194885253906
9297,9297,100,233566,0.0045,6.6,114.06641387939453,122.95573425292969
9298,9298,-10,233581,0.0045,6.6,87.54899597167969,104.77505493164062
9299,9299,-10,233597,0.0045,6.6,61.020877838134766,124.83319854736328
9300,9300,-10,233612,0.0045,6.6,117.96720886230469,133.4390411376953
9301,9301,-10,233628,0.0011999999999999988,6.600000000000001,161.66537475585938,118.08795166015625
9302,9302,100,233634,0.0011999999999999988,6.600000000000001,98.25177001953125,98.99491882324219
9303,9303,100,233641,0.0011999999999999988,6.600000000000001,63.193580627441406,121.21138000488281
9304,9304,-10,233656,0.0011999999999999988,6.600000000000001,202.39862060546875,110.58036804199219
9305,9305,-10,233671,0.0011999999999999988,6.600000000000001,94.75306701660156,123.60726928710938
9306,9306,-10,233686,0.0011999999999999988,6.600000000000001,121.88487243652344,120.22476196289062
9307,9307,-10,233702,0.0011999999999999988,6.600000000000001,46.74656677246094,133.44583129882812
9308,9308,-10,233718,0.0011999999999999988,6.600000000000001,105.56536102294922,132.15792846679688
9309,9309,100,233742,0.0011999999999999988,6.600000000000001,93.06005859375,114.6477279663086
9310,9310,-10,233757,0.0011999999999999988,6.600000000000001,105.75376892089844,108.75827026367188
9311,9311,-10,233773,0.0011999999999999988,6.600000000000001,74.52442932128906,111.03042602539062
9312,9312,-10,233788,0.0011999999999999988,6.600000000000001,82.24366760253906,124.9415283203125
9313,9313,-10,233804,0.0011999999999999988,6.600000000000001,62.981361389160156,129.44412231445312
9314,9314,-10,233821,0.0011999999999999988,6.600000000000001,145.98605346679688,104.25943756103516
9315,9315,-10,233838,0.0011999999999999988,6.600000000000001,91.37001037597656,106.31099700927734
9316,9316,-10,233854,0.0011999999999999988,6.600000000000001,67.7675552368164,113.1407241821289
9317,9317,-10,233868,0.0011999999999999988,6.600000000000001,81.3767318725586,126.67716217041016
9318,9318,-10,233895,0.0011999999999999988,6.600000000000001,97.97028350830078,121.1140365600586
9319,9319,-10,233910,0.0011999999999999988,6.600000000000001,66.44017791748047,118.10248565673828
9320,9320,-10,233925,0.0011999999999999988,6.600000000000001,182.60472106933594,135.70254516601562
9321,9321,-10,233940,0.0011999999999999988,6.600000000000001,90.76177978515625,108.62666320800781
9322,9322,100,233956,0.0011999999999999988,6.600000000000001,56.27180480957031,121.91431427001953
9323,9323,-10,233972,0.0011999999999999988,6.600000000000001,90.8265380859375,132.44085693359375
9324,9324,-10,233988,0.0011999999999999988,6.600000000000001,61.821678161621094,122.07718658447266
9325,9325,-10,234003,0.0011999999999999988,6.600000000000001,64.101318359375,105.12825012207031
9326,9326,-10,234021,0.0011999999999999988,6.600000000000001,191.98507690429688,106.68525695800781
9327,9327,-10,234036,0.0011999999999999988,6.600000000000001,103.0341567993164,109.53872680664062
9328,9328,-10,234053,0.0011999999999999988,6.600000000000001,76.46312713623047,122.06742858886719
9329,9329,-10,234067,0.0011999999999999988,6.600000000000001,111.05020141601562,128.35696411132812
9330,9330,-10,234081,0.0011999999999999988,6.600000000000001,142.0346221923828,132.24288940429688
9331,9331,-10,234096,0.0011999999999999988,6.600000000000001,98.09030151367188,123.48108673095703
9332,9332,-10,234110,0.0011999999999999988,6.600000000000001,112.396240234375,124.30786895751953
9333,9333,-10,234124,0.0011999999999999988,6.600000000000001,162.68116760253906,123.26803588867188
9334,9334,-10,234140,0.0011999999999999988,6.600000000000001,97.0659408569336,130.75364685058594
9335,9335,100,234146,0.0011999999999999988,6.600000000000001,153.80828857421875,116.4057388305664
9336,9336,-10,234161,0.0011999999999999988,6.600000000000001,102.0369873046875,121.48616027832031
9337,9337,-10,234176,0.0011999999999999988,6.600000000000001,142.55050659179688,117.84130859375
9338,9338,-10,234191,0.0011999999999999988,6.600000000000001,58.972877502441406,108.74137878417969
9339,9339,-10,234207,0.0011999999999999988,6.600000000000001,80.09884643554688,112.06893157958984
9340,9340,-10,234222,0.0011999999999999988,6.600000000000001,59.307464599609375,102.68536376953125
9341,9341,-10,234239,0.0011999999999999988,6.600000000000001,108.82511901855469,109.89747619628906
9342,9342,-10,234255,0.0011999999999999988,6.600000000000001,56.73738098144531,115.00630187988281
9343,9343,-10,234272,0.0011999999999999988,6.600000000000001,127.00912475585938,129.46510314941406
9344,9344,-10,234288,0.0011999999999999988,6.600000000000001,231.6766815185547,114.07605743408203
9345,9345,-10,234302,0.0011999999999999988,6.600000000000001,179.32205200195312,120.9168701171875
9346,9346,-10,234317,0.0011999999999999988,6.600000000000001,65.88465118408203,139.11270141601562
9347,9347,-10,234331,0.0011999999999999988,6.600000000000001,109.72769927978516,110.94835662841797
9348,9348,-10,234346,0.0011999999999999988,6.600000000000001,99.16358947753906,103.05972290039062
9349,9349,100,234353,0.0011999999999999988,6.600000000000001,114.2815933227539,111.80023193359375
9350,9350,-10,234368,0.0011999999999999988,6.600000000000001,128.71670532226562,102.88483428955078
9351,9351,-10,234383,0.0089,-15.400000000000002,81.96353149414062,110.7536849975586
9352,9352,100,234389,0.0089,-15.400000000000002,66.69779968261719,120.18700408935547
9353,9353,-10,234404,0.0089,-15.400000000000002,119.86727905273438,120.02072143554688
9354,9354,100,234411,0.0089,-15.400000000000002,196.55845642089844,115.86251831054688
9355,9355,-10,234425,0.0089,-15.400000000000002,61.63311004638672,124.89508056640625
9356,9356,100,234441,0.0089,-15.400000000000002,96.5838394165039,119.27543640136719
9357,9357,-10,234456,0.0089,-15.400000000000002,185.84185791015625,105.96987915039062
9358,9358,-10,234471,0.0089,-15.400000000000002,82.60111236572266,113.01087951660156
9359,9359,-10,234486,0.0089,-15.400000000000002,147.4808349609375,107.4616928100586
9360,9360,-10,234501,0.0089,-15.400000000000002,137.91268920898438,122.55008697509766
9361,9361,-10,234516,0.0089,-15.400000000000002,110.21807098388672,132.45608520507812
9362,9362,-10,234532,0.0089,-15.400000000000002,91.73377990722656,114.70582580566406
9363,9363,100,234555,0.0089,-15.400000000000002,84.6610336303711,139.08306884765625
9364,9364,-10,234570,0.0089,-15.400000000000002,230.39559936523438,123.91088104248047
9365,9365,-10,234586,0.0089,-15.400000000000002,112.45906066894531,102.05342864990234
9366,9366,-10,234600,0.0089,-15.400000000000002,136.9845733642578,127.8783187866211
9367,9367,-10,234616,0.0089,-15.400000000000002,51.66212463378906,121.27838897705078
9368,9368,-10,234633,0.0089,-15.400000000000002,124.60626220703125,112.16334533691406
9369,9369,-10,234649,0.0089,-15.400000000000002,83.17686462402344,125.56546783447266
9370,9370,-10,234666,0.0089,-15.400000000000002,100.5317153930664,132.94219970703125
9371,9371,-10,234682,0.0089,-15.400000000000002,50.93997573852539,132.3435821533203
9372,9372,-10,234701,0.0089,-15.400000000000002,112.47412109375,97.84483337402344
9373,9373,-10,234715,0.0089,-15.400000000000002,142.85873413085938,104.4192123413086
9374,9374,-10,234731,0.0089,-15.400000000000002,90.76449584960938,107.17727661132812
9375,9375,-10,234747,0.0089,-15.400000000000002,134.16464233398438,112.5438232421875
9376,9376,-10,234776,0.0089,-15.400000000000002,138.70086669921875,101.31564331054688
9377,9377,100,234793,0.0089,-15.400000000000002,57.68620681762695,117.63033294677734
9378,9378,-10,234808,0.0089,-15.400000000000002,51.529056549072266,133.39495849609375
9379,9379,-10,234824,0.0089,-15.400000000000002,82.51156616210938,112.30754089355469
9380,9380,-10,234840,0.0089,-15.400000000000002,70.52680969238281,110.73118591308594
9381,9381,-10,234854,0.0089,-15.400000000000002,100.35127258300781,129.9886932373047
9382,9382,-10,234868,0.0089,-15.400000000000002,93.51211547851562,116.84748077392578
9383,9383,-10,234885,0.0089,-15.400000000000002,76.92333221435547,118.04931640625
9384,9384,-10,234900,0.0089,-15.400000000000002,136.4381561279297,102.83983612060547
9385,9385,-10,234914,0.0089,-15.400000000000002,199.4267578125,114.60182189941406
9386,9386,-10,234928,0.0089,-15.400000000000002,124.6298599243164,100.1695327758789
9387,9387,-10,234944,0.0089,-15.400000000000002,122.6162338256836,105.9866943359375
9388,9388,-10,234959,0.0089,-15.400000000000002,63.39910125732422,114.52354431152344
9389,9389,-10,234973,0.0089,-15.400000000000002,144.43011474609375,127.54739379882812
9390,9390,-10,234989,0.0089,-15.400000000000002,88.33370971679688,131.23391723632812
9391,9391,100,235007,0.0089,-15.400000000000002,87.1627197265625,118.95327758789062
9392,9392,-10,235021,0.0089,-15.400000000000002,87.25574493408203,114.67420959472656
9393,9393,-10,235035,0.0089,-15.400000000000002,143.8246612548828,110.47183990478516
9394,9394,100,235043,0.0089,-15.400000000000002,63.243961334228516,125.58682250976562
9395,9395,-10,235058,0.0089,-15.400000000000002,98.63606262207031,128.55093383789062
9396,9396,-10,235072,0.0089,-15.400000000000002,74.95254516601562,103.46118927001953
9397,9397,-10,235086,0.0089,-15.400000000000002,95.71182250976562,125.17691040039062
9398,9398,-10,235101,0.0089,-15.400000000000002,48.404884338378906,109.30862426757812
9399,9399,-10,235119,0.0089,-15.400000000000002,110.84622192382812,107.16859436035156
9400,9400,-10,235135,0.0089,-15.400000000000002,106.13766479492188,135.25653076171875
9401,9401,-10,235149,0.0078,2.2,110.75962829589844,110.29725646972656
9402,9402,100,235155,0.0078,2.2,148.49880981445312,117.4278564453125
9403,9403,-10,235171,0.0078,2.2,214.0218048095703,108.37545776367188
9404,9404,-10,235186,0.0078,2.2,250.99583435058594,118.21372985839844
9405,9405,-10,235203,0.0078,2.2,195.43601989746094,112.48516845703125
9406,9406,-10,235220,0.0078,2.2,201.05499267578125,112.5181655883789
9407,9407,100,235237,0.0078,2.2,89.4600601196289,128.7159881591797
9408,9408,-10,235254,0.0078,2.2,87.1229248046875,110.49446105957031
9409,9409,-10,235268,0.0078,2.2,57.04907989501953,113.7864761352539
9410,9410,100,235282,0.0078,2.2,94.95665740966797,115.97229766845703
9411,9411,100,235290,0.0078,2.2,137.65371704101562,121.65624237060547
9412,9412,-10,235305,0.0078,2.2,136.18060302734375,109.95950317382812
9413,9413,-10,235321,0.0078,2.2,114.56773376464844,105.08231353759766
9414,9414,-10,235337,0.0078,2.2,124.9634017944336,109.85917663574219
9415,9415,-10,235353,0.0078,2.2,162.90863037109375,98.73066711425781
9416,9416,-10,235369,0.0078,2.2,158.51980590820312,130.08590698242188
9417,9417,-10,235385,0.0078,2.2,73.60773468017578,101.68212890625
9418,9418,100,235393,0.0078,2.2,81.69213104248047,103.8393325805664
9419,9419,-10,235409,0.0078,2.2,66.70281219482422,108.77428436279297
9420,9420,-10,235424,0.0078,2.2,69.51152801513672,120.57112121582031
9421,9421,-10,235439,0.0078,2.2,94.80329895019531,118.63583374023438
9422,9422,-10,235455,0.0078,2.2,172.45794677734375,126.26666259765625
9423,9423,-10,235471,0.0078,2.2,73.80964660644531,125.15458679199219
9424,9424,-10,235486,0.0078,2.2,100.49635314941406,117.33805847167969
9425,9425,-10,235502,0.0078,2.2,80.84259033203125,115.6686782836914
9426,9426,-10,235517,0.0078,2.2,74.47715759277344,100.41725158691406
9427,9427,-10,235533,0.0078,2.2,56.29398727416992,109.06494140625
9428,9428,-10,235548,0.0078,2.2,116.01097106933594,96.51405334472656
9429,9429,-10,235564,0.0078,2.2,165.43902587890625,109.94593048095703
9430,9430,-10,235580,0.0078,2.2,163.39993286132812,113.57835388183594
9431,9431,-10,235595,0.0078,2.2,119.56812286376953,128.12734985351562
9432,9432,-10,235610,0.0078,2.2,204.02098083496094,117.73612976074219
9433,9433,-10,235627,0.0078,2.2,162.61648559570312,116.58894348144531
9434,9434,-10,235642,0.0078,2.2,187.95272827148438,102.55941009521484
9435,9435,-10,235659,0.0078,2.2,111.85315704345703,111.10850524902344
9436,9436,-10,235674,0.0078,2.2,78.62322998046875,123.29246520996094
9437,9437,100,235688,0.0078,2.2,130.10731506347656,106.52503204345703
9438,9438,-10,235704,0.0078,2.2,80.10220336914062,123.12773132324219
9439,9439,-10,235718,0.0078,2.2,142.37142944335938,92.74976348876953
9440,9440,-10,235734,0.0078,2.2,65.64627838134766,117.22773742675781
9441,9441,-10,235751,0.0078,2.2,97.48509216308594,107.4672622680664
9442,9442,-10,235768,0.0078,2.2,143.9766845703125,112.18212890625
9443,9443,-10,235785,0.0078,2.2,141.683837890625,95.570068359375
9444,9444,-10,235801,0.0078,2.2,103.81854248046875,109.54193115234375
9445,9445,-10,235816,0.0078,2.2,157.33938598632812,100.37409210205078
9446,9446,-10,235832,0.0078,2.2,45.86886215209961,131.9374542236328
9447,9447,-10,235859,0.0078,2.2,340.8607482910156,108.4083251953125
9448,9448,-10,235874,0.0078,2.2,211.71823120117188,114.82078552246094
9449,9449,-10,235891,0.0078,2.2,148.0758056640625,96.63986206054688
9450,9450,100,235897,0.0078,2.2,80.82182312011719,124.20459747314453
9451,9451,-10,235912,0.0078,0.0,66.9945068359375,114.65632629394531
9452,9452,-10,235926,0.0078,0.0,80.7750244140625,92.52452850341797
9453,9453,-10,235941,0.0078,0.0,78.28350830078125,102.8584213256836
9454,9454,-10,235956,0.0078,0.0,44.74678421020508,117.47636413574219
9455,9455,-10,235971,0.0078,0.0,113.43270111083984,103.69842529296875
9456,9456,-10,235988,0.0078,0.0,201.11000061035156,112.73019409179688
9457,9457,-10,236003,0.0078,0.0,112.55610656738281,114.4002456665039
9458,9458,-10,236017,0.0078,0.0,74.47013854980469,103.6757583618164
9459,9459,-10,236032,0.0078,0.0,130.99717712402344,114.85403442382812
9460,9460,-10,236046,0.0078,0.0,110.76260375976562,125.9481430053711
9461,9461,-10,236062,0.0078,0.0,128.97015380859375,115.54033660888672
9462,9462,-10,236082,0.0078,0.0,145.96505737304688,107.87391662597656
9463,9463,-10,236097,0.0078,0.0,117.45523071289062,113.54011535644531
9464,9464,-10,236114,0.0078,0.0,113.00106811523438,98.60516357421875
9465,9465,-10,236131,0.0078,0.0,204.08297729492188,101.39464569091797
9466,9466,-10,236146,0.0078,0.0,72.16620635986328,126.03043365478516
9467,9467,-10,236160,0.0078,0.0,82.01144409179688,107.26911163330078
9468,9468,-10,236176,0.0078,0.0,252.4274139404297,107.50405883789062
9469,9469,-10,236191,0.0078,0.0,79.454345703125,115.26708984375
9470,9470,-10,236206,0.0078,0.0,210.89085388183594,82.8658218383789
9471,9471,100,236229,0.0078,0.0,111.93526458740234,110.711669921875
9472,9472,-10,236245,0.0078,0.0,59.67015075683594,105.07235717773438
9473,9473,-10,236261,0.0078,0.0,53.7866325378418,131.92628479003906
9474,9474,100,236269,0.0078,0.0,72.16844177246094,87.96443176269531
9475,9475,-10,236284,0.0078,0.0,70.59329986572266,131.87901306152344
9476,9476,-10,236299,0.0078,0.0,45.38701629638672,107.33918762207031
9477,9477,-10,236314,0.0078,0.0,152.10385131835938,110.692138671875
9478,9478,-10,236331,0.0078,0.0,223.1376953125,92.28302001953125
9479,9479,-10,236345,0.0078,0.0,176.3507080078125,93.4316177368164
9480,9480,-10,236360,0.0078,0.0,91.52873229980469,109.50658416748047
9481,9481,-10,236377,0.0078,0.0,120.8607177734375,118.28315734863281
9482,9482,-10,236392,0.0078,0.0,52.10350036621094,133.28794860839844
9483,9483,-10,236408,0.0078,0.0,71.07093811035156,100.58668518066406
9484,9484,-10,236423,0.0078,0.0,134.58590698242188,115.64974975585938
9485,9485,-10,236440,0.0078,0.0,48.50398254394531,125.89927673339844
9486,9486,-10,236457,0.0078,0.0,130.14532470703125,103.9955062866211
9487,9487,-10,236473,0.0078,0.0,88.99761962890625,129.20448303222656
9488,9488,-10,236489,0.0078,0.0,223.78558349609375,115.15919494628906
9489,9489,100,236513,0.0078,0.0,95.43843078613281,94.40048217773438
9490,9490,-10,236528,0.0078,0.0,67.27975463867188,116.98818969726562
9491,9491,-10,236543,0.0078,0.0,80.58621978759766,111.00601196289062
9492,9492,-10,236559,0.0078,0.0,79.08859252929688,121.51084899902344
9493,9493,-10,236574,0.0078,0.0,126.62645721435547,105.56289672851562
9494,9494,-10,236590,0.0078,0.0,56.932701110839844,116.06041717529297
9495,9495,-10,236604,0.0078,0.0,104.96061706542969,111.17694091796875
9496,9496,-10,236619,0.0078,0.0,87.71409606933594,97.10069274902344
9497,9497,-10,236634,0.0078,0.0,135.06411743164062,107.57936096191406
9498,9498,100,236651,0.0078,0.0,115.34532165527344,110.20413208007812
9499,9499,-10,236666,0.0078,0.0,90.5619125366211,106.06413269042969
9500,9500,-10,236682,0.0078,0.0,86.13663482666016,112.27899932861328
9501,9501,-10,236697,0.01,-6.6000000000000005,161.21881103515625,101.50398254394531
9502,9502,-10,236715,0.01,-6.6000000000000005,160.51101684570312,119.76394653320312
9503,9503,-10,236730,0.01,-6.6000000000000005,75.5793228149414,112.33817291259766
9504,9504,-10,236747,0.01,-6.6000000000000005,70.19059753417969,100.12834930419922
9505,9505,100,236755,0.01,-6.6000000000000005,86.09343719482422,105.71192932128906
9506,9506,-10,236771,0.01,-6.6000000000000005,61.794677734375,113.63543701171875
9507,9507,-10,236787,0.01,-6.6000000000000005,71.32098388671875,89.76457977294922
9508,9508,100,236800,0.01,-6.6000000000000005,194.5200653076172,108.44174194335938
9509,9509,-10,236815,0.01,-6.6000000000000005,75.26897430419922,130.1656494140625
9510,9510,-10,236831,0.01,-6.6000000000000005,72.03106689453125,105.14323425292969
9511,9511,-10,236846,0.01,-6.6000000000000005,85.9315185546875,111.68096160888672
9512,9512,-10,236860,0.01,-6.6000000000000005,132.80264282226562,118.56107330322266
9513,9513,100,236866,0.01,-6.6000000000000005,110.89138793945312,81.70429229736328
9514,9514,-10,236884,0.01,-6.6000000000000005,85.26034545898438,107.65007019042969
9515,9515,-10,236901,0.01,-6.6000000000000005,96.28877258300781,99.46258544921875
9516,9516,-10,236917,0.01,-6.6000000000000005,71.12522888183594,125.45816040039062
9517,9517,-10,236934,0.01,-6.6000000000000005,128.62054443359375,110.43138122558594
9518,9518,-10,236949,0.01,-6.6000000000000005,64.81204223632812,119.1657485961914
9519,9519,-10,236966,0.01,-6.6000000000000005,75.76063537597656,115.9696044921875
9520,9520,-10,236982,0.01,-6.6000000000000005,71.0682601928711,119.541748046875
9521,9521,-10,236997,0.01,-6.6000000000000005,170.1312255859375,98.2675552368164
9522,9522,-10,237013,0.01,-6.6000000000000005,83.99047088623047,113.62039184570312
9523,9523,-10,237028,0.01,-6.6000000000000005,73.80241394042969,119.44290161132812
9524,9524,-10,237043,0.01,-6.6000000000000005,86.25408935546875,104.45885467529297
9525,9525,-10,237058,0.01,-6.6000000000000005,114.56558227539062,121.05915069580078
9526,9526,-10,237074,0.01,-6.6000000000000005,311.2589111328125,90.8615951538086
9527,9527,-10,237090,0.01,-6.6000000000000005,107.07183074951172,109.06519317626953
9528,9528,-10,237105,0.01,-6.6000000000000005,52.632965087890625,118.13790893554688
9529,9529,-10,237121,0.01,-6.6000000000000005,128.24478149414062,90.3678970336914
9530,9530,-10,237136,0.01,-6.6000000000000005,150.7747802734375,104.99359130859375
9531,9531,100,237142,0.01,-6.6000000000000005,56.367515563964844,118.49048614501953
9532,9532,-10,237159,0.01,-6.6000000000000005,62.734291076660156,112.92344665527344
9533,9533,-10,237174,0.01,-6.6000000000000005,70.85392761230469,122.46611022949219
9534,9534,-10,237189,0.01,-6.6000000000000005,131.5238494873047,96.6517105102539
9535,9535,-10,237204,0.01,-6.6000000000000005,58.02081298828125,101.21403503417969
9536,9536,-10,237220,0.01,-6.6000000000000005,112.87814331054688,95.39643859863281
9537,9537,-10,237237,0.01,-6.6000000000000005,76.96186065673828,111.01551818847656
9538,9538,-10,237252,0.01,-6.6000000000000005,61.12606430053711,111.6724853515625
9539,9539,-10,237268,0.01,-6.6000000000000005,46.791038513183594,104.34078979492188
9540,9540,-10,237283,0.01,-6.6000000000000005,209.50888061523438,102.04682159423828
9541,9541,-10,237298,0.01,-6.6000000000000005,85.95606994628906,102.28670501708984
9542,9542,-10,237314,0.01,-6.6000000000000005,72.6571273803711,110.24375915527344
9543,9543,-10,237331,0.01,-6.6000000000000005,138.66064453125,103.29930877685547
9544,9544,-10,237347,0.01,-6.6000000000000005,75.80281066894531,107.17710876464844
9545,9545,-10,237361,0.01,-6.6000000000000005,90.20832824707031,118.16194915771484
9546,9546,-10,237377,0.01,-6.6000000000000005,60.796836853027344,113.95703125
9547,9547,-10,237395,0.01,-6.6000000000000005,144.98379516601562,102.23031616210938
9548,9548,-10,237411,0.01,-6.6000000000000005,62.53483963012695,93.20195770263672
9549,9549,-10,237427,0.01,-6.6000000000000005,143.3507080078125,95.88069152832031
9550,9550,-10,237444,0.01,-6.6000000000000005,82.59658813476562,121.688720703125
9551,9551,-10,237460,0.01,0.0,79.67451477050781,92.41004180908203
9552,9552,-10,237477,0.01,0.0,114.62277221679688,98.76962280273438
9553,9553,-10,237495,0.01,0.0,122.81645965576172,111.44064331054688
9554,9554,-10,237511,0.01,0.0,61.72905731201172,116.10943603515625
9555,9555,-10,237528,0.01,0.0,200.96849060058594,90.3271484375
9556,9556,-10,237543,0.01,0.0,184.11814880371094,87.44441223144531
9557,9557,-10,237557,0.01,0.0,115.81661987304688,114.95243072509766
9558,9558,-10,237571,0.01,0.0,64.73806762695312,107.14993286132812
9559,9559,-10,237586,0.01,0.0,102.42122650146484,107.80384826660156
9560,9560,100,237592,0.01,0.0,48.574920654296875,111.83843994140625
9561,9561,-10,237608,0.01,0.0,93.6119613647461,126.28936767578125
9562,9562,-10,237623,0.01,0.0,113.7390365600586,112.38140869140625
9563,9563,-10,237638,0.01,0.0,237.264892578125,109.59379577636719
9564,9564,-10,237655,0.01,0.0,110.69764709472656,104.63690185546875
9565,9565,-10,237672,0.01,0.0,121.57479858398438,105.97250366210938
9566,9566,100,237680,0.01,0.0,49.33985900878906,108.02017211914062
9567,9567,100,237688,0.01,0.0,70.97012329101562,109.78092956542969
9568,9568,-10,237703,0.01,0.0,64.11351776123047,123.27784729003906
9569,9569,-10,237718,0.01,0.0,135.4807586669922,116.54047393798828
9570,9570,-10,237733,0.01,0.0,89.93745422363281,103.32098388671875
9571,9571,100,237740,0.01,0.0,60.11532211303711,95.43363952636719
9572,9572,-10,237754,0.01,0.0,84.76953125,89.99085998535156
9573,9573,-10,237770,0.01,0.0,134.70407104492188,90.79977416992188
9574,9574,-10,237786,0.01,0.0,144.58909606933594,110.58914184570312
9575,9575,-10,237801,0.01,0.0,126.99351501464844,101.92813110351562
9576,9576,-10,237815,0.01,0.0,190.0926055908203,143.09844970703125
9577,9577,-10,237830,0.01,0.0,97.8215103149414,106.51869201660156
9578,9578,-10,237846,0.01,0.0,73.7398681640625,97.07527923583984
9579,9579,-10,237861,0.01,0.0,78.08201599121094,109.05433654785156
9580,9580,-10,237877,0.01,0.0,81.60700988769531,95.15618896484375
9581,9581,-10,237892,0.01,0.0,97.86197662353516,98.93045806884766
9582,9582,-10,237907,0.01,0.0,65.57302856445312,97.99468994140625
9583,9583,100,237921,0.01,0.0,101.85066223144531,107.23605346679688
9584,9584,-10,237936,0.01,0.0,47.609336853027344,110.29705810546875
9585,9585,-10,237953,0.01,0.0,97.2156753540039,121.1535873413086
9586,9586,-10,237969,0.01,0.0,66.83164978027344,108.89016723632812
9587,9587,-10,237984,0.01,0.0,206.35354614257812,103.8287582397461
9588,9588,-10,238000,0.01,0.0,55.290252685546875,96.43304443359375
9589,9589,-10,238017,0.01,0.0,156.7152557373047,111.29096221923828
9590,9590,-10,238035,0.01,0.0,65.59065246582031,117.74131774902344
9591,9591,-10,238050,0.01,0.0,103.13926696777344,103.02703857421875
9592,9592,100,238067,0.01,0.0,101.21954345703125,101.56697082519531
9593,9593,-10,238083,0.01,0.0,100.99241638183594,94.742919921875
9594,9594,-10,238099,0.01,0.0,62.742103576660156,108.45134735107422
9595,9595,100,238107,0.01,0.0,132.46376037597656,88.63766479492188
9596,9596,-10,238123,0.01,0.0,117.22843933105469,100.03241729736328
9597,9597,-10,238141,0.01,0.0,139.8687744140625,107.45027160644531
9598,9598,-10,238157,0.01,0.0,61.72449493408203,104.98487091064453
9599,9599,-10,238172,0.01,0.0,166.86495971679688,113.17654418945312
9600,9600,-10,238188,0.01,0.0,79.02952575683594,102.63743591308594
9601,9601,-10,238202,0.006699999999999999,6.6000000000000005,144.26953125,98.49266815185547
9602,9602,-10,238217,0.006699999999999999,6.6000000000000005,100.42704010009766,97.39586639404297
9603,9603,-10,238232,0.006699999999999999,6.6000000000000005,58.201751708984375,116.10679626464844
9604,9604,-10,238246,0.006699999999999999,6.6000000000000005,83.75233459472656,91.35871887207031
9605,9605,-10,238262,0.006699999999999999,6.6000000000000005,59.21337890625,105.56541442871094
9606,9606,100,238270,0.006699999999999999,6.6000000000000005,48.89188766479492,89.1417465209961
9607,9607,-10,238285,0.006699999999999999,6.6000000000000005,64.61065673828125,92.0955810546875
9608,9608,-10,238301,0.006699999999999999,6.6000000000000005,83.1612548828125,106.03827667236328
9609,9609,-10,238316,0.006699999999999999,6.6000000000000005,146.07568359375,102.48930358886719
9610,9610,-10,238332,0.006699999999999999,6.6000000000000005,99.27692413330078,100.54974365234375
9611,9611,-10,238346,0.006699999999999999,6.6000000000000005,50.218589782714844,104.40989685058594
9612,9612,-10,238361,0.006699999999999999,6.6000000000000005,83.68222045898438,99.27143096923828
9613,9613,-10,238376,0.006699999999999999,6.6000000000000005,121.9913330078125,100.44813537597656
9614,9614,-10,238390,0.006699999999999999,6.6000000000000005,123.78189086914062,94.9829330444336
9615,9615,-10,238407,0.006699999999999999,6.6000000000000005,122.09603118896484,86.91366577148438
9616,9616,-10,238422,0.006699999999999999,6.6000000000000005,55.13871765136719,117.25946807861328
9617,9617,-10,238440,0.006699999999999999,6.6000000000000005,84.39596557617188,100.39720153808594
9618,9618,-10,238456,0.006699999999999999,6.6000000000000005,53.835845947265625,105.18234252929688
9619,9619,100,238479,0.006699999999999999,6.6000000000000005,82.7573013305664,98.74000549316406
9620,9620,100,238502,0.006699999999999999,6.6000000000000005,45.94691467285156,114.7808609008789
9621,9621,-10,238518,0.006699999999999999,6.6000000000000005,135.00418090820312,96.50308227539062
9622,9622,-10,238533,0.006699999999999999,6.6000000000000005,92.64744567871094,103.94197082519531
9623,9623,-10,238550,0.006699999999999999,6.6000000000000005,123.64073944091797,110.82708740234375
9624,9624,-10,238566,0.006699999999999999,6.6000000000000005,68.5938720703125,102.50811767578125
9625,9625,-10,238581,0.006699999999999999,6.6000000000000005,52.894508361816406,108.1289291381836
9626,9626,-10,238596,0.006699999999999999,6.6000000000000005,122.28932189941406,92.55195617675781
9627,9627,-10,238613,0.006699999999999999,6.6000000000000005,69.11698150634766,104.26528930664062
9628,9628,-10,238628,0.006699999999999999,6.6000000000000005,74.06405639648438,117.556884765625
9629,9629,-10,238645,0.006699999999999999,6.6000000000000005,46.072021484375,119.69369506835938
9630,9630,100,238659,0.006699999999999999,6.6000000000000005,96.98828125,101.85037994384766
9631,9631,-10,238675,0.006699999999999999,6.6000000000000005,119.77825927734375,108.78953552246094
9632,9632,-10,238690,0.006699999999999999,6.6000000000000005,85.36573791503906,104.5482177734375
9633,9633,-10,238704,0.006699999999999999,6.6000000000000005,82.54181671142578,90.62584686279297
9634,9634,100,238711,0.006699999999999999,6.6000000000000005,123.42659759521484,97.53269958496094
9635,9635,-10,238725,0.006699999999999999,6.6000000000000005,35.82164001464844,110.31695556640625
9636,9636,-10,238739,0.006699999999999999,6.6000000000000005,72.80721282958984,100.32588195800781
9637,9637,-10,238755,0.006699999999999999,6.6000000000000005,66.31346893310547,101.82722473144531
9638,9638,100,238761,0.006699999999999999,6.6000000000000005,61.54777526855469,100.19258117675781
9639,9639,-10,238777,0.006699999999999999,6.6000000000000005,106.99109649658203,101.47004699707031
9640,9640,-10,238791,0.006699999999999999,6.6000000000000005,112.27147674560547,97.26181030273438
9641,9641,-10,238808,0.006699999999999999,6.6000000000000005,49.242897033691406,109.91642761230469
9642,9642,-10,238824,0.006699999999999999,6.6000000000000005,132.51803588867188,92.69597625732422
9643,9643,-10,238838,0.006699999999999999,6.6000000000000005,100.97747802734375,112.9014663696289
9644,9644,-10,238855,0.006699999999999999,6.6000000000000005,64.33621215820312,116.50163269042969
9645,9645,-10,238871,0.006699999999999999,6.6000000000000005,110.17758178710938,110.47462463378906
9646,9646,-10,238888,0.006699999999999999,6.6000000000000005,73.18135070800781,108.51661682128906
9647,9647,-10,238904,0.006699999999999999,6.6000000000000005,62.597808837890625,105.52536010742188
9648,9648,-10,238919,0.006699999999999999,6.6000000000000005,84.1556396484375,104.20072937011719
9649,9649,-10,238934,0.006699999999999999,6.6000000000000005,99.13528442382812,95.49340057373047
9650,9650,-10,238949,0.006699999999999999,6.6000000000000005,84.25657653808594,94.05943298339844
9651,9651,-10,238964,0.0078,-2.2,71.78656005859375,97.22443389892578
9652,9652,-10,238979,0.0078,-2.2,146.85159301757812,91.64696502685547
9653,9653,100,238986,0.0078,-2.2,143.64613342285156,112.5531005859375
9654,9654,-10,239001,0.0078,-2.2,106.95582580566406,99.11924743652344
9655,9655,-10,239016,0.0078,-2.2,58.598453521728516,96.49874877929688
9656,9656,-10,239032,0.0078,-2.2,56.91913604736328,113.81278991699219
9657,9657,-10,239047,0.0078,-2.2,187.25120544433594,91.58074951171875
9658,9658,-10,239061,0.0078,-2.2,144.86593627929688,107.83814239501953
9659,9659,-10,239076,0.0078,-2.2,131.05555725097656,97.765625
9660,9660,-10,239090,0.0078,-2.2,74.4262924194336,88.20004272460938
9661,9661,-10,239105,0.0078,-2.2,52.026790618896484,99.72109985351562
9662,9662,-10,239120,0.0078,-2.2,151.93240356445312,88.57746887207031
9663,9663,-10,239135,0.0078,-2.2,74.52587890625,109.51237487792969
9664,9664,-10,239151,0.0078,-2.2,73.51481628417969,105.40080261230469
9665,9665,100,239159,0.0078,-2.2,75.33821105957031,101.3014907836914
9666,9666,-10,239176,0.0078,-2.2,109.16352844238281,100.95454406738281
9667,9667,-10,239191,0.0078,-2.2,82.94154357910156,99.81532287597656
9668,9668,-10,239207,0.0078,-2.2,60.55619812011719,90.52702331542969
9669,9669,-10,239221,0.0078,-2.2,102.5561752319336,100.03370666503906
9670,9670,-10,239237,0.0078,-2.2,65.4813461303711,94.17134094238281
9671,9671,-10,239253,0.0078,-2.2,52.44938659667969,93.92524719238281
9672,9672,-10,239269,0.0078,-2.2,116.59170532226562,108.49838256835938
9673,9673,-10,239284,0.0078,-2.2,61.02449417114258,111.17195129394531
9674,9674,-10,239299,0.0078,-2.2,82.44635009765625,105.91740417480469
9675,9675,-10,239315,0.0078,-2.2,82.25372314453125,83.76316833496094
9676,9676,-10,239330,0.0078,-2.2,57.573509216308594,112.70750427246094
9677,9677,-10,239346,0.0078,-2.2,75.04740905761719,90.31051635742188
9678,9678,-10,239362,0.0078,-2.2,50.39836502075195,114.4268569946289
9679,9679,-10,239376,0.0078,-2.2,56.105628967285156,97.9583740234375
9680,9680,-10,239391,0.0078,-2.2,59.787025451660156,102.79313659667969
9681,9681,-10,239406,0.0078,-2.2,90.84333038330078,114.91578674316406
9682,9682,-10,239421,0.0078,-2.2,102.78414916992188,99.38208770751953
9683,9683,-10,239435,0.0078,-2.2,58.508705139160156,91.63749694824219
9684,9684,100,239443,0.0078,-2.2,128.0203857421875,87.32225036621094
9685,9685,-10,239459,0.0078,-2.2,83.19068908691406,115.02985382080078
9686,9686,-10,239475,0.0078,-2.2,50.610557556152344,92.55069732666016
9687,9687,-10,239491,0.0078,-2.2,144.64910888671875,110.62047576904297
9688,9688,100,239499,0.0078,-2.2,92.52369689941406,104.37202453613281
9689,9689,-10,239514,0.0078,-2.2,172.9647979736328,109.75724029541016
9690,9690,-10,239531,0.0078,-2.2,61.84843444824219,93.84858703613281
9691,9691,-10,239545,0.0078,-2.2,59.80385971069336,96.3638687133789
9692,9692,-10,239562,0.0078,-2.2,48.3658447265625,97.34705352783203
9693,9693,-10,239577,0.0078,-2.2,114.13743591308594,102.37373352050781
9694,9694,-10,239592,0.0078,-2.2,101.3575439453125,104.30271911621094
9695,9695,-10,239607,0.0078,-2.2,153.20880126953125,99.34333801269531
9696,9696,100,239624,0.0078,-2.2,62.068214416503906,109.93291473388672
9697,9697,-10,239639,0.0078,-2.2,123.1716079711914,80.7656478881836
9698,9698,-10,239653,0.0078,-2.2,175.8504180908203,90.57018280029297
9699,9699,-10,239669,0.0078,-2.2,61.05382537841797,83.46699523925781
9700,9700,100,239686,0.0078,-2.2,67.166748046875,102.79586791992188
9701,9701,-10,239702,0.0078,0.0,49.59174346923828,93.55293273925781
9702,9702,100,239708,0.0078,0.0,51.502716064453125,103.53923034667969
9703,9703,-10,239723,0.0078,0.0,159.04531860351562,95.66400146484375
9704,9704,-10,239738,0.0078,0.0,64.1784439086914,78.2867202758789
9705,9705,100,239745,0.0078,0.0,61.074119567871094,101.13101959228516
9706,9706,100,239762,0.0078,0.0,64.2633056640625,101.43585205078125
9707,9707,-10,239777,0.0078,0.0,84.2154312133789,102.10902404785156
9708,9708,-10,239792,0.0078,0.0,113.36442565917969,91.37210083007812
9709,9709,-10,239807,0.0078,0.0,109.94990539550781,94.60649108886719
9710,9710,-10,239821,0.0078,0.0,137.13031005859375,82.85243225097656
9711,9711,-10,239836,0.0078,0.0,199.73159790039062,73.39140319824219
9712,9712,-10,239852,0.0078,0.0,108.03047180175781,89.7893295288086
9713,9713,-10,239868,0.0078,0.0,49.582618713378906,113.90825653076172
9714,9714,100,239874,0.0078,0.0,93.2629165649414,91.3254165649414
9715,9715,-10,239888,0.0078,0.0,66.02886962890625,89.01255798339844
9716,9716,-10,239902,0.0078,0.0,92.22462463378906,94.16108703613281
9717,9717,-10,239918,0.0078,0.0,126.78495788574219,107.82757568359375
9718,9718,-10,239933,0.0078,0.0,79.11412048339844,98.2010269165039
9719,9719,-10,239950,0.0078,0.0,60.47720718383789,98.81414794921875
9720,9720,-10,239965,0.0078,0.0,71.95066833496094,94.41580200195312
9721,9721,-10,239982,0.0078,0.0,89.84536743164062,105.27896118164062
9722,9722,-10,239996,0.0078,0.0,55.8619270324707,106.85446166992188
9723,9723,100,240015,0.0078,0.0,55.15322494506836,109.84265899658203
9724,9724,-10,240029,0.0078,0.0,93.06636047363281,93.26541137695312
9725,9725,-10,240044,0.0078,0.0,70.13538360595703,91.93391418457031
9726,9726,-10,240061,0.0078,0.0,185.33590698242188,76.34465026855469
9727,9727,-10,240077,0.0078,0.0,82.60090637207031,97.6837158203125
9728,9728,-10,240094,0.0078,0.0,70.54171752929688,86.5343017578125
9729,9729,-10,240109,0.0078,0.0,61.863182067871094,101.992919921875
9730,9730,-10,240123,0.0078,0.0,39.30805206298828,108.85903930664062
9731,9731,-10,240138,0.0078,0.0,136.60043334960938,97.01454162597656
9732,9732,-10,240154,0.0078,0.0,97.91865539550781,94.29898834228516
9733,9733,-10,240168,0.0078,0.0,98.78614807128906,94.18704223632812
9734,9734,-10,240184,0.0078,0.0,76.39787292480469,99.50347137451172
9735,9735,-10,240199,0.0078,0.0,112.0623779296875,100.64041900634766
9736,9736,100,240207,0.0078,0.0,146.13394165039062,85.551025390625
9737,9737,-10,240222,0.0078,0.0,78.5287094116211,95.77157592773438
9738,9738,-10,240237,0.0078,0.0,70.60688781738281,111.79927062988281
9739,9739,-10,240252,0.0078,0.0,75.1031723022461,97.65380859375
9740,9740,-10,240266,0.0078,0.0,100.84239196777344,95.53128814697266
9741,9741,-10,240281,0.0078,0.0,77.56980895996094,106.81159973144531
9742,9742,-10,240296,0.0078,0.0,142.3579559326172,92.65312194824219
9743,9743,-10,240323,0.0078,0.0,69.61698150634766,121.62266540527344
9744,9744,-10,240338,0.0078,0.0,72.16704559326172,101.22282409667969
9745,9745,-10,240354,0.0078,0.0,62.66399383544922,101.5844955444336
9746,9746,-10,240369,0.0078,0.0,150.8839111328125,92.2967300415039
9747,9747,-10,240383,0.0078,0.0,67.73863220214844,104.8918685913086
9748,9748,100,240397,0.0078,0.0,99.34369659423828,99.09642028808594
9749,9749,-10,240412,0.0078,0.0,68.15830993652344,90.87942504882812
9750,9750,-10,240427,0.0078,0.0,65.62386322021484,78.69071197509766
9751,9751,100,240450,0.006699999999999999,2.2,110.49932098388672,87.25322723388672
9752,9752,-10,240465,0.006699999999999999,2.2,136.23971557617188,89.88378143310547
9753,9753,-10,240480,0.006699999999999999,2.2,154.82156372070312,81.35566711425781
9754,9754,-10,240495,0.006699999999999999,2.2,88.83045196533203,102.47659301757812
9755,9755,-10,240521,0.006699999999999999,2.2,122.57682800292969,94.88410949707031
9756,9756,100,240537,0.006699999999999999,2.2,68.46214294433594,103.89865112304688
9757,9757,-10,240552,0.006699999999999999,2.2,56.1840934753418,101.51931762695312
9758,9758,-10,240567,0.006699999999999999,2.2,174.12454223632812,81.50836944580078
9759,9759,-10,240582,0.006699999999999999,2.2,39.84889221191406,118.66739654541016
9760,9760,-10,240598,0.006699999999999999,2.2,77.48176574707031,98.74880981445312
9761,9761,-10,240612,0.006699999999999999,2.2,155.01071166992188,77.46424102783203
9762,9762,-10,240626,0.006699999999999999,2.2,136.34397888183594,92.38072967529297
9763,9763,-10,240641,0.006699999999999999,2.2,59.98928451538086,104.34213256835938
9764,9764,100,240665,0.006699999999999999,2.2,40.14033508300781,101.98380279541016
9765,9765,-10,240679,0.006699999999999999,2.2,67.1526870727539,82.44554138183594
9766,9766,-10,240705,0.006699999999999999,2.2,99.9876480102539,87.40776062011719
9767,9767,-10,240720,0.006699999999999999,2.2,183.29916381835938,80.61262512207031
9768,9768,100,240728,0.006699999999999999,2.2,93.73526000976562,88.63955688476562
9769,9769,-10,240745,0.006699999999999999,2.2,120.9078369140625,101.96155548095703
9770,9770,100,240750,0.006699999999999999,2.2,100.64759826660156,104.59489440917969
9771,9771,-10,240776,0.006699999999999999,2.2,92.0560531616211,85.63314819335938
9772,9772,-10,240792,0.006699999999999999,2.2,58.17000198364258,106.2166748046875
9773,9773,-10,240806,0.006699999999999999,2.2,187.76779174804688,88.50180053710938
9774,9774,-10,240820,0.006699999999999999,2.2,49.893646240234375,109.91612243652344
9775,9775,-10,240835,0.006699999999999999,2.2,121.31826782226562,96.00859069824219
9776,9776,-10,240850,0.006699999999999999,2.2,168.87258911132812,90.44911193847656
9777,9777,-10,240864,0.006699999999999999,2.2,73.95782470703125,94.13011932373047
9778,9778,-10,240880,0.006699999999999999,2.2,74.3304214477539,69.41365814208984
9779,9779,-10,240895,0.006699999999999999,2.2,109.37922668457031,100.46422576904297
9780,9780,-10,240910,0.006699999999999999,2.2,75.19505310058594,88.28532409667969
9781,9781,100,240929,0.006699999999999999,2.2,85.53421020507812,86.3378677368164
9782,9782,-10,240944,0.006699999999999999,2.2,76.93222045898438,103.96266174316406
9783,9783,-10,240959,0.006699999999999999,2.2,59.17589569091797,84.40451049804688
9784,9784,-10,240974,0.006699999999999999,2.2,88.24513244628906,81.15260314941406
9785,9785,-10,240989,0.006699999999999999,2.2,55.12316131591797,88.11537170410156
9786,9786,-10,241005,0.006699999999999999,2.2,80.46064758300781,84.5924072265625
9787,9787,-10,241020,0.006699999999999999,2.2,98.65898895263672,86.05131530761719
9788,9788,-10,241035,0.006699999999999999,2.2,97.1307601928711,95.27600860595703
9789,9789,-10,241050,0.006699999999999999,2.2,77.24601745605469,89.3143539428711
9790,9790,-10,241064,0.006699999999999999,2.2,129.62628173828125,114.02639770507812
9791,9791,100,241077,0.006699999999999999,2.2,71.62335205078125,98.35496520996094
9792,9792,100,241083,0.006699999999999999,2.2,141.21697998046875,80.3050308227539
9793,9793,100,241091,0.006699999999999999,2.2,116.66966247558594,94.26438903808594
9794,9794,-10,241106,0.006699999999999999,2.2,53.00385284423828,89.28874969482422
9795,9795,-10,241121,0.006699999999999999,2.2,60.97513961791992,93.39376831054688
9796,9796,100,241127,0.006699999999999999,2.2,55.85992431640625,98.50076293945312
9797,9797,-10,241142,0.006699999999999999,2.2,75.10134887695312,75.61967468261719
9798,9798,100,241148,0.006699999999999999,2.2,56.102081298828125,91.75558471679688
9799,9799,-10,241163,0.006699999999999999,2.2,107.40597534179688,100.623779296875
9800,9800,-10,241178,0.006699999999999999,2.2,65.73812866210938,95.61813354492188
9801,9801,-10,241192,0.0023,8.799999999999999,76.03263092041016,78.88430786132812
9802,9802,100,241216,0.0023,8.799999999999999,61.86638641357422,87.80563354492188
9803,9803,100,241234,0.0023,8.799999999999999,53.848228454589844,78.29537963867188
9804,9804,100,241247,0.0023,8.799999999999999,60.7508659362793,89.22193908691406
9805,9805,-10,241263,0.0023,8.799999999999999,89.45670318603516,85.73059844970703
9806,9806,-10,241279,0.0023,8.799999999999999,70.61309051513672,88.02787017822266
9807,9807,-10,241304,0.0023,8.799999999999999,60.58745574951172,88.05494689941406
9808,9808,-10,241319,0.0023,8.799999999999999,73.91476440429688,92.0364761352539
9809,9809,-10,241335,0.0023,8.799999999999999,39.47751998901367,92.44637298583984
9810,9810,-10,241350,0.0023,8.799999999999999,141.054443359375,86.27656555175781
9811,9811,-10,241365,0.0023,8.799999999999999,123.9194564819336,69.40326690673828
9812,9812,-10,241380,0.0023,8.799999999999999,63.57109451293945,106.61392211914062
9813,9813,-10,241394,0.0023,8.799999999999999,50.190223693847656,91.04361724853516
9814,9814,-10,241408,0.0023,8.799999999999999,77.81340026855469,98.86851501464844
9815,9815,-10,241422,0.0023,8.799999999999999,45.607295989990234,101.932373046875
9816,9816,100,241430,0.0023,8.799999999999999,108.41114044189453,104.15892791748047
9817,9817,-10,241445,0.0023,8.799999999999999,59.123016357421875,79.07316589355469
9818,9818,-10,241460,0.0023,8.799999999999999,41.951202392578125,91.62015533447266
9819,9819,-10,241476,0.0023,8.799999999999999,83.1770248413086,94.24259185791016
9820,9820,-10,241492,0.0023,8.799999999999999,132.30859375,99.57476806640625
9821,9821,-10,241507,0.0023,8.799999999999999,57.97064208984375,93.05938720703125
9822,9822,-10,241521,0.0023,8.799999999999999,80.02606201171875,104.42906951904297
9823,9823,-10,241536,0.0023,8.799999999999999,85.81158447265625,88.5174789428711
9824,9824,-10,241551,0.0023,8.799999999999999,90.87899780273438,95.16149139404297
9825,9825,-10,241566,0.0023,8.799999999999999,109.670654296875,109.45655059814453
9826,9826,-10,241581,0.0023,8.799999999999999,32.42771911621094,97.71981811523438
9827,9827,-10,241596,0.0023,8.799999999999999,80.59404754638672,74.63956451416016
9828,9828,100,241604,0.0023,8.799999999999999,93.52965545654297,76.806640625
9829,9829,-10,241620,0.0023,8.799999999999999,78.88458251953125,104.612548828125
9830,9830,-10,241635,0.0023,8.799999999999999,63.024139404296875,81.58026885986328
9831,9831,100,241640,0.0023,8.799999999999999,44.971256256103516,97.93036651611328
9832,9832,-10,241655,0.0023,8.799999999999999,66.16574096679688,94.16140747070312
9833,9833,100,241662,0.0023,8.799999999999999,125.14798736572266,95.91314697265625
9834,9834,-10,241677,0.0023,8.799999999999999,37.27198028564453,98.88430786132812
9835,9835,-10,241691,0.0023,8.799999999999999,62.008941650390625,88.65777587890625
9836,9836,100,241708,0.0023,8.799999999999999,138.11766052246094,89.90267944335938
9837,9837,-10,241723,0.0023,8.799999999999999,86.61158752441406,107.49774932861328
9838,9838,-10,241738,0.0023,8.799999999999999,91.25790405273438,101.55136108398438
9839,9839,-10,241754,0.0023,8.799999999999999,43.202362060546875,89.67679595947266
9840,9840,-10,241769,0.0023,8.799999999999999,142.0456085205078,92.43988037109375
9841,9841,100,241777,0.0023,8.799999999999999,61.56837463378906,90.87718200683594
9842,9842,-10,241792,0.0023,8.799999999999999,120.65877532958984,85.31590270996094
9843,9843,100,241815,0.0023,8.799999999999999,92.3810806274414,105.1397933959961
9844,9844,-10,241831,0.0023,8.799999999999999,64.54998779296875,97.652099609375
9845,9845,-10,241846,0.0023,8.799999999999999,132.12452697753906,75.48374938964844
9846,9846,-10,241861,0.0023,8.799999999999999,46.456764221191406,92.86483764648438
9847,9847,-10,241876,0.0023,8.799999999999999,61.039573669433594,88.08582305908203
9848,9848,-10,241890,0.0023,8.799999999999999,141.16226196289062,80.13970947265625
9849,9849,-10,241906,0.0023,8.799999999999999,147.36727905273438,85.77784729003906
9850,9850,-10,241920,0.0023,8.799999999999999,64.65362548828125,101.03034973144531
9851,9851,-10,241935,0.0033999999999999994,-2.1999999999999993,141.30592346191406,97.7142105102539
9852,9852,-10,241950,0.0033999999999999994,-2.1999999999999993,230.71218872070312,94.35104370117188
9853,9853,100,241958,0.0033999999999999994,-2.1999999999999993,74.4886474609375,100.85631561279297
9854,9854,-10,241973,0.0033999999999999994,-2.1999999999999993,113.32965087890625,82.91708374023438
9855,9855,-10,241988,0.0033999999999999994,-2.1999999999999993,116.02479553222656,84.71318817138672
9856,9856,-10,242002,0.0033999999999999994,-2.1999999999999993,68.61637878417969,98.73622131347656
9857,9857,-10,242016,0.0033999999999999994,-2.1999999999999993,96.94232177734375,88.85710144042969
9858,9858,-10,242032,0.0033999999999999994,-2.1999999999999993,99.23865509033203,96.82200622558594
9859,9859,-10,242047,0.0033999999999999994,-2.1999999999999993,145.65679931640625,104.0124282836914
9860,9860,100,242053,0.0033999999999999994,-2.1999999999999993,59.47016906738281,95.31319427490234
9861,9861,100,242076,0.0033999999999999994,-2.1999999999999993,60.068931579589844,97.19670867919922
9862,9862,-10,242091,0.0033999999999999994,-2.1999999999999993,85.27644348144531,103.78199768066406
9863,9863,-10,242106,0.0033999999999999994,-2.1999999999999993,68.28884887695312,95.182373046875
9864,9864,-10,242121,0.0033999999999999994,-2.1999999999999993,52.40876007080078,96.18115234375
9865,9865,-10,242136,0.0033999999999999994,-2.1999999999999993,111.42646789550781,89.68054962158203
9866,9866,-10,242151,0.0033999999999999994,-2.1999999999999993,57.95252227783203,89.67803192138672
9867,9867,-10,242166,0.0033999999999999994,-2.1999999999999993,43.8734130859375,107.90803527832031
9868,9868,-10,242181,0.0033999999999999994,-2.1999999999999993,77.16007995605469,90.42843627929688
9869,9869,-10,242195,0.0033999999999999994,-2.1999999999999993,50.61008834838867,93.94254302978516
9870,9870,100,242203,0.0033999999999999994,-2.1999999999999993,122.03971862792969,101.39788055419922
9871,9871,-10,242218,0.0033999999999999994,-2.1999999999999993,88.46320343017578,95.90809631347656
9872,9872,-10,242234,0.0033999999999999994,-2.1999999999999993,97.8446044921875,82.80877685546875
9873,9873,-10,242250,0.0033999999999999994,-2.1999999999999993,95.69039154052734,94.81028747558594
9874,9874,-10,242265,0.0033999999999999994,-2.1999999999999993,52.42304611206055,101.16874694824219
9875,9875,-10,242281,0.0033999999999999994,-2.1999999999999993,49.83802032470703,83.34245300292969
9876,9876,-10,242295,0.0033999999999999994,-2.1999999999999993,106.10216522216797,92.04559326171875
9877,9877,100,242301,0.0033999999999999994,-2.1999999999999993,102.17323303222656,88.28437805175781
9878,9878,-10,242315,0.0033999999999999994,-2.1999999999999993,136.4043426513672,79.68386840820312
9879,9879,-10,242330,0.0033999999999999994,-2.1999999999999993,94.54960632324219,103.81831359863281
9880,9880,100,242354,0.0033999999999999994,-2.1999999999999993,71.25569915771484,89.88327026367188
9881,9881,-10,242369,0.0033999999999999994,-2.1999999999999993,75.81465911865234,99.78317260742188
9882,9882,-10,242385,0.0033999999999999994,-2.1999999999999993,123.15802001953125,99.8931884765625
9883,9883,-10,242400,0.0033999999999999994,-2.1999999999999993,92.32449340820312,104.94728088378906
9884,9884,-10,242415,0.0033999999999999994,-2.1999999999999993,55.54900360107422,88.7901382446289
9885,9885,-10,242429,0.0033999999999999994,-2.1999999999999993,79.68766021728516,82.12074279785156
9886,9886,-10,242444,0.0033999999999999994,-2.1999999999999993,90.4293212890625,82.1731948852539
9887,9887,-10,242460,0.0033999999999999994,-2.1999999999999993,100.85736083984375,90.69231414794922
9888,9888,-10,242475,0.0033999999999999994,-2.1999999999999993,125.72109985351562,88.59852600097656
9889,9889,100,242481,0.0033999999999999994,-2.1999999999999993,59.29519271850586,86.83670043945312
9890,9890,-10,242496,0.0033999999999999994,-2.1999999999999993,150.22894287109375,68.40065002441406
9891,9891,-10,242510,0.0033999999999999994,-2.1999999999999993,59.78868865966797,101.46150207519531
9892,9892,-10,242524,0.0033999999999999994,-2.1999999999999993,84.96505737304688,88.17157745361328
9893,9893,-10,242539,0.0033999999999999994,-2.1999999999999993,147.75242614746094,90.60823059082031
9894,9894,-10,242554,0.0033999999999999994,-2.1999999999999993,77.00779724121094,86.33224487304688
9895,9895,100,242573,0.0033999999999999994,-2.1999999999999993,72.95294189453125,87.08177185058594
9896,9896,-10,242587,0.0033999999999999994,-2.1999999999999993,52.05680847167969,100.65111541748047
9897,9897,-10,242602,0.0033999999999999994,-2.1999999999999993,131.44886779785156,96.94833374023438
9898,9898,-10,242616,0.0033999999999999994,-2.1999999999999993,74.01181030273438,88.306396484375
9899,9899,-10,242631,0.0033999999999999994,-2.1999999999999993,81.17097473144531,87.53364562988281
9900,9900,-10,242647,0.0033999999999999994,-2.1999999999999993,72.91897583007812,83.18157196044922
9901,9901,-10,242662,0.005599999999999999,-4.4,59.55635452270508,95.94844055175781
9902,9902,-10,242676,0.005599999999999999,-4.4,60.24200439453125,93.33695983886719
9903,9903,-10,242691,0.005599999999999999,-4.4,67.44347381591797,98.09589385986328
9904,9904,-10,242705,0.005599999999999999,-4.4,253.86566162109375,93.26467895507812
9905,9905,-10,242719,0.005599999999999999,-4.4,54.79916763305664,89.61338806152344
9906,9906,-10,242735,0.005599999999999999,-4.4,58.52763748168945,86.30711364746094
9907,9907,100,242752,0.005599999999999999,-4.4,197.88229370117188,91.33732604980469
9908,9908,-10,242768,0.005599999999999999,-4.4,115.6322021484375,86.30537414550781
9909,9909,-10,242782,0.005599999999999999,-4.4,137.71932983398438,89.70393371582031
9910,9910,-10,242796,0.005599999999999999,-4.4,162.90298461914062,76.80096435546875
9911,9911,-10,242810,0.005599999999999999,-4.4,71.39947509765625,95.03846740722656
9912,9912,-10,242827,0.005599999999999999,-4.4,79.76434326171875,91.8486557006836
9913,9913,-10,242842,0.005599999999999999,-4.4,48.832237243652344,84.85169982910156
9914,9914,-10,242857,0.005599999999999999,-4.4,81.12283325195312,108.81330871582031
9915,9915,-10,242873,0.005599999999999999,-4.4,109.05448150634766,96.2226791381836
9916,9916,-10,242888,0.005599999999999999,-4.4,121.69538879394531,100.70054626464844
9917,9917,-10,242903,0.005599999999999999,-4.4,79.76587677001953,83.06078338623047
9918,9918,-10,242917,0.005599999999999999,-4.4,63.445228576660156,86.28756713867188
9919,9919,-10,242931,0.005599999999999999,-4.4,34.37480163574219,88.87747192382812
9920,9920,-10,242945,0.005599999999999999,-4.4,76.54556274414062,98.32579803466797
9921,9921,100,242951,0.005599999999999999,-4.4,105.16429901123047,93.77623748779297
9922,9922,-10,242965,0.005599999999999999,-4.4,115.83749389648438,97.06390380859375
9923,9923,-10,242979,0.005599999999999999,-4.4,88.07496643066406,84.94505310058594
9924,9924,-10,242995,0.005599999999999999,-4.4,73.59613800048828,97.35690307617188
9925,9925,-10,243009,0.005599999999999999,-4.4,42.727073669433594,102.8664779663086
9926,9926,-10,243023,0.005599999999999999,-4.4,69.74455261230469,99.03812408447266
9927,9927,-10,243037,0.005599999999999999,-4.4,80.24954986572266,87.34132385253906
9928,9928,-10,243052,0.005599999999999999,-4.4,138.84893798828125,80.23710632324219
9929,9929,-10,243066,0.005599999999999999,-4.4,152.93634033203125,90.04525756835938
9930,9930,-10,243081,0.005599999999999999,-4.4,74.31446075439453,69.4429931640625
9931,9931,-10,243096,0.005599999999999999,-4.4,72.17667388916016,94.84217071533203
9932,9932,100,243114,0.005599999999999999,-4.4,67.86637115478516,92.89216613769531
9933,9933,-10,243129,0.005599999999999999,-4.4,57.05710220336914,94.08541107177734
9934,9934,-10,243143,0.005599999999999999,-4.4,67.89507293701172,85.33172607421875
9935,9935,-10,243158,0.005599999999999999,-4.4,103.59294891357422,104.91087341308594
9936,9936,-10,243173,0.005599999999999999,-4.4,97.79267883300781,71.46521759033203
9937,9937,-10,243188,0.005599999999999999,-4.4,109.28680419921875,84.21112060546875
9938,9938,-10,243202,0.005599999999999999,-4.4,144.9527587890625,84.49420166015625
9939,9939,-10,243216,0.005599999999999999,-4.4,66.46967315673828,92.99600219726562
9940,9940,-10,243232,0.005599999999999999,-4.4,66.30990600585938,81.85928344726562
9941,9941,-10,243246,0.005599999999999999,-4.4,101.55036926269531,96.5420150756836
9942,9942,100,243263,0.005599999999999999,-4.4,49.049652099609375,95.41107177734375
9943,9943,100,243286,0.005599999999999999,-4.4,51.36182403564453,84.8209228515625
9944,9944,-10,243301,0.005599999999999999,-4.4,87.65087890625,86.67705535888672
9945,9945,-10,243315,0.005599999999999999,-4.4,102.00224304199219,95.01226043701172
9946,9946,-10,243330,0.005599999999999999,-4.4,93.38298034667969,91.63381958007812
9947,9947,-10,243345,0.005599999999999999,-4.4,211.69459533691406,92.67469787597656
9948,9948,100,243352,0.005599999999999999,-4.4,54.001983642578125,83.80088806152344
9949,9949,-10,243368,0.005599999999999999,-4.4,70.485107421875,86.8624038696289
9950,9950,-10,243383,0.005599999999999999,-4.4,135.61109924316406,85.95979309082031
9951,9951,-10,243398,0.007799999999999999,-4.3999999999999995,107.38447570800781,86.02983093261719
9952,9952,-10,243414,0.007799999999999999,-4.3999999999999995,59.738624572753906,82.98006439208984
9953,9953,-10,243429,0.007799999999999999,-4.3999999999999995,184.32505798339844,74.6219253540039
9954,9954,-10,243445,0.007799999999999999,-4.3999999999999995,94.90512084960938,85.78382873535156
9955,9955,100,243459,0.007799999999999999,-4.3999999999999995,250.6777801513672,89.3011474609375
9956,9956,100,243482,0.007799999999999999,-4.3999999999999995,93.06498718261719,90.34353637695312
9957,9957,100,243488,0.007799999999999999,-4.3999999999999995,59.07783889770508,94.89347839355469
9958,9958,-10,243503,0.007799999999999999,-4.3999999999999995,59.02943801879883,91.61405944824219
9959,9959,-10,243520,0.007799999999999999,-4.3999999999999995,44.24097442626953,90.63584899902344
9960,9960,-10,243535,0.007799999999999999,-4.3999999999999995,55.58869171142578,83.68701171875
9961,9961,100,243554,0.007799999999999999,-4.3999999999999995,99.72175598144531,86.78305053710938
9962,9962,-10,243569,0.007799999999999999,-4.3999999999999995,111.4371337890625,97.09194946289062
9963,9963,-10,243584,0.007799999999999999,-4.3999999999999995,171.57723999023438,80.83082580566406
9964,9964,-10,243600,0.007799999999999999,-4.3999999999999995,52.168861389160156,78.55992126464844
9965,9965,-10,243617,0.007799999999999999,-4.3999999999999995,40.70500946044922,95.89678192138672
9966,9966,100,243638,0.007799999999999999,-4.3999999999999995,54.73652648925781,88.78397369384766
9967,9967,-10,243655,0.007799999999999999,-4.3999999999999995,144.80072021484375,96.2813491821289
9968,9968,-10,243670,0.007799999999999999,-4.3999999999999995,96.09146881103516,95.94976806640625
9969,9969,-10,243687,0.007799999999999999,-4.3999999999999995,58.40753173828125,90.7742919921875
9970,9970,-10,243703,0.007799999999999999,-4.3999999999999995,46.78452682495117,84.70832061767578
9971,9971,-10,243721,0.007799999999999999,-4.3999999999999995,67.27360534667969,71.34894561767578
9972,9972,-10,243736,0.007799999999999999,-4.3999999999999995,65.62013244628906,86.05970764160156
9973,9973,-10,243751,0.007799999999999999,-4.3999999999999995,57.96144104003906,88.27842712402344
9974,9974,-10,243766,0.007799999999999999,-4.3999999999999995,275.4369201660156,82.7315902709961
9975,9975,100,243789,0.007799999999999999,-4.3999999999999995,51.785343170166016,82.6479721069336
9976,9976,-10,243804,0.007799999999999999,-4.3999999999999995,90.2596435546875,92.30105590820312
9977,9977,-10,243819,0.007799999999999999,-4.3999999999999995,66.91294860839844,96.06536102294922
9978,9978,-10,243834,0.007799999999999999,-4.3999999999999995,54.49633026123047,95.51043701171875
9979,9979,100,243847,0.007799999999999999,-4.3999999999999995,74.15442657470703,81.36531829833984
9980,9980,-10,243862,0.007799999999999999,-4.3999999999999995,61.91741943359375,78.01453399658203
9981,9981,-10,243876,0.007799999999999999,-4.3999999999999995,106.12506103515625,86.5617904663086
9982,9982,-10,243890,0.007799999999999999,-4.3999999999999995,76.11878204345703,81.95448303222656
9983,9983,-10,243904,0.007799999999999999,-4.3999999999999995,184.80044555664062,94.3506088256836
9984,9984,-10,243920,0.007799999999999999,-4.3999999999999995,66.54185485839844,91.58149719238281
9985,9985,-10,243935,0.007799999999999999,-4.3999999999999995,125.28855895996094,79.62639617919922
9986,9986,-10,243950,0.007799999999999999,-4.3999999999999995,85.90023803710938,90.01220703125
9987,9987,100,243956,0.007799999999999999,-4.3999999999999995,60.739356994628906,85.51422882080078
9988,9988,-10,243972,0.007799999999999999,-4.3999999999999995,122.17369079589844,65.1408462524414
9989,9989,100,243986,0.007799999999999999,-4.3999999999999995,84.95927429199219,82.245849609375
9990,9990,-10,244001,0.007799999999999999,-4.3999999999999995,57.22285842895508,75.49423217773438
9991,9991,-10,244017,0.007799999999999999,-4.3999999999999995,139.31924438476562,83.63323211669922
9992,9992,-10,244032,0.007799999999999999,-4.3999999999999995,67.8620376586914,84.61772155761719
9993,9993,-10,244046,0.007799999999999999,-4.3999999999999995,86.00318145751953,94.78366088867188
9994,9994,-10,244061,0.007799999999999999,-4.3999999999999995,94.40647888183594,89.404052734375
9995,9995,-10,244076,0.007799999999999999,-4.3999999999999995,58.84307098388672,91.51190185546875
9996,9996,-10,244090,0.007799999999999999,-4.3999999999999995,82.58983612060547,98.24342346191406
9997,9997,-10,244106,0.007799999999999999,-4.3999999999999995,140.463623046875,85.62867736816406
9998,9998,-10,244132,0.007799999999999999,-4.3999999999999995,81.55604553222656,96.35039520263672
9999,9999,-10,244147,0.007799999999999999,-4.3999999999999995,138.20458984375,95.12712097167969
